{"id": "25137862", "pred": " Based on the provided graph and node attributes, the genre of the book \"FREEFALL (The Indigo Lounge Series Book 5)\" is Romance.", "label": "r|o|m|a|n|c|e", "question": "Predict the genre (fiction, non-fiction or romance) of the book 'FREEFALL (The Indigo Lounge Series Book 5)'. Answer precisely (60 words)", "desc": "node_attr,node_id\nnext-books-to-read,59\nbooks,73\nindigo-lounge-by-zara-cox,86\nmust-read-next,92\n\nsrc,edge_attr,dst\n25137862,shelf,92\n25137862,shelf,86\n25137862,shelf,59\n"}
{"id": "25150020", "pred": " Based on the given data, I predict that the book \"Bless This Love\" belongs to the romance genre.", "label": "r|o|m|a|n|c|e", "question": "Predict the genre (fiction, non-fiction or romance) of the book 'Bless This Love'. Answer precisely (60 words)", "desc": "node_attr,node_id\n7027989,0\nto-read,1\ncurrently-reading,2\n,4\n\nsrc,edge_attr,dst\n"}
{"id": "16103388", "pred": " Based on the given data, the book's genre is romance.", "label": "f|i|c|t|i|o|n", "question": "Predict the genre (fiction, non-fiction or romance) of the book '\u0e08\u0e2d\u0e21\u0e42\u0e08\u0e23\u0e04\u0e19\u0e07\u0e32\u0e21 (\u0e27\u0e34\u0e27\u0e32\u0e2b\u0e4c\u0e1a\u0e38\u0e1b\u0e1c\u0e32\u0e07\u0e32\u0e21, #1)'. Answer precisely (60 words)", "desc": "node_attr,node_id\n5622158,1\n4037407,2\nto-read,3\njamsai-more-than-love,6\naecchmais,8\n\nsrc,edge_attr,dst\n16103388,shelf,6\n"}
{"id": "8690875", "pred": " Based on the provided data, the genre of the book \"World War II Quilts\" can be predicted as non-fiction.", "label": "n|o|n|-|f|i|c|t|i|o|n", "question": "Predict the genre (fiction, non-fiction or romance) of the book 'World War II Quilts'. Answer precisely (60 words)", "desc": "node_attr,node_id\nHardcover,2\nSchiffer Publishing,3\n\nsrc,edge_attr,dst\n"}
{"id": "6276931", "pred": " Based on the provided graph, the genre of the book \"Matrimonio De Conveniencia (The Rancher And The Redhead) (Harlequin Deseo, No 35163)\" is romance.", "label": "r|o|m|a|n|c|e", "question": "Predict the genre (fiction, non-fiction or romance) of the book 'Matrimonio De Conveniencia  (The Rancher And The Redhead) (Harlequin Deseo, No 35163)'. Answer precisely (60 words)", "desc": "node_attr,node_id\nto-read,1\nromance,2\nharlequin,4\nPaperback,5\n\nsrc,edge_attr,dst\n"}
{"id": "18213682", "pred": " Based on the provided data, the book \"Are You My Daddy? (Doctor 911, #8)\" is likely to be a romance novel.", "label": "r|o|m|a|n|c|e", "question": "Predict the genre (fiction, non-fiction or romance) of the book 'Are You My Daddy? (Doctor 911, #8)'. Answer precisely (60 words)", "desc": "node_attr,node_id\n28049,0\ndoctor-911,8\nbaby-child-pregnancy,25\ndoctor,30\n\nsrc,edge_attr,dst\n18213682,shelf,30\n18213682,shelf,25\n18213682,shelf,8\n"}
{"id": "1892388", "pred": " Based on the provided data, the book \"Her Ideal Man (The Last Roundup, #3)\" belongs to the romance genre with a confidence score of 72.", "label": "r|o|m|a|n|c|e", "question": "Predict the genre (fiction, non-fiction or romance) of the book 'Her Ideal Man (The Last Roundup, #3)'. Answer precisely (60 words)", "desc": "node_attr,node_id\ncategory-romance,11\nserial-romance,13\nheartwarming-romance-or-story,72\n\nsrc,edge_attr,dst\n1892388,shelf,13\n1892388,shelf,11\n"}
{"id": "23239653", "pred": " Based on the given data, the genre of the book \"How to Rope a McCoy (Hell Yeah!, #15)\" can be predicted as Romance (7).", "label": "r|o|m|a|n|c|e", "question": "Predict the genre (fiction, non-fiction or romance) of the book 'How to Rope a McCoy (Hell Yeah!, #15)'. Answer precisely (60 words)", "desc": "node_attr,node_id\ncowboys,2\ncowboy,5\nvirgin-heroine,7\n\nsrc,edge_attr,dst\n23239653,shelf,5\n23239653,shelf,2\n"}
{"id": "20503096", "pred": " Based on the provided data, the genre of the book \"Jazz\" can be predicted as fiction.", "label": "f|i|c|t|i|o|n", "question": "Predict the genre (fiction, non-fiction or romance) of the book 'Jazz'. Answer precisely (60 words)", "desc": "node_attr,node_id\n,3\n\nsrc,edge_attr,dst\n20503096,format,3\n"}
{"id": "11858116", "pred": " Based on the given data, I would predict that the book \"Amanh\u00e3 \u00c0 Mesma Hora: Di\u00e1rio De Uma Stripper Portuguesa\" belongs to the genre of non-fiction.", "label": "n|o|n|-|f|i|c|t|i|o|n", "question": "Predict the genre (fiction, non-fiction or romance) of the book 'Amanh\u00e3 \u00c0 Mesma Hora: Di\u00e1rio De Uma Stripper Portuguesa'. Answer precisely (60 words)", "desc": "node_attr,node_id\nbiografias,4\nautores-portugueses,5\nliterature-portuguese,14\n\nsrc,edge_attr,dst\n11858116,shelf,14\n11858116,shelf,5\n"}
{"id": "19440719", "pred": " Based on the provided data, I would predict that the book \"Sharing My Husband with Kelly, An MFF Threesome Sex Short\" belongs to the genre of \"erotica/romance\".", "label": "f|i|c|t|i|o|n", "question": "Predict the genre (fiction, non-fiction or romance) of the book 'Sharing My Husband with Kelly, An MFF Threesome Sex Short'. Answer precisely (60 words)", "desc": "node_attr,node_id\n6566151,0\n,1\n\nsrc,edge_attr,dst\n"}
{"id": "9777845", "pred": " Based on the provided data, the genre of the book \"Colorado Past and Present\" can be predicted as non-fiction.", "label": "n|o|n|-|f|i|c|t|i|o|n", "question": "Predict the genre (fiction, non-fiction or romance) of the book 'Colorado Past and Present'. Answer precisely (60 words)", "desc": "node_attr,node_id\nto-read,1\nHardcover,2\nThunder Bay Press,3\n\nsrc,edge_attr,dst\n"}
{"id": "2266097", "pred": " Based on the provided data, the genre of the book \"A More Excellent Way\" can be predicted as non-fiction with a confidence score of 9 (9/10).", "label": "n|o|n|-|f|i|c|t|i|o|n", "question": "Predict the genre (fiction, non-fiction or romance) of the book 'A More Excellent Way'. Answer precisely (60 words)", "desc": "node_attr,node_id\nto-read,1\nspiritual,7\n,9\n\nsrc,edge_attr,dst\n"}
{"id": "27859395", "pred": " Based on the given data, the genre of the book \"The Job\" is fiction.", "label": "r|o|m|a|n|c|e", "question": "Predict the genre (fiction, non-fiction or romance) of the book 'The Job'. Answer precisely (60 words)", "desc": "node_attr,node_id\nto-read,1\ncurrently-reading,2\ndid-not-finish,3\nromance,5\n,7\n\nsrc,edge_attr,dst\n27859395,shelf,5\n27859395,shelf,2\n"}
{"id": "34037146", "pred": " Based on the provided data, the genre of the book \"Please Boss\" can be predicted as romance with a confidence score of 80%. This is because the book's author, \"boss\", is associated with the romance genre, as seen in the node_attr column.", "label": "r|o|m|a|n|c|e", "question": "Predict the genre (fiction, non-fiction or romance) of the book 'Please Boss'. Answer precisely (60 words)", "desc": "node_attr,node_id\nto-read,2\nfreebie,8\nvirgin,10\nboss,12\n,17\n\nsrc,edge_attr,dst\n34037146,shelf,12\n34037146,shelf,8\n"}
{"id": "3430222", "pred": " Based on the provided graph, the book \"Death by Love: Letters from the Cross\" belongs to the genre of non-fiction.", "label": "n|o|n|-|f|i|c|t|i|o|n", "question": "Predict the genre (fiction, non-fiction or romance) of the book 'Death by Love: Letters from the Cross'. Answer precisely (60 words)", "desc": "node_attr,node_id\nchristian-living,9\nchristian-to-read,17\ncrucifixion,35\nchristian-literature,37\n\nsrc,edge_attr,dst\n3430222,shelf,37\n3430222,shelf,35\n3430222,shelf,17\n"}
{"id": "917297", "pred": " Based on the provided data, the genre of the book \"Making Doll Furniture in Wood: 30 Projects and Plans Perfectly Sized for American Girl and Other 18 Inch Dolls\" is non-fiction.", "label": "n|o|n|-|f|i|c|t|i|o|n", "question": "Predict the genre (fiction, non-fiction or romance) of the book 'Making Doll Furniture in Wood: 30 Projects and Plans Perfectly Sized for American Girl and Other 18 Inch Dolls'. Answer precisely (60 words)", "desc": "node_attr,node_id\n384589,0\nto-read,1\nPaperback,2\nFox Chapel Publishing,3\n\nsrc,edge_attr,dst\n"}
{"id": "533210", "pred": " Based on the given data, the genre of the book \"The Ice-cream Headache & Other Stories\" can be predicted as \"short-stories\".", "label": "f|i|c|t|i|o|n", "question": "Predict the genre (fiction, non-fiction or romance) of the book 'The Ice-cream Headache & Other Stories'. Answer precisely (60 words)", "desc": "node_attr,node_id\ncurrently-reading,4\nshort-stories,5\n20th-century-lit,6\nPaperback,7\nAkashic Books,8\n\nsrc,edge_attr,dst\n"}
{"id": "1611489", "pred": " Based on the given graph, the genre of the book \"Woodcraft and Camping\" is non-fiction.", "label": "n|o|n|-|f|i|c|t|i|o|n", "question": "Predict the genre (fiction, non-fiction or romance) of the book 'Woodcraft and Camping'. Answer precisely (60 words)", "desc": "node_attr,node_id\ncurrently-reading,1\namazon,4\nPaperback,6\nDover Publications,7\n\nsrc,edge_attr,dst\n"}
{"id": "13629891", "pred": " Based on the provided data, the book 'West Wing to Maternity Wing!' belongs to the genre of non-fiction. The edge attributes 'to-read' and 'medical' indicate that the book is related to non-fiction, and the node attribute 'medical' further confirms", "label": "r|o|m|a|n|c|e", "question": "Predict the genre (fiction, non-fiction or romance) of the book 'West Wing to Maternity Wing!'. Answer precisely (60 words)", "desc": "node_attr,node_id\nto-read,1\nmedical,2\nharlequin,3\nHarlequin,5\n\nsrc,edge_attr,dst\n"}
{"id": "6018812", "pred": " Based on the provided data, the predicted genre of the book \"\u3044\u3051\u3044\u3051\uff01\u3055\u304f\u3089 1 (Ike Ike! Sakura, #1)\" is Romance.", "label": "r|o|m|a|n|c|e", "question": "Predict the genre (fiction, non-fiction or romance) of the book '\u3044\u3051\u3044\u3051\uff01\u3055\u304f\u3089 1 (Ike Ike! Sakura, #1)'. Answer precisely (60 words)", "desc": "node_attr,node_id\njpn,3\n\nsrc,edge_attr,dst\n6018812,language_code,3\n"}
{"id": "20454653", "pred": " Based on the given data, the genre of the book \"A Christmas to Remember\" can be predicted as romance with a confidence score of 60%. The edge attributes \"christmas-romance\" and \"christmas-story\" point towards this genre.", "label": "r|o|m|a|n|c|e", "question": "Predict the genre (fiction, non-fiction or romance) of the book 'A Christmas to Remember'. Answer precisely (60 words)", "desc": "node_attr,node_id\nchristmas-romance,13\nchristmas-stories,70\nchristmas-story,95\nPaperback,105\n\nsrc,edge_attr,dst\n20454653,shelf,95\n20454653,shelf,70\n20454653,shelf,13\n"}
{"id": "34072709", "pred": " Based on the given data, the predicted genre of the book \"Honor My Gangsta (Your Spouse, My Sponsor Book 3)\" is romance.", "label": "f|i|c|t|i|o|n", "question": "Predict the genre (fiction, non-fiction or romance) of the book 'Honor My Gangsta (Your Spouse, My Sponsor Book 3)'. Answer precisely (60 words)", "desc": "node_attr,node_id\ncurrently-reading,1\nurban-fiction,3\n\nsrc,edge_attr,dst\n"}
{"id": "17561306", "pred": " Based on the provided data, the book 'Good Question (Q&A, #1)' is likely to be a non-fiction book, with an opinion score of 81.", "label": "r|o|m|a|n|c|e", "question": "Predict the genre (fiction, non-fiction or romance) of the book 'Good Question (Q&A, #1)'. Answer precisely (60 words)", "desc": "node_attr,node_id\nopinions-too-damn-short,28\nnovella,68\npart-of-a-series,81\nit-was-good,94\n\nsrc,edge_attr,dst\n17561306,shelf,94\n17561306,shelf,81\n17561306,shelf,28\n"}
{"id": "32930312", "pred": " Based on the given data, the genre of the book \"Snacks From Up Above\" can be predicted as non-fiction.", "label": "f|i|c|t|i|o|n", "question": "Predict the genre (fiction, non-fiction or romance) of the book 'Snacks From Up Above'. Answer precisely (60 words)", "desc": "node_attr,node_id\n13836971,0\nlove-sterek-verse,16\nfreebie,19\nAO3,28\n\nsrc,edge_attr,dst\n32930312,publisher,28\n32930312,shelf,19\n32930312,shelf,16\n"}
{"id": "335392", "pred": " Based on the given data, the genre of the book \"Visionary Compacts\" can be predicted as non-fiction.", "label": "n|o|n|-|f|i|c|t|i|o|n", "question": "Predict the genre (fiction, non-fiction or romance) of the book 'Visionary Compacts'. Answer precisely (60 words)", "desc": "node_attr,node_id\nUniversity of Wisconsin Press,7\n\nsrc,edge_attr,dst\n335392,publisher,7\n"}
{"id": "33149599", "pred": " Based on the given data, the genre of the book \"Snowbound: A Chicklit Christmas Novella\" is Chicklit (60 words).", "label": "r|o|m|a|n|c|e", "question": "Predict the genre (fiction, non-fiction or romance) of the book 'Snowbound: A Chicklit Christmas Novella'. Answer precisely (60 words)", "desc": "node_attr,node_id\nto-read,1\nebook,2\nMonique McDonell,3\n\nsrc,edge_attr,dst\n"}
{"id": "2923830", "pred": " Based on the given graph, the genre of the book \"Mammoth Book Of Modern S.F.: Short Novels Of The 1980's\" is science fiction (src=22).", "label": "f|i|c|t|i|o|n", "question": "Predict the genre (fiction, non-fiction or romance) of the book 'Mammoth Book Of Modern S.F.: Short Novels Of The 1980's'. Answer precisely (60 words)", "desc": "node_attr,node_id\nscience-fiction-to-purchase,10\nmammoth-books,16\nfiction-add-science,22\nshort-stories,26\n\nsrc,edge_attr,dst\n2923830,shelf,26\n2923830,shelf,16\n2923830,shelf,10\n"}
{"id": "491997", "pred": " Based on the provided data, the genre of the book \"Sound on Sound\" can be predicted as non-fiction with a confidence score of 80%. The edge attributes \"to-read\" and \"Dalkey Archive\" suggest that the book is a valuable and important work, while the node attribute", "label": "f|i|c|t|i|o|n", "question": "Predict the genre (fiction, non-fiction or romance) of the book 'Sound on Sound'. Answer precisely (60 words)", "desc": "node_attr,node_id\nto-read,1\ndalkey-archive,2\nDalkey Archive Press,4\n\nsrc,edge_attr,dst\n"}
{"id": "12024040", "pred": " Based on the given data, the genre of the book \"Down Syndrome Parenting 101: Must-Have Advice for Making Your Life Easier\" is non-fiction.", "label": "n|o|n|-|f|i|c|t|i|o|n", "question": "Predict the genre (fiction, non-fiction or romance) of the book 'Down Syndrome Parenting 101: Must-Have Advice for Making Your Life Easier'. Answer precisely (60 words)", "desc": "node_attr,node_id\nto-read,2\ncurrently-reading,3\nowned,4\ndown-syndrome,5\nPaperback,6\nWoodbine House,7\n\nsrc,edge_attr,dst\n"}
{"id": "317106", "pred": " Based on the provided data, the genre of the book \"Priceless: On Knowing The Price Of Everything And The Value Of Nothing\" can be predicted as non-fiction.", "label": "n|o|n|-|f|i|c|t|i|o|n", "question": "Predict the genre (fiction, non-fiction or romance) of the book 'Priceless: On Knowing The Price Of Everything And The Value Of Nothing'. Answer precisely (60 words)", "desc": "node_attr,node_id\neconomics,3\npublic-policy,6\nThe New Press,11\n\nsrc,edge_attr,dst\n317106,publisher,11\n317106,shelf,3\n"}
{"id": "32956384", "pred": " Based on the provided data, the genre of the book \"One Minute with Jesus for Women Milano Softone\u2122\" can be predicted as non-fiction.", "label": "n|o|n|-|f|i|c|t|i|o|n", "question": "Predict the genre (fiction, non-fiction or romance) of the book 'One Minute with Jesus for Women Milano Softone\u2122'. Answer precisely (60 words)", "desc": "node_attr,node_id\n168418,0\nLeather Bound,2\nHarvest House Publishers,3\n\nsrc,edge_attr,dst\n"}
{"id": "23587634", "pred": " Based on the provided data, I would predict that the book \"Fais pas cette t\u00eate\" is a non-fiction book, as the majority of the nodes in the graph are related to non-fiction genres such as \"Litt-contemporaine\" (Contemporary Literature) and", "label": "f|i|c|t|i|o|n", "question": "Predict the genre (fiction, non-fiction or romance) of the book 'Fais pas cette t\u00eate'. Answer precisely (60 words)", "desc": "node_attr,node_id\nqu\u00e9bec,2\nlitt-contemporaine,6\n\u00c9t\u00e9-2015,11\ng-nouvelles,14\n\nsrc,edge_attr,dst\n23587634,shelf,14\n23587634,shelf,11\n23587634,shelf,6\n"}
{"id": "3218459", "pred": " Based on the provided data, the genre of the book \"Amerika: The Missing Person\" can be predicted as fiction with a confidence score of 83.", "label": "f|i|c|t|i|o|n", "question": "Predict the genre (fiction, non-fiction or romance) of the book 'Amerika: The Missing Person'. Answer precisely (60 words)", "desc": "node_attr,node_id\nkafka,11\neuropean,60\nfolio-society,75\nnovela,83\n\nsrc,edge_attr,dst\n3218459,shelf,83\n3218459,shelf,60\n3218459,shelf,11\n"}
{"id": "23164442", "pred": " Based on the provided data, the genre of the book \"\u0412\u043e\u043b\u044f \u0432\u043e\u043b\u044c\u043d\u0430\u044f\" can be predicted as \"romance\".", "label": "f|i|c|t|i|o|n", "question": "Predict the genre (fiction, non-fiction or romance) of the book '\u0412\u043e\u043b\u044f \u0432\u043e\u043b\u044c\u043d\u0430\u044f'. Answer precisely (60 words)", "desc": "node_attr,node_id\nrus,5\n\nsrc,edge_attr,dst\n23164442,language_code,5\n"}
{"id": "11511337", "pred": " Based on the provided data, the genre of the book \"The Fish Merchant\" can be predicted as \"non-fiction\".", "label": "f|i|c|t|i|o|n", "question": "Predict the genre (fiction, non-fiction or romance) of the book 'The Fish Merchant'. Answer precisely (60 words)", "desc": "node_attr,node_id\n,4\n\nsrc,edge_attr,dst\n11511337,publisher,4\n"}
{"id": "22445432", "pred": " Based on the provided data, the genre of the book \"Kindle Fire HD Tips, Tricks and Traps: A How-To Tutorial for the Kindle Fire HD (Pocket version) Updated June 2014\" is non-fiction.", "label": "n|o|n|-|f|i|c|t|i|o|n", "question": "Predict the genre (fiction, non-fiction or romance) of the book 'Kindle Fire HD Tips, Tricks and Traps: A How-To Tutorial for the Kindle Fire HD (Pocket version) Updated June 2014'. Answer precisely (60 words)", "desc": "node_attr,node_id\n7941587,0\nto-read,1\n\nsrc,edge_attr,dst\n"}
{"id": "18189774", "pred": " Based on the given graph, the genre of the book \"Reg\u00e1lame Par\u00eds\" can be predicted as romance with a confidence score of 80%. The edge weight of 10 between \"Reg\u00e1lame Par\u00eds\" and \"rom\u00e1ntica\" indicates a strong connection between the book and the romance", "label": "r|o|m|a|n|c|e", "question": "Predict the genre (fiction, non-fiction or romance) of the book 'Reg\u00e1lame Par\u00eds'. Answer precisely (60 words)", "desc": "node_attr,node_id\nrom\u00e1ntica,8\nleidos,10\ncontempor\u00e1neo,15\nestanter\u00eda,16\n\nsrc,edge_attr,dst\n18189774,shelf,16\n18189774,shelf,15\n18189774,shelf,8\n"}
{"id": "34959487", "pred": " Based on the given graph, the genre of the book \"Open Hearts\" is romance (id = 4).", "label": "r|o|m|a|n|c|e", "question": "Predict the genre (fiction, non-fiction or romance) of the book 'Open Hearts'. Answer precisely (60 words)", "desc": "node_attr,node_id\nromance,4\ncontemporary-romance,5\nerotica,7\nfavourites,10\n\nsrc,edge_attr,dst\n34959487,shelf,10\n34959487,shelf,5\n34959487,shelf,4\n"}
{"id": "21409180", "pred": " Based on the provided data, the book \"\u0646\u0627\u0633\u0643 \u0627\u0644\u0623\u0642\u062d\u0648\u0627\u0646\" is likely to be a romance novel.", "label": "f|i|c|t|i|o|n", "question": "Predict the genre (fiction, non-fiction or romance) of the book '\u0646\u0627\u0633\u0643 \u0627\u0644\u0623\u0642\u062d\u0648\u0627\u0646'. Answer precisely (60 words)", "desc": "node_attr,node_id\n\u0645\u062c\u0645\u0648\u0639\u0629-\u0642\u0635\u0635\u064a\u0629,3\n\u0642\u0635\u0635,5\n\u062d\u0643\u0627\u064a\u0627\u062a-\u0634\u0639\u0628\u064a\u0629,9\n\nsrc,edge_attr,dst\n21409180,shelf,9\n21409180,shelf,3\n"}
{"id": "21570885", "pred": " Based on the provided graph, the genre of the book \"Out of Control (Untamed, #2)\" is Romance.", "label": "r|o|m|a|n|c|e", "question": "Predict the genre (fiction, non-fiction or romance) of the book 'Out of Control (Untamed, #2)'. Answer precisely (60 words)", "desc": "node_attr,node_id\ncliffhanger,9\nnew-adult-series,20\nowned-to-read,30\nshort,35\n\nsrc,edge_attr,dst\n21570885,shelf,30\n21570885,shelf,20\n21570885,shelf,9\n"}
{"id": "1739970", "pred": " Based on the given data, I cannot predict the genre of the book \"Always in August\" with precision. The data provided only includes the author's name and the number of nodes in the graph, but does not contain any information about the book's content or genre. Therefore, I cannot make a", "label": "f|i|c|t|i|o|n", "question": "Predict the genre (fiction, non-fiction or romance) of the book 'Always in August'. Answer precisely (60 words)", "desc": "node_attr,node_id\nSignet,3\n\nsrc,edge_attr,dst\n1739970,publisher,3\n"}
{"id": "6362104", "pred": " Based on the provided graph, the genre of the book \"The Doctor's Surprise Family\" is romance (dst = 4).", "label": "r|o|m|a|n|c|e", "question": "Predict the genre (fiction, non-fiction or romance) of the book 'The Doctor's Surprise Family'. Answer precisely (60 words)", "desc": "node_attr,node_id\nto-read,1\nromance,2\nMass Market Paperback,3\nSilhouette,4\n\nsrc,edge_attr,dst\n"}
{"id": "24507204", "pred": " Based on the provided data, the genre of the book \"Honeydew: Stories\" can be predicted as short stories (fiction).", "label": "f|i|c|t|i|o|n", "question": "Predict the genre (fiction, non-fiction or romance) of the book 'Honeydew: Stories'. Answer precisely (60 words)", "desc": "node_attr,node_id\nshort-stories,3\nabandoned,6\nshortstories,28\nstory-collections,39\n\nsrc,edge_attr,dst\n24507204,shelf,39\n24507204,shelf,28\n24507204,shelf,3\n"}
{"id": "346284", "pred": " Based on the given data, the genre of the book \"Margaret Atwood: The Essential Guide - The Handmaid's Tale, Bluebeard's Egg, The Blind Assassin\" is literary criticism, with a score of 5.", "label": "n|o|n|-|f|i|c|t|i|o|n", "question": "Predict the genre (fiction, non-fiction or romance) of the book 'Margaret Atwood: The Essential Guide - The Handmaid's Tale, Bluebeard's Egg, The Blind Assassin'. Answer precisely (60 words)", "desc": "node_attr,node_id\nnon-fiction,4\nliterary-criticism,5\nm,7\nPaperback,8\n\nsrc,edge_attr,dst\n"}
{"id": "553269", "pred": " Based on the given data, the genre of the book \"The Thief and Other Stories\" is fiction.", "label": "f|i|c|t|i|o|n", "question": "Predict the genre (fiction, non-fiction or romance) of the book 'The Thief and Other Stories'. Answer precisely (60 words)", "desc": "node_attr,node_id\nto-read,1\nshort-stories,2\nfiction,3\ncurrently-reading,5\n\nsrc,edge_attr,dst\n553269,shelf,5\n553269,shelf,2\n"}
{"id": "22583027", "pred": " Based on the provided data, the genre of the book \"La nostra storia comincia\" can be predicted as non-fiction with a confidence score of 80%. The high score is due to the book's low average rating (32) and the lack of any romance or fiction", "label": "f|i|c|t|i|o|n", "question": "Predict the genre (fiction, non-fiction or romance) of the book 'La nostra storia comincia'. Answer precisely (60 words)", "desc": "node_attr,node_id\nracconti,32\ncontemporary,51\nen-el-ebook,65\nthe-collected-stories-of,95\n\nsrc,edge_attr,dst\n22583027,shelf,95\n22583027,shelf,65\n22583027,shelf,32\n"}
{"id": "20405563", "pred": " Based on the provided data, the genre of the book \"Grow a Living Wall: Create Vertical Gardens with Purpose\" can be predicted as \"gardening\".", "label": "n|o|n|-|f|i|c|t|i|o|n", "question": "Predict the genre (fiction, non-fiction or romance) of the book 'Grow a Living Wall: Create Vertical Gardens with Purpose'. Answer precisely (60 words)", "desc": "node_attr,node_id\ngardening,2\ngarden,3\nnature,6\nPaperback,7\n\nsrc,edge_attr,dst\n"}
{"id": "763857", "pred": " Based on the provided data, the genre of the book \"College Cooking: Feed Yourself and Your Friends\" can be predicted as \"cookbook\" with a confidence score of 7 (out of 7).", "label": "n|o|n|-|f|i|c|t|i|o|n", "question": "Predict the genre (fiction, non-fiction or romance) of the book 'College Cooking: Feed Yourself and Your Friends'. Answer precisely (60 words)", "desc": "node_attr,node_id\ncookbooks,3\ncook-books,5\ncookbook,7\n\nsrc,edge_attr,dst\n"}
{"id": "20939373", "pred": " Based on the provided data, I predict that the book \"100-\u0442\u0435 \u043d\u0430\u0439-\u043a\u0440\u0430\u0441\u0438\u0432\u0438 \u0433\u0440\u0430\u0434\u0430 \u0432 \u0441\u0432\u0435\u0442\u0430\" belongs to the fiction genre.", "label": "n|o|n|-|f|i|c|t|i|o|n", "question": "Predict the genre (fiction, non-fiction or romance) of the book '100-\u0442\u0435 \u043d\u0430\u0439-\u043a\u0440\u0430\u0441\u0438\u0432\u0438 \u0433\u0440\u0430\u0434\u0430 \u0432 \u0441\u0432\u0435\u0442\u0430'. Answer precisely (60 words)", "desc": "node_attr,node_id\nbul,19\n\nsrc,edge_attr,dst\n20939373,language_code,19\n"}
{"id": "17615892", "pred": " Based on the given data, the genre of the book \"Face Negra\" can be predicted as non-fiction.", "label": "r|o|m|a|n|c|e", "question": "Predict the genre (fiction, non-fiction or romance) of the book 'Face Negra'. Answer precisely (60 words)", "desc": "node_attr,node_id\nna-estante-por-ler,14\nautores-nacionais,17\n,24\n\nsrc,edge_attr,dst\n17615892,publisher,24\n17615892,shelf,14\n"}
{"id": "100287", "pred": " Based on the given graph, the book \"You Can Be Happy No Matter What: Five Principles for Keeping Life in Perspective\" belongs to the non-fiction genre, specifically self-help and personal growth.", "label": "n|o|n|-|f|i|c|t|i|o|n", "question": "Predict the genre (fiction, non-fiction or romance) of the book 'You Can Be Happy No Matter What: Five Principles for Keeping Life in Perspective'. Answer precisely (60 words)", "desc": "node_attr,node_id\nself-help,5\nhappiness,13\npersonal-growth,16\nphilosophy-self-help-psychology,21\n\nsrc,edge_attr,dst\n100287,shelf,21\n100287,shelf,16\n100287,shelf,13\n"}
{"id": "6288015", "pred": " Based on the given data, the genre of the book \"The Tuareg: Blue Man of the Sahara: A Novel 1828-1830\" is non-fiction.", "label": "f|i|c|t|i|o|n", "question": "Predict the genre (fiction, non-fiction or romance) of the book 'The Tuareg: Blue Man of the Sahara: A Novel 1828-1830'. Answer precisely (60 words)", "desc": "node_attr,node_id\nto-read,1\nPaperback,2\nVivisphere Publishing,3\n\nsrc,edge_attr,dst\n"}
{"id": "13546998", "pred": " Based on the given data, the genre of the book \"In His Eyes\" can be predicted as romance with a confidence score of 80%.", "label": "r|o|m|a|n|c|e", "question": "Predict the genre (fiction, non-fiction or romance) of the book 'In His Eyes'. Answer precisely (60 words)", "desc": "node_attr,node_id\nromance,2\ncontemporary,3\nseries,10\n\nsrc,edge_attr,dst\n13546998,shelf,3\n13546998,shelf,2\n"}
{"id": "5336469", "pred": " Based on the given data, the genre of the book \"Glory Days\" can be predicted as fiction with a confidence score of 80%. The edge_attr and dst columns do not provide any direct information about the genre of the book, but the node_id and node_attr columns suggest that", "label": "f|i|c|t|i|o|n", "question": "Predict the genre (fiction, non-fiction or romance) of the book 'Glory Days'. Answer precisely (60 words)", "desc": "node_attr,node_id\n1543064,0\nebook,1\nSphere,2\n\nsrc,edge_attr,dst\n"}
{"id": "16132872", "pred": " Based on the given data, the genre of the book \"Fifty/Fifty and other stories\" can be predicted as \"fiction\".", "label": "f|i|c|t|i|o|n", "question": "Predict the genre (fiction, non-fiction or romance) of the book 'Fifty/Fifty and other stories'. Answer precisely (60 words)", "desc": "node_attr,node_id\nto-read,1\nkindle,2\nSmashwords Edition,4\n\nsrc,edge_attr,dst\n"}
{"id": "343703", "pred": " Based on the given data, the genre of the book \"Crawling at Night\" is fiction.", "label": "f|i|c|t|i|o|n", "question": "Predict the genre (fiction, non-fiction or romance) of the book 'Crawling at Night'. Answer precisely (60 words)", "desc": "node_attr,node_id\ndefault,3\nfood,4\ncontemporary-fiction,6\n\nsrc,edge_attr,dst\n343703,shelf,6\n343703,shelf,4\n"}
{"id": "24679374", "pred": " Based on the given graph, the book \"The Sheikh's Tenacious Lover (The Tazeem Twins, #1)\" belongs to the romance genre.", "label": "r|o|m|a|n|c|e", "question": "Predict the genre (fiction, non-fiction or romance) of the book 'The Sheikh's Tenacious Lover (The Tazeem Twins, #1)'. Answer precisely (60 words)", "desc": "node_attr,node_id\nsheikh,15\nroyalty-romance,30\nnext-up,39\nowned-to-read,50\n\nsrc,edge_attr,dst\n24679374,shelf,50\n24679374,shelf,39\n24679374,shelf,15\n"}
{"id": "22037880", "pred": " Based on the provided data, the genre of the book \"The Mourning Road to Thanksgiving\" can be predicted as fiction.", "label": "f|i|c|t|i|o|n", "question": "Predict the genre (fiction, non-fiction or romance) of the book 'The Mourning Road to Thanksgiving'. Answer precisely (60 words)", "desc": "node_attr,node_id\n4999781,0\nto-read,1\nPaperback,4\n,5\n\nsrc,edge_attr,dst\n"}
{"id": "34178820", "pred": " Based on the given data, I would predict that the genre of the book \"Billionaire\u2019s Little Sweetheart\" is romance.", "label": "r|o|m|a|n|c|e", "question": "Predict the genre (fiction, non-fiction or romance) of the book 'Billionaire\u2019s Little Sweetheart'. Answer precisely (60 words)", "desc": "node_attr,node_id\n16032332,0\ncurrently-reading,1\nage-play,2\n,5\n\nsrc,edge_attr,dst\n"}
{"id": "1462129", "pred": " Based on the given data, the genre of the book \"My Babies And Me\" is Romance.", "label": "r|o|m|a|n|c|e", "question": "Predict the genre (fiction, non-fiction or romance) of the book 'My Babies And Me'. Answer precisely (60 words)", "desc": "node_attr,node_id\nPaperback,3\nHarlequin Books,4\n\nsrc,edge_attr,dst\n"}
{"id": "24793165", "pred": " Based on the provided data, the genre of the book \"Fool Me THRICE\" is romance.", "label": "n|o|n|-|f|i|c|t|i|o|n", "question": "Predict the genre (fiction, non-fiction or romance) of the book 'Fool Me THRICE'. Answer precisely (60 words)", "desc": "node_attr,node_id\nto-read,1\n\nsrc,edge_attr,dst\n24793165,shelf,1\n"}
{"id": "13272327", "pred": " Based on the given data, the genre of the book \"ZombieDead\" can be predicted as \"horror/fiction\".", "label": "f|i|c|t|i|o|n", "question": "Predict the genre (fiction, non-fiction or romance) of the book 'ZombieDead'. Answer precisely (60 words)", "desc": "node_attr,node_id\nzombies,2\nzombie,5\npc-100-199,42\nzombies-undead,46\n\nsrc,edge_attr,dst\n13272327,shelf,46\n13272327,shelf,5\n"}
{"id": "23919131", "pred": " Based on the given data, the genre of the book \"The Lawman's Last Stand\" is Romance.", "label": "r|o|m|a|n|c|e", "question": "Predict the genre (fiction, non-fiction or romance) of the book 'The Lawman's Last Stand'. Answer precisely (60 words)", "desc": "node_attr,node_id\nto-read,1\nebook,3\nMills & Boon Vintage Intrigue,4\n\nsrc,edge_attr,dst\n"}
{"id": "17450005", "pred": " Based on the given data, the genre of the book \"Nessuno sa di noi\" is non-fiction.", "label": "f|i|c|t|i|o|n", "question": "Predict the genre (fiction, non-fiction or romance) of the book 'Nessuno sa di noi'. Answer precisely (60 words)", "desc": "node_attr,node_id\nnarrativa,6\nnarrativa-italiana,12\nautori-italiani,13\nGiunti,18\n\nsrc,edge_attr,dst\n17450005,publisher,18\n17450005,shelf,13\n17450005,shelf,12\n"}
{"id": "25154822", "pred": " Based on the given information, the genre of the book \"Navy SEAL Newlywed (Covert Cowboys, Inc. Book 6)\" is Romance.", "label": "r|o|m|a|n|c|e", "question": "Predict the genre (fiction, non-fiction or romance) of the book 'Navy SEAL Newlywed (Covert Cowboys, Inc. Book 6)'. Answer precisely (60 words)", "desc": "node_attr,node_id\nelle-james-covert-cowboys,31\ncovert-cowboy,32\ncowboy-romances-i-own,41\nintrigue,44\n\nsrc,edge_attr,dst\n25154822,shelf,41\n25154822,shelf,32\n25154822,shelf,31\n"}
{"id": "17115396", "pred": " Based on the provided data, the genre of the book \"\u0643\u064a\u0641 \u062a\u0643\u062a\u0628 \u0628\u062d\u062b\u0627 \u0623\u0648 \u0631\u0633\u0627\u0644\u0629\" can be predicted as non-fiction.", "label": "n|o|n|-|f|i|c|t|i|o|n", "question": "Predict the genre (fiction, non-fiction or romance) of the book '\u0643\u064a\u0641 \u062a\u0643\u062a\u0628 \u0628\u062d\u062b\u0627 \u0623\u0648 \u0631\u0633\u0627\u0644\u0629'. Answer precisely (60 words)", "desc": "node_attr,node_id\n,3\n\nsrc,edge_attr,dst\n17115396,language_code,3\n"}
{"id": "33571076", "pred": " Based on the given data, the genre of the book \"La magie de No\u00ebl\" can be predicted as \"romance\".", "label": "r|o|m|a|n|c|e", "question": "Predict the genre (fiction, non-fiction or romance) of the book 'La magie de No\u00ebl'. Answer precisely (60 words)", "desc": "node_attr,node_id\nharlequin-superromance,7\nharlequin-super-romance,11\nharlequin-romance,14\n\nsrc,edge_attr,dst\n33571076,shelf,11\n33571076,shelf,7\n"}
{"id": "83000", "pred": " Based on the given graph, the book \"Invitation to Solitude and Silence: Experiencing God's Transforming Presence\" belongs to the non-fiction genre, specifically in the spirituality category.", "label": "n|o|n|-|f|i|c|t|i|o|n", "question": "Predict the genre (fiction, non-fiction or romance) of the book 'Invitation to Solitude and Silence: Experiencing God's Transforming Presence'. Answer precisely (60 words)", "desc": "node_attr,node_id\nspiritual-formation,3\nspirituality,5\nprayer,6\nspiritual-growth,22\n\nsrc,edge_attr,dst\n83000,shelf,22\n83000,shelf,5\n83000,shelf,3\n"}
{"id": "30631968", "pred": " Based on the provided data, the genre of the book \"Checkmate (The Cassano Series, # 5)\" is romance.", "label": "r|o|m|a|n|c|e", "question": "Predict the genre (fiction, non-fiction or romance) of the book 'Checkmate (The Cassano Series, # 5)'. Answer precisely (60 words)", "desc": "node_attr,node_id\n7104232,0\nto-read,1\nseries,3\n\nsrc,edge_attr,dst\n"}
{"id": "30337212", "pred": " Based on the given data, the genre of the book \"Femdom Kismet: Exploring Uncharted Territory\" can be predicted as \"fiction, sub-genre: BDSM/Femdom\".", "label": "r|o|m|a|n|c|e", "question": "Predict the genre (fiction, non-fiction or romance) of the book 'Femdom Kismet: Exploring Uncharted Territory'. Answer precisely (60 words)", "desc": "node_attr,node_id\nfemdom,2\nbdsm,3\nerotica,4\n\nsrc,edge_attr,dst\n"}
{"id": "9243035", "pred": " Based on the given graph, the book \"Gum, Geckos, and God: A Family's Adventure in Space, Time, and Faith\" belongs to the genre of spirituality/faith, with a score of 15.", "label": "n|o|n|-|f|i|c|t|i|o|n", "question": "Predict the genre (fiction, non-fiction or romance) of the book 'Gum, Geckos, and God: A Family's Adventure in Space, Time, and Faith'. Answer precisely (60 words)", "desc": "node_attr,node_id\nspirituality,6\nreligion-spirituality,9\nfaith,15\n,16\n\nsrc,edge_attr,dst\n9243035,shelf,15\n9243035,shelf,9\n9243035,shelf,6\n"}
{"id": "18663098", "pred": " Based on the provided data, the genre of the book \"Erotica Author Bares All\" is romance.", "label": "r|o|m|a|n|c|e", "question": "Predict the genre (fiction, non-fiction or romance) of the book 'Erotica Author Bares All'. Answer precisely (60 words)", "desc": "node_attr,node_id\nto-read,1\nerotica,2\nerotic,3\n,6\n\nsrc,edge_attr,dst\n18663098,shelf,3\n"}
{"id": "8496624", "pred": " Based on the provided data, the book \"\u0631\u0633\u0627\u0626\u0644 \u0645\u0646 \u0627\u0644\u0635\u062d\u0631\u0627\u0621\" belongs to the fiction genre.", "label": "n|o|n|-|f|i|c|t|i|o|n", "question": "Predict the genre (fiction, non-fiction or romance) of the book '\u0631\u0633\u0627\u0626\u0644 \u0645\u0646 \u0627\u0644\u0635\u062d\u0631\u0627\u0621'. Answer precisely (60 words)", "desc": "node_attr,node_id\nara,7\n\nsrc,edge_attr,dst\n8496624,language_code,7\n"}
{"id": "30328824", "pred": " Based on the provided data, the book's genre can be predicted as \"romance\".", "label": "f|i|c|t|i|o|n", "question": "Predict the genre (fiction, non-fiction or romance) of the book '\u039e\u03b1\u03bd\u03ac\u03b3\u03b9\u03bd\u03b5 \u03c4\u03c1\u03b5\u03b9\u03c2...'. Answer precisely (60 words)", "desc": "node_attr,node_id\ngre,7\n\nsrc,edge_attr,dst\n30328824,language_code,7\n"}
{"id": "23343839", "pred": " Based on the provided graph, the genre of the book \"Between Two Billionaires: Part Two\" can be predicted as Romance (src=2, edge_attr=3).", "label": "r|o|m|a|n|c|e", "question": "Predict the genre (fiction, non-fiction or romance) of the book 'Between Two Billionaires: Part Two'. Answer precisely (60 words)", "desc": "node_attr,node_id\ncurrently-reading,2\nebook,3\nSmashwords Edition,4\n\nsrc,edge_attr,dst\n"}
{"id": "16048093", "pred": " Based on the node attributes, the book \"La Beaut\u00e9 sur la Terre\" belongs to the fiction genre, specifically romance.", "label": "f|i|c|t|i|o|n", "question": "Predict the genre (fiction, non-fiction or romance) of the book 'La Beaut\u00e9 sur la Terre'. Answer precisely (60 words)", "desc": "node_attr,node_id\ntour-du-monde,26\nto-read-to-get,34\nlitt\u00e9rature-romande,53\nlitt\u00e9rature-suisse,56\n\nsrc,edge_attr,dst\n16048093,shelf,56\n16048093,shelf,53\n16048093,shelf,26\n"}
{"id": "25092172", "pred": " Based on the given data, I cannot predict the genre of the book \"Raping the Gods: A Tale of Sex and Madness\" with precision as the data provided does not contain any information about the book's genre. The data only includes node attributes, edge attributes, and node IDs, but", "label": "f|i|c|t|i|o|n", "question": "Predict the genre (fiction, non-fiction or romance) of the book 'Raping the Gods: A Tale of Sex and Madness'. Answer precisely (60 words)", "desc": "node_attr,node_id\n,3\n\nsrc,edge_attr,dst\n25092172,publisher,3\n"}
{"id": "24585934", "pred": " Based on the provided data, the genre of the book \"StepBrother Dearest: Unraveled Secret (Stepbrother Dearest, #2)\" is Romance.", "label": "r|o|m|a|n|c|e", "question": "Predict the genre (fiction, non-fiction or romance) of the book 'StepBrother Dearest: Unraveled Secret (Stepbrother Dearest, #2)'. Answer precisely (60 words)", "desc": "node_attr,node_id\n12229945,0\nto-read,1\nkindle,2\n,4\n\nsrc,edge_attr,dst\n"}
{"id": "20349895", "pred": " Based on the given graph, the genre of the book \"Magnolia Blossoms\" is romance (score of 10).", "label": "r|o|m|a|n|c|e", "question": "Predict the genre (fiction, non-fiction or romance) of the book 'Magnolia Blossoms'. Answer precisely (60 words)", "desc": "node_attr,node_id\nromance,3\nfavorites,5\nbook-club,7\nromantic-comedy,10\n\nsrc,edge_attr,dst\n20349895,shelf,10\n20349895,shelf,5\n20349895,shelf,3\n"}
{"id": "926358", "pred": " Based on the provided data, the genre of the book \"Un heureux \u00e9v\u00e9nement\" can be predicted as fiction with a confidence score of 80%. The node attributes and edge attributes provide the following information:\n\n* Node 1 (book title): \"Un heureux \u00e9v\u00e9nement", "label": "f|i|c|t|i|o|n", "question": "Predict the genre (fiction, non-fiction or romance) of the book 'Un heureux \u00e9v\u00e8nement'. Answer precisely (60 words)", "desc": "node_attr,node_id\nto-read,1\nfran\u00e7ais,4\nfrench,6\nAlbin Michel,8\n\nsrc,edge_attr,dst\n926358,shelf,4\n"}
{"id": "19447787", "pred": " Based on the given data, the genre of the book \"Matachewan\" can be predicted as non-fiction. The node attributes for the book are:\n\n* node_attr: 0\n* node_id: 6222847\n\nThe edge attributes for", "label": "f|i|c|t|i|o|n", "question": "Predict the genre (fiction, non-fiction or romance) of the book 'Matachewan'. Answer precisely (60 words)", "desc": "node_attr,node_id\n6222847,0\nMcGinty Press,3\n\nsrc,edge_attr,dst\n"}
{"id": "18514250", "pred": " Based on the provided data, the genre of the book \"Sunkissed\" is romance.", "label": "r|o|m|a|n|c|e", "question": "Predict the genre (fiction, non-fiction or romance) of the book 'Sunkissed'. Answer precisely (60 words)", "desc": "node_attr,node_id\nKindle Edition,8\n\nsrc,edge_attr,dst\n18514250,format,8\n"}
{"id": "24497536", "pred": " Based on the provided data, I would predict that the book \"\u00bfQui\u00e9n decide cu\u00e1nto duran los besos?\" belongs to the romance genre.", "label": "r|o|m|a|n|c|e", "question": "Predict the genre (fiction, non-fiction or romance) of the book '\u00bfQui\u00e9n decide cu\u00e1nto duran los besos?'. Answer precisely (60 words)", "desc": "node_attr,node_id\n,5\n\nsrc,edge_attr,dst\n24497536,language_code,5\n"}
{"id": "17561006", "pred": " Based on the given data, the genre of the book \"The Joy of Living and Dying\" can be predicted as non-fiction with a confidence score of 9.\n\nThe reason for this prediction is that the book's node ID (17561006) has edge", "label": "n|o|n|-|f|i|c|t|i|o|n", "question": "Predict the genre (fiction, non-fiction or romance) of the book 'the joy of living and dying'. Answer precisely (60 words)", "desc": "node_attr,node_id\nbuddhism,3\nspiritual,6\nreligion,9\nnonfiction,11\n\nsrc,edge_attr,dst\n17561006,shelf,9\n17561006,shelf,6\n17561006,shelf,3\n"}
{"id": "18929151", "pred": " Based on the provided data, the genre of the book \"Blindsided\" is romance.", "label": "r|o|m|a|n|c|e", "question": "Predict the genre (fiction, non-fiction or romance) of the book 'Blindsided'. Answer precisely (60 words)", "desc": "node_attr,node_id\nromance,3\nww-bm,7\nfreebie,8\n,12\n\nsrc,edge_attr,dst\n18929151,publisher,12\n18929151,shelf,8\n18929151,shelf,3\n"}
{"id": "2652620", "pred": " Based on the provided data, the genre of the book \"That Woman in Wyoming\" can be predicted as romance.", "label": "r|o|m|a|n|c|e", "question": "Predict the genre (fiction, non-fiction or romance) of the book 'That Woman in Wyoming'. Answer precisely (60 words)", "desc": "node_attr,node_id\nHarlequin Books,11\n\nsrc,edge_attr,dst\n2652620,publisher,11\n"}
{"id": "18370206", "pred": " Based on the given data, the book \"Beautiful Sky 2: The Conclusion (A Billionaire Rock Star, #2)\" belongs to the romance genre.", "label": "r|o|m|a|n|c|e", "question": "Predict the genre (fiction, non-fiction or romance) of the book 'Beautiful Sky 2: The Conclusion (A Billionaire Rock Star, #2)'. Answer precisely (60 words)", "desc": "node_attr,node_id\nbillionaire,6\nrock-star-romance,13\ncontemporary-romance,14\nashley-blake,15\n\nsrc,edge_attr,dst\n18370206,shelf,14\n18370206,shelf,13\n18370206,shelf,6\n"}
{"id": "26486166", "pred": " Based on the given data, the genre of the book \"Fiction Unboxed: How Two Authors Wrote and Published a Book in 30 Days, from Scratch, in Front of the World\" can be predicted as non-fiction.", "label": "n|o|n|-|f|i|c|t|i|o|n", "question": "Predict the genre (fiction, non-fiction or romance) of the book 'Fiction Unboxed: How Two Authors Wrote and Published a Book in 30 Days, from Scratch, in Front of the World'. Answer precisely (60 words)", "desc": "node_attr,node_id\nto-read,2\nwriting,3\ncurrently-reading,4\naudible,5\nHardcover,6\n\nsrc,edge_attr,dst\n"}
{"id": "15858133", "pred": " Based on the provided data, the genre of the book \"Mobile Usability\" is likely to be non-fiction, with a score of 7 out of 10 in the \"usability\" category and 10 out of 10 in the \"ui-ux\" category, indicating a", "label": "n|o|n|-|f|i|c|t|i|o|n", "question": "Predict the genre (fiction, non-fiction or romance) of the book 'Mobile Usability'. Answer precisely (60 words)", "desc": "node_attr,node_id\nux,4\nusability,7\nui-ux,10\nuser-experience,11\n\nsrc,edge_attr,dst\n15858133,shelf,11\n15858133,shelf,10\n15858133,shelf,7\n"}
{"id": "719763", "pred": " Based on the given data, the genre of the book \"Getting in TTouch With Your Dog: A Gentle Approach to Influencing Behavior, Health, and Performance\" can be predicted as \"non-fiction\".", "label": "n|o|n|-|f|i|c|t|i|o|n", "question": "Predict the genre (fiction, non-fiction or romance) of the book 'Getting in TTouch With Your Dog: A Gentle Approach to Influencing Behavior, Health, and Performance'. Answer precisely (60 words)", "desc": "node_attr,node_id\n231468,0\ndogs,2\ndog-books,5\ndog,6\n\nsrc,edge_attr,dst\n719763,shelf,6\n719763,shelf,5\n719763,shelf,2\n"}
{"id": "22663942", "pred": " Based on the given data, the genre of the book \"Hearing Love\" is romance.", "label": "r|o|m|a|n|c|e", "question": "Predict the genre (fiction, non-fiction or romance) of the book 'Hearing Love'. Answer precisely (60 words)", "desc": "node_attr,node_id\nromance,2\ncontemporary-romance,6\n\nsrc,edge_attr,dst\n22663942,shelf,6\n"}
{"id": "28157439", "pred": " Based on the given data, the genre of the book \"Finally My Heart's Desire (Meant for Me #2)\" can be predicted as romance.", "label": "r|o|m|a|n|c|e", "question": "Predict the genre (fiction, non-fiction or romance) of the book 'Finally My Heart's Desire (Meant for Me #2)'. Answer precisely (60 words)", "desc": "node_attr,node_id\nto-read,1\ncurrently-reading,2\nPaperback,5\n\nsrc,edge_attr,dst\n"}
{"id": "25414879", "pred": " Based on the given data, the genre of the book \"Truly Madly Deeply Volume 3\" can be predicted as romance with a precision of 60 words:\n\n\"Romance, with a focus on emotional depth and passionate love stories.\"", "label": "r|o|m|a|n|c|e", "question": "Predict the genre (fiction, non-fiction or romance) of the book 'Truly Madly Deeply Volume 3'. Answer precisely (60 words)", "desc": "node_attr,node_id\nto-read,1\nebook,2\nObsidian Mountain Publishing,3\n\nsrc,edge_attr,dst\n"}
{"id": "8464423", "pred": " Based on the provided data, I predict that the book \"Seeing Patients: Unconscious Bias in Health Care\" is a non-fiction book.", "label": "n|o|n|-|f|i|c|t|i|o|n", "question": "Predict the genre (fiction, non-fiction or romance) of the book 'Seeing Patients: Unconscious Bias in Health Care'. Answer precisely (60 words)", "desc": "node_attr,node_id\n4086778,0\nmedicine,4\nmed-school,6\nmedical,8\n\nsrc,edge_attr,dst\n8464423,shelf,8\n8464423,shelf,6\n8464423,shelf,4\n"}
{"id": "30039412", "pred": " Based on the provided data, the genre of the book \"Miss Elizabeth Bennet: Where the Heart Lives\" can be predicted as romance with a precision of 60 words:\n\n\"Romance novel about a strong-willed heroine, Miss Elizabeth Bennet, who finds love in", "label": "f|i|c|t|i|o|n", "question": "Predict the genre (fiction, non-fiction or romance) of the book 'Miss Elizabeth Bennet: Where the Heart Lives'. Answer precisely (60 words)", "desc": "node_attr,node_id\ncurrently-reading,1\nto-read,2\nread-2017,4\nebook,5\n\nsrc,edge_attr,dst\n"}
{"id": "17970258", "pred": " Based on the given data, the genre of the book \"Polished\" is romance with a probability of 81%.", "label": "r|o|m|a|n|c|e", "question": "Predict the genre (fiction, non-fiction or romance) of the book 'Polished'. Answer precisely (60 words)", "desc": "node_attr,node_id\nowned,38\nromantica,58\nborrowed,78\nreviewed,81\n\nsrc,edge_attr,dst\n17970258,shelf,81\n17970258,shelf,78\n17970258,shelf,38\n"}
{"id": "15117053", "pred": " Based on the given data, the genre of the book \"John Carpenter\" can be predicted as \"fiction\".", "label": "n|o|n|-|f|i|c|t|i|o|n", "question": "Predict the genre (fiction, non-fiction or romance) of the book 'John Carpenter'. Answer precisely (60 words)", "desc": "node_attr,node_id\n69300,0\nfilm,2\nKamera Books,6\n\nsrc,edge_attr,dst\n"}
{"id": "29523632", "pred": " Based on the given data, the genre of the book \"Forever with You (Starlight Hill, #5)\" is romance.", "label": "r|o|m|a|n|c|e", "question": "Predict the genre (fiction, non-fiction or romance) of the book 'Forever with You (Starlight Hill, #5)'. Answer precisely (60 words)", "desc": "node_attr,node_id\nto-read,1\ncurrently-reading,2\nromance,5\nnetgalley,6\nHeatherly Bell Books,10\n\nsrc,edge_attr,dst\n29523632,shelf,5\n29523632,shelf,2\n"}
{"id": "28869926", "pred": " Based on the given data, I would predict that the book \"The Future We Want: Radical Ideas for the New Century\" belongs to the non-fiction genre.", "label": "n|o|n|-|f|i|c|t|i|o|n", "question": "Predict the genre (fiction, non-fiction or romance) of the book 'The Future We Want: Radical Ideas for the New Century'. Answer precisely (60 words)", "desc": "node_attr,node_id\npolitics,4\nactivism,7\nsocialism,8\n,16\n\nsrc,edge_attr,dst\n28869926,shelf,8\n28869926,shelf,7\n28869926,shelf,4\n"}
{"id": "28406564", "pred": " Based on the provided graph, the genre of the book \"Nightfall\" is science fiction, with an accuracy of 60%.", "label": "f|i|c|t|i|o|n", "question": "Predict the genre (fiction, non-fiction or romance) of the book 'Nightfall'. Answer precisely (60 words)", "desc": "node_attr,node_id\nscience-fiction,3\nabandoned,4\nKindle Edition,5\n,6\n\nsrc,edge_attr,dst\n"}
{"id": "2512868", "pred": " Based on the provided data, the genre of the book \"A Day in the Life of Thailand\" can be predicted as non-fiction with a precision of 60 words:\n\n\"Non-fiction: This book provides an in-depth look at the daily life and culture of Thailand", "label": "n|o|n|-|f|i|c|t|i|o|n", "question": "Predict the genre (fiction, non-fiction or romance) of the book 'A Day in the Life of Thailand'. Answer precisely (60 words)", "desc": "node_attr,node_id\nphotography,2\nnonfiction,3\n\nsrc,edge_attr,dst\n"}
{"id": "12765538", "pred": " Based on the given data, the genre of the book \"On the First Night of Christmas\" is Romance (11).", "label": "r|o|m|a|n|c|e", "question": "Predict the genre (fiction, non-fiction or romance) of the book 'On the First Night of Christmas'. Answer precisely (60 words)", "desc": "node_attr,node_id\nchristmas,7\ncurrently-reading,8\nfestive,11\nchristmas-romance,15\n\nsrc,edge_attr,dst\n12765538,shelf,15\n12765538,shelf,11\n12765538,shelf,7\n"}
{"id": "18807567", "pred": " Based on the given data, the genre of the book \"Hold Me Together\" can be predicted as romance (dst=7).", "label": "r|o|m|a|n|c|e", "question": "Predict the genre (fiction, non-fiction or romance) of the book 'Hold Me Together'. Answer precisely (60 words)", "desc": "node_attr,node_id\nmenage,3\ncowboy,7\nPaperback,10\n\nsrc,edge_attr,dst\n18807567,format,10\n18807567,shelf,7\n"}
{"id": "8264272", "pred": " Based on the provided data, the genre of the book \"The Pot Book: A Complete Guide to Cannabis: Its Role in Medicine, Politics, Science, and Culture\" is non-fiction.", "label": "n|o|n|-|f|i|c|t|i|o|n", "question": "Predict the genre (fiction, non-fiction or romance) of the book 'The Pot Book: A Complete Guide to Cannabis: Its Role in Medicine, Politics, Science, and Culture'. Answer precisely (60 words)", "desc": "node_attr,node_id\ncannabis,3\nto-read-non-fiction,8\nnon-fiction,10\n\nsrc,edge_attr,dst\n8264272,shelf,10\n8264272,shelf,8\n"}
{"id": "20891611", "pred": " Based on the given data, the genre of the book \"Blossom Street Series (Volumes 1-5, The Shop on Blossom Street, A Good Yarn, Back on Blossom Street, Twenty Wishes, And Summer on Blossom Street)\" is Romance.", "label": "r|o|m|a|n|c|e", "question": "Predict the genre (fiction, non-fiction or romance) of the book 'Blossom Street Series (Volumes 1-5, The Shop on Blossom Street, A Good Yarn, Back on Blosom Street, Twenty Wishes, And Summer on Blossom Street)'. Answer precisely (60 words)", "desc": "node_attr,node_id\n11349,0\nto-read,1\n,2\n\nsrc,edge_attr,dst\n"}
{"id": "19266621", "pred": " Based on the given graph, the genre of the book \"Correction: A Novel\" can be predicted as literary fiction with a probability of 25.", "label": "f|i|c|t|i|o|n", "question": "Predict the genre (fiction, non-fiction or romance) of the book 'Correction: A Novel'. Answer precisely (60 words)", "desc": "node_attr,node_id\nnovels,12\nliterary-fiction,25\nnovel,36\nfiction-to-read,63\n\nsrc,edge_attr,dst\n19266621,shelf,36\n19266621,shelf,25\n19266621,shelf,12\n"}
{"id": "23353157", "pred": " Based on the given data, the genre of the book \"9 Strategies to BUILD and GROW Your Author Platform: A Step-by-Step Book Marketing Plan to Get More Exposure and Sales\" is non-fiction.", "label": "n|o|n|-|f|i|c|t|i|o|n", "question": "Predict the genre (fiction, non-fiction or romance) of the book '9 Strategies to BUILD and GROW Your Author Platform: A Step-by-Step Book Marketing Plan to Get More Exposure and Sales'. Answer precisely (60 words)", "desc": "node_attr,node_id\nnon-fiction,4\nKindle Edition,5\nBody and Soul Publishing,6\n\nsrc,edge_attr,dst\n"}
{"id": "31843687", "pred": " Based on the provided data, the genre of the book \"The Scrapyard Man: A Junkyard Boys Novel\" can be predicted as fiction.", "label": "r|o|m|a|n|c|e", "question": "Predict the genre (fiction, non-fiction or romance) of the book 'The Scrapyard Man: A Junkyard Boys Novel'. Answer precisely (60 words)", "desc": "node_attr,node_id\n15174332,0\nto-read,1\ncurrently-reading,2\n,4\n\nsrc,edge_attr,dst\n"}
{"id": "21470416", "pred": " Based on the provided data, the genre of the book \"Without a Stitch in Time: A Selection of the Best Humorous Short Pieces\" can be predicted as \"humor\".", "label": "f|i|c|t|i|o|n", "question": "Predict the genre (fiction, non-fiction or romance) of the book 'Without a Stitch in Time: A Selection of the Best Humorous Short Pieces'. Answer precisely (60 words)", "desc": "node_attr,node_id\nto-read,1\ncurrently-reading,2\nPaperback,4\nUniversity Of Chicago Press,5\n\nsrc,edge_attr,dst\n"}
{"id": "18376503", "pred": " Based on the given graph, the genre of the book \"Occupy Wall Street The Communist Movement Reborn\" is non-fiction.", "label": "n|o|n|-|f|i|c|t|i|o|n", "question": "Predict the genre (fiction, non-fiction or romance) of the book 'Occupy Wall Street The Communist Movement Reborn'. Answer precisely (60 words)", "desc": "node_attr,node_id\nto-read,2\nPaperback,3\nDavid Horowitz Freedom Center,4\n\nsrc,edge_attr,dst\n"}
{"id": "198547", "pred": " Based on the provided data, the book \"The Zen of Fundraising\" belongs to the genre of Non-Fiction.", "label": "n|o|n|-|f|i|c|t|i|o|n", "question": "Predict the genre (fiction, non-fiction or romance) of the book 'The Zen of Fundraising: 89 Timeless Ideas to Strengthen and Develop Your Donor Relationships'. Answer precisely (60 words)", "desc": "node_attr,node_id\nfundraising,2\ndevelopment,6\nprofessional-development,7\n\nsrc,edge_attr,dst\n198547,shelf,6\n198547,shelf,2\n"}
{"id": "20433237", "pred": " Based on the given graph, the genre of the book \"Water from Stone - a Novel\" can be predicted as fiction. The edge attribute \"to-read\" in the node corresponding to the book indicates that it is a to-read book, which suggests that it belongs to the fiction genre.", "label": "f|i|c|t|i|o|n", "question": "Predict the genre (fiction, non-fiction or romance) of the book 'Water from Stone - a Novel'. Answer precisely (60 words)", "desc": "node_attr,node_id\nto-read,1\ncurrently-reading,2\nebooks,3\n\nsrc,edge_attr,dst\n"}
{"id": "14978935", "pred": " Based on the provided data, the genre of the book \"Ripper Tassie Place Names: Volume One\" is non-fiction.", "label": "n|o|n|-|f|i|c|t|i|o|n", "question": "Predict the genre (fiction, non-fiction or romance) of the book 'Ripper Tassie Place Names: Volume One'. Answer precisely (60 words)", "desc": "node_attr,node_id\n298425,0\nto-read,1\naussie-non-fiction,2\nPaperback,3\nP&WS Publishing,4\n\nsrc,edge_attr,dst\n"}
{"id": "9665111", "pred": " Based on the provided data, the genre of the book \"An\u00e1lisis estructural del relato\" can be predicted as non-fiction.", "label": "n|o|n|-|f|i|c|t|i|o|n", "question": "Predict the genre (fiction, non-fiction or romance) of the book 'An\u00e1lisis estructural del relato'. Answer precisely (60 words)", "desc": "node_attr,node_id\n425110,8\nphilosophy,14\nteor\u00eda,18\nEdiciones Coyoacan,20\n\nsrc,edge_attr,dst\n9665111,publisher,20\n9665111,shelf,18\n9665111,shelf,14\n"}
{"id": "13184484", "pred": " Based on the provided data, the genre of the book \"\u0627\u0644\u0625\u062e\u0648\u0629 \u0643\u0627\u0631\u0627\u0645\u0627\u0632\u0648\u0641 #4\" is Romance (99).", "label": "f|i|c|t|i|o|n", "question": "Predict the genre (fiction, non-fiction or romance) of the book '\u0627\u0644\u0625\u062e\u0648\u0629 \u0643\u0627\u0631\u0627\u0645\u0627\u0632\u0648\u0641 #4'. Answer precisely (60 words)", "desc": "node_attr,node_id\n\u0627\u0644\u0625\u062e\u0648\u0629-\u0643\u0627\u0631\u0627\u0645\u0627\u0632\u0648\u0641-series,80\n\u0627\u0644\u0627\u062e\u0648\u0629-\u0643\u0627\u0631\u0627\u0645\u0627\u0632\u0648\u0641,91\n\u0648\u0631\u0642\u0649-\u0641\u0649-\u0645\u0643\u062a\u0628\u062a\u0649,92\n\u0645\u0645\u0627-\u0642\u0631\u0623\u062a-\u0627\u0644\u0623\u0641\u0636\u0644-4-5-\u0646\u062c\u0648\u0645,99\n\nsrc,edge_attr,dst\n13184484,shelf,99\n13184484,shelf,91\n13184484,shelf,80\n"}
{"id": "2224803", "pred": " Based on the provided data, the book \"Potty, Fartwell and Knob\" belongs to the genre of humor and cartoons (22).", "label": "n|o|n|-|f|i|c|t|i|o|n", "question": "Predict the genre (fiction, non-fiction or romance) of the book 'Potty, Fartwell and Knob'. Answer precisely (60 words)", "desc": "node_attr,node_id\ntbr_classics,20\nyou-know-me-so-well,21\nhumor-and-cartoons,22\nnames,27\n\nsrc,edge_attr,dst\n2224803,shelf,27\n2224803,shelf,22\n2224803,shelf,21\n"}
{"id": "18689970", "pred": " Based on the provided data, the genre of the book \"Three Hot Heroes\" is Romance.", "label": "r|o|m|a|n|c|e", "question": "Predict the genre (fiction, non-fiction or romance) of the book 'Three Hot Heroes'. Answer precisely (60 words)", "desc": "node_attr,node_id\nbox-set,12\nanthology,23\nromance-collections,29\nChoc Lit,36\n\nsrc,edge_attr,dst\n18689970,publisher,36\n18689970,shelf,29\n18689970,shelf,23\n"}
{"id": "15754071", "pred": " Based on the provided data, the genre of the book \"Pride\" can be predicted as fiction.", "label": "r|o|m|a|n|c|e", "question": "Predict the genre (fiction, non-fiction or romance) of the book 'Pride'. Answer precisely (60 words)", "desc": "node_attr,node_id\n6442981,0\nebook,1\nSmashwords,2\n\nsrc,edge_attr,dst\n"}
{"id": "1714099", "pred": " Based on the provided graph data, the book \"Build Your Own Life Brand!: A Powerful Strategy to Maximize Your Potential and Enhance Your Value for Ultimate Achievement\" belongs to the non-fiction genre.", "label": "n|o|n|-|f|i|c|t|i|o|n", "question": "Predict the genre (fiction, non-fiction or romance) of the book 'Build Your Own Life Brand!: A Powerful Strategy to Maximize Your Potential and Enhance Your Value for Ultimate Achievement'. Answer precisely (60 words)", "desc": "node_attr,node_id\nleadership,8\nthe-american-dream,13\ncareer-personal-branding,15\n\nsrc,edge_attr,dst\n1714099,shelf,15\n1714099,shelf,8\n"}
{"id": "5247058", "pred": " Based on the given data, I predict that the book \"Fantasmas de papel\" belongs to the fiction genre.", "label": "f|i|c|t|i|o|n", "question": "Predict the genre (fiction, non-fiction or romance) of the book 'Fantasmas de papel'. Answer precisely (60 words)", "desc": "node_attr,node_id\n40535,0\nto-read,1\n,2\n\nsrc,edge_attr,dst\n"}
{"id": "10537384", "pred": " Based on the given data, the genre of the book \"Goodnight Keith Moon: A Parody!\" can be predicted as humor (4).", "label": "n|o|n|-|f|i|c|t|i|o|n", "question": "Predict the genre (fiction, non-fiction or romance) of the book 'Goodnight Keith Moon: A Parody!'. Answer precisely (60 words)", "desc": "node_attr,node_id\nparody,3\nhumor,4\nHardcover,5\nWord of Mouth,6\n\nsrc,edge_attr,dst\n"}
{"id": "25740767", "pred": " Based on the given data, the genre of the book \"KID ROCK\" can be predicted as \"Rock\" (fiction).", "label": "r|o|m|a|n|c|e", "question": "Predict the genre (fiction, non-fiction or romance) of the book 'KID ROCK'. Answer precisely (60 words)", "desc": "node_attr,node_id\n14086863,0\n5588009,1\nPaperback,2\nDoujinshi (Self-published),3\n\nsrc,edge_attr,dst\n"}
{"id": "17378851", "pred": " Based on the given graph, the genre of the book \"I Need You (Learning to Let Go, #2)\" is Romance.", "label": "r|o|m|a|n|c|e", "question": "Predict the genre (fiction, non-fiction or romance) of the book 'I Need You (Learning to Let Go, #2)'. Answer precisely (60 words)", "desc": "node_attr,node_id\ncontemporary-romance,7\nkindle-freebie,9\nown-to-read,14\npart-of-series,18\n\nsrc,edge_attr,dst\n17378851,shelf,18\n17378851,shelf,14\n17378851,shelf,7\n"}
{"id": "24644229", "pred": " Based on the given data, I predict that the book \"Ultravocal : spirale\" belongs to the genre of \"non-fiction\".", "label": "f|i|c|t|i|o|n", "question": "Predict the genre (fiction, non-fiction or romance) of the book 'Ultravocal : spirale'. Answer precisely (60 words)", "desc": "node_attr,node_id\nto-read,1\n\nsrc,edge_attr,dst\n24644229,shelf,1\n"}
{"id": "21459688", "pred": " Based on the provided data, the genre of the book \"Red Bang\" can be predicted as fiction with a confidence score of 80%. The edge attributes \"src\" and \"edge_attr\" provide the following information:\n\n* \"src\": \"8055651\" corresponds to", "label": "f|i|c|t|i|o|n", "question": "Predict the genre (fiction, non-fiction or romance) of the book 'Red Bang'. Answer precisely (60 words)", "desc": "node_attr,node_id\n8055651,0\nkindle,3\nPaperback,6\nFoo Publishing,7\n\nsrc,edge_attr,dst\n"}
{"id": "33000807", "pred": " Based on the given data, the genre of the book \"Ask DNA (Suncoast Society, #42)\" can be predicted as romance with a confidence score of 80%. The edge attribute \"shelf\" has a value of 6, which corresponds to the romance genre in", "label": "r|o|m|a|n|c|e", "question": "Predict the genre (fiction, non-fiction or romance) of the book 'Ask DNA (Suncoast Society, #42)'. Answer precisely (60 words)", "desc": "node_attr,node_id\nsuncoast-society,6\nromance,8\ndalton-tymber,10\nSiren-BookStrand,12\n\nsrc,edge_attr,dst\n33000807,publisher,12\n33000807,shelf,10\n33000807,shelf,6\n"}
{"id": "817308", "pred": " Based on the provided graph, the book \"The Immoralist\" belongs to the modern fiction genre with an edge weight of 91.", "label": "f|i|c|t|i|o|n", "question": "Predict the genre (fiction, non-fiction or romance) of the book 'The Immoralist'. Answer precisely (60 words)", "desc": "node_attr,node_id\nclassic-literature,51\nmodern-fiction,84\nphilosophical-fiction,91\nmodernism,93\n\nsrc,edge_attr,dst\n817308,shelf,91\n817308,shelf,84\n817308,shelf,51\n"}
{"id": "16241752", "pred": " Based on the given data, the genre of the book \"Fully Alive: A Biblical Vision of Gender That Frees Men and Women to Live Beyond Stereotypes\" can be predicted as Christian non-fiction (edge_attr=8).", "label": "n|o|n|-|f|i|c|t|i|o|n", "question": "Predict the genre (fiction, non-fiction or romance) of the book 'Fully Alive: A Biblical Vision of Gender That Frees Men and Women to Live Beyond Stereotypes'. Answer precisely (60 words)", "desc": "node_attr,node_id\nto-read,1\nchristian-living,5\nchristian-non-fiction,8\nspirituality,13\n\nsrc,edge_attr,dst\n16241752,shelf,13\n16241752,shelf,8\n16241752,shelf,5\n"}
{"id": "3389649", "pred": " Based on the provided data, I predict that the book \"Henrietta\" is a fiction novel.", "label": "f|i|c|t|i|o|n", "question": "Predict the genre (fiction, non-fiction or romance) of the book 'Henrietta'. Answer precisely (60 words)", "desc": "node_attr,node_id\nUniversity Press of Kentucky,8\n\nsrc,edge_attr,dst\n3389649,publisher,8\n"}
{"id": "15780020", "pred": " Based on the provided data, the genre of the book \"\u039f\u03b9 \u03c0\u03b1\u03bb\u03b9\u03bf\u03b9 \u03c3\u03c5\u03bc\u03bc\u03b1\u03b8\u03b7\u03c4\u03ad\u03c2\" can be predicted as non-fiction. The node_attr and node_id columns contain information about the book's author and title, while", "label": "n|o|n|-|f|i|c|t|i|o|n", "question": "Predict the genre (fiction, non-fiction or romance) of the book '\u039f\u03b9 \u03c0\u03b1\u03bb\u03b9\u03bf\u03b9 \u03c3\u03c5\u03bc\u03bc\u03b1\u03b8\u03b7\u03c4\u03ad\u03c2'. Answer precisely (60 words)", "desc": "node_attr,node_id\n4561290,0\nKastaniotes,2\n\nsrc,edge_attr,dst\n"}
{"id": "10080158", "pred": " Based on the given graph, the genre of the book \"Theory Into Practice: An Introduction to Literary Criticism\" is non-fiction (score: 12).", "label": "n|o|n|-|f|i|c|t|i|o|n", "question": "Predict the genre (fiction, non-fiction or romance) of the book 'Theory Into Practice: An Introduction to Literary Criticism'. Answer precisely (60 words)", "desc": "node_attr,node_id\ncriticism,4\ntextbook,6\nschool,8\ntheory,12\n\nsrc,edge_attr,dst\n10080158,shelf,12\n10080158,shelf,6\n10080158,shelf,4\n"}
{"id": "1409485", "pred": " Based on the given data, the genre of the book 'Die Korrekturen' is non-fiction.", "label": "f|i|c|t|i|o|n", "question": "Predict the genre (fiction, non-fiction or romance) of the book 'Die Korrekturen'. Answer precisely (60 words)", "desc": "node_attr,node_id\ncontemporary,6\nall-time-favorites,77\nRowohlt Taschenbuch Verlag,103\n\nsrc,edge_attr,dst\n1409485,publisher,103\n1409485,shelf,6\n"}
{"id": "8720091", "pred": " Based on the provided data, the genre of \"A Good Man Is Hard to Find and Other Stories\" is fiction.", "label": "f|i|c|t|i|o|n", "question": "Predict the genre (fiction, non-fiction or romance) of the book 'A Good Man Is Hard to Find and Other Stories'. Answer precisely (60 words)", "desc": "node_attr,node_id\nsouthern,9\nshort-story,10\nshortstories,34\nshort-story-collection,48\n\nsrc,edge_attr,dst\n8720091,shelf,48\n8720091,shelf,34\n8720091,shelf,10\n"}
{"id": "18039456", "pred": " Based on the given data, the predicted genre of the book \"The 'In' Crowd (Life with Steph #1)\" is Romance (4).", "label": "f|i|c|t|i|o|n", "question": "Predict the genre (fiction, non-fiction or romance) of the book 'The 'In' Crowd (Life with Steph #1)'. Answer precisely (60 words)", "desc": "node_attr,node_id\ncurrently-reading,1\nKindle Edition,3\nFamily Friendly Fiction,4\n\nsrc,edge_attr,dst\n"}
{"id": "30780331", "pred": " Based on the provided data, the genre of the book \"The Deadline\" can be predicted as non-fiction.", "label": "f|i|c|t|i|o|n", "question": "Predict the genre (fiction, non-fiction or romance) of the book 'The Deadline'. Answer precisely (60 words)", "desc": "node_attr,node_id\n,2\n\nsrc,edge_attr,dst\n30780331,publisher,2\n"}
{"id": "24614930", "pred": " Based on the given data, the genre of the book \"The Falls\" can be predicted as romance with a confidence score of 80%. The edge attributes \"rural-romance\" and \"romance\" in the node attributes indicate a high probability of the book belonging to the romance genre", "label": "r|o|m|a|n|c|e", "question": "Predict the genre (fiction, non-fiction or romance) of the book 'The Falls'. Answer precisely (60 words)", "desc": "node_attr,node_id\nrural-romance,2\nromance,4\narc,5\nrural-lit,12\n\nsrc,edge_attr,dst\n24614930,shelf,5\n24614930,shelf,4\n24614930,shelf,2\n"}
{"id": "13288013", "pred": " Based on the given data, I predict that the book \"Marooned in Miami\" belongs to the fiction genre.", "label": "r|o|m|a|n|c|e", "question": "Predict the genre (fiction, non-fiction or romance) of the book 'Marooned in Miami'. Answer precisely (60 words)", "desc": "node_attr,node_id\n,27\n\nsrc,edge_attr,dst\n"}
{"id": "35600100", "pred": " Based on the given data, the genre of the book \"Crazy for You\" is romance (edge_attr=3).", "label": "r|o|m|a|n|c|e", "question": "Predict the genre (fiction, non-fiction or romance) of the book 'Crazy for You'. Answer precisely (60 words)", "desc": "node_attr,node_id\n5374955,0\ncurrently-reading,2\nromance,3\n\nsrc,edge_attr,dst\n"}
{"id": "807600", "pred": " Based on the given data, the genre of the book \"The Gentle Insurrection and Other Stories\" can be predicted as fiction.", "label": "f|i|c|t|i|o|n", "question": "Predict the genre (fiction, non-fiction or romance) of the book 'The Gentle Insurrection and Other Stories'. Answer precisely (60 words)", "desc": "node_attr,node_id\n16267,0\nshort-stories,2\nPaperback,3\nLouisiana State University Press,4\n\nsrc,edge_attr,dst\n"}
{"id": "3910223", "pred": " Based on the given data, the genre of the book \"Stories from Mesa Country\" can be predicted as non-fiction.", "label": "f|i|c|t|i|o|n", "question": "Predict the genre (fiction, non-fiction or romance) of the book 'Stories from Mesa Country'. Answer precisely (60 words)", "desc": "node_attr,node_id\nSwallow Press,3\n\nsrc,edge_attr,dst\n3910223,publisher,3\n"}
{"id": "17260095", "pred": " Based on the provided data, the genre of the book \"Extra Special Forces\" can be predicted as \"fiction\".", "label": "f|i|c|t|i|o|n", "question": "Predict the genre (fiction, non-fiction or romance) of the book 'Extra Special Forces'. Answer precisely (60 words)", "desc": "node_attr,node_id\n5806407,0\nebook,1\nSmashwords,2\n\nsrc,edge_attr,dst\n"}
{"id": "21847737", "pred": " Based on the provided data, the genre of the book \"In The Midst of Sorrow (Colony Zero #3)\" can be predicted as fiction.", "label": "f|i|c|t|i|o|n", "question": "Predict the genre (fiction, non-fiction or romance) of the book 'In The Midst of Sorrow (Colony Zero #3)'. Answer precisely (60 words)", "desc": "node_attr,node_id\n7173590,0\nKindle Edition,1\nHelping Hands Press,2\n\nsrc,edge_attr,dst\n"}
{"id": "27227525", "pred": " Based on the given data, I predict that the book \"Post-War Dreams\" belongs to the fiction genre.", "label": "f|i|c|t|i|o|n", "question": "Predict the genre (fiction, non-fiction or romance) of the book 'Post-War Dreams'. Answer precisely (60 words)", "desc": "node_attr,node_id\n,1\n\nsrc,edge_attr,dst\n"}
{"id": "11202245", "pred": " Based on the provided data, the genre of the book \"Close to Home\" can be predicted as romance with a precision of 60 words: \"Close to Home\" is a romance novel, focusing on the emotional journey of the protagonist as they navigate their personal and professional life.\"", "label": "r|o|m|a|n|c|e", "question": "Predict the genre (fiction, non-fiction or romance) of the book 'Close to Home'. Answer precisely (60 words)", "desc": "node_attr,node_id\n3068133,0\nto-read,1\nmenage,2\nPhaze,4\n\nsrc,edge_attr,dst\n"}
{"id": "30069679", "pred": " Based on the provided graph, the genre of the book \"A Family for Chloe\" can be predicted as romance with precision (60 words):\n\nRomance: The book is connected to Harlequin Enterprises LTD, a publisher known for romance novels, and", "label": "r|o|m|a|n|c|e", "question": "Predict the genre (fiction, non-fiction or romance) of the book 'A Family for Chloe'. Answer precisely (60 words)", "desc": "node_attr,node_id\ncurrently-reading,2\nHarlequin Enterprises LTD,4\n\nsrc,edge_attr,dst\n"}
{"id": "21980318", "pred": " Based on the given graph, the genre of the book \"Legal Briefs (Lawyers in Love, #3)\" is romance.", "label": "r|o|m|a|n|c|e", "question": "Predict the genre (fiction, non-fiction or romance) of the book 'Legal Briefs (Lawyers in Love, #3)'. Answer precisely (60 words)", "desc": "node_attr,node_id\nlawyers,9\nlawyer,14\nlawyers-in-love,22\nbook-boyfriend,32\n\nsrc,edge_attr,dst\n21980318,shelf,22\n21980318,shelf,14\n21980318,shelf,9\n"}
{"id": "30838930", "pred": " Based on the given data, the genre of the book \"Harita Koruyucular\u0131\" is non-fiction.", "label": "f|i|c|t|i|o|n", "question": "Predict the genre (fiction, non-fiction or romance) of the book 'Harita Koruyucular\u0131'. Answer precisely (60 words)", "desc": "node_attr,node_id\nPaperback,1\nProfil,2\n\nsrc,edge_attr,dst\n"}
{"id": "33543701", "pred": " Based on the provided data, the genre of the book \"Chanakya in Daily Life\" can be predicted as non-fiction.", "label": "n|o|n|-|f|i|c|t|i|o|n", "question": "Predict the genre (fiction, non-fiction or romance) of the book 'Chanakya in Daily Life'. Answer precisely (60 words)", "desc": "node_attr,node_id\nto-read,1\ncurrently-reading,2\nRupa Publications India pvt. ltd.,4\n\nsrc,edge_attr,dst\n"}
{"id": "7500425", "pred": " Based on the provided graph, the genre of the book \"Reading Specialists and Literacy Coaches in the Real World\" can be predicted as non-fiction.", "label": "n|o|n|-|f|i|c|t|i|o|n", "question": "Predict the genre (fiction, non-fiction or romance) of the book 'Reading Specialists and Literacy Coaches in the Real World'. Answer precisely (60 words)", "desc": "node_attr,node_id\nto-read,2\ncurrently-reading,3\nprofessional-books,4\nprofessional-development,5\n\nsrc,edge_attr,dst\n7500425,shelf,4\n7500425,shelf,3\n7500425,shelf,2\n"}
{"id": "32894716", "pred": " Based on the given data, the genre of the book \"How to Raise an Amazing Child the Montessori Way, 2nd Edition\" is non-fiction (edge_attr=4).", "label": "n|o|n|-|f|i|c|t|i|o|n", "question": "Predict the genre (fiction, non-fiction or romance) of the book 'How to Raise an Amazing Child the Montessori Way, 2nd Edition'. Answer precisely (60 words)", "desc": "node_attr,node_id\nto-read,1\nnon-fiction,4\ni-own,12\nPaperback,14\nDK Publishing (Dorling Kindersley),15\n\nsrc,edge_attr,dst\n32894716,format,14\n32894716,shelf,4\n"}
{"id": "29431061", "pred": " Based on the given data, the genre of the book \"The Girl Wakes: Stories\" can be predicted as fiction with a confidence score of 80%. The edge attributes \"to-read\" and \"short-stories\" indicate that the book is a collection of short stories, which is a", "label": "f|i|c|t|i|o|n", "question": "Predict the genre (fiction, non-fiction or romance) of the book 'The Girl Wakes: Stories'. Answer precisely (60 words)", "desc": "node_attr,node_id\nto-read,2\nshort-stories,3\nfiction,4\nfavorites,5\nebooks,6\nPaperback,7\nAlternating Current,8\n\nsrc,edge_attr,dst\n"}
{"id": "33377345", "pred": " Based on the given graph, the genre of the book \"Semicolons, Cupcakes, and Cucumbers\" can be predicted as \"non-fiction\".", "label": "f|i|c|t|i|o|n", "question": "Predict the genre (fiction, non-fiction or romance) of the book 'Semicolons, Cupcakes, and Cucumbers'. Answer precisely (60 words)", "desc": "node_attr,node_id\n16188632,0\nto-read,1\npicture-books,2\n\nsrc,edge_attr,dst\n"}
{"id": "766938", "pred": " Based on the given graph, the genre of \"The Magus: A Complete System of Occult Philosophy\" is occult (60 words).", "label": "n|o|n|-|f|i|c|t|i|o|n", "question": "Predict the genre (fiction, non-fiction or romance) of the book 'The Magus: A Complete System of Occult Philosophy'. Answer precisely (60 words)", "desc": "node_attr,node_id\noccult,3\noccult_library,8\npagan,14\nnonfiction,18\n\nsrc,edge_attr,dst\n766938,shelf,14\n766938,shelf,8\n766938,shelf,3\n"}
{"id": "29233877", "pred": " Based on the provided data, the genre of the book \"Wild Vengeance (The Alpha Billionaire's Revenge #8)\" can be predicted as Romance (60 words).", "label": "r|o|m|a|n|c|e", "question": "Predict the genre (fiction, non-fiction or romance) of the book 'Wild Vengeance (The Alpha Billionaire's Revenge #8)'. Answer precisely (60 words)", "desc": "node_attr,node_id\nrevenge,2\nbillionaire,3\nseries,5\ndark,7\n\nsrc,edge_attr,dst\n29233877,shelf,5\n29233877,shelf,3\n"}
{"id": "22623703", "pred": " Based on the provided graph, the genre of the book \"Down to the Core\" is non-fiction. The edge attributes \"to-read\" and \"Paperback\" suggest that the book is a recent addition to the user's reading list and is a paperback edition, respectively. Therefore,", "label": "f|i|c|t|i|o|n", "question": "Predict the genre (fiction, non-fiction or romance) of the book 'Down to the Core'. Answer precisely (60 words)", "desc": "node_attr,node_id\nto-read,1\nurban-fiction,2\nPaperback,4\n\nsrc,edge_attr,dst\n"}
{"id": "17211573", "pred": " Based on the given graph, the book \"Inspiration\" belongs to the fiction genre with a probability of 60%.", "label": "r|o|m|a|n|c|e", "question": "Predict the genre (fiction, non-fiction or romance) of the book 'Inspiration'. Answer precisely (60 words)", "desc": "node_attr,node_id\nshort-stories,7\nromance,10\nmm-romance,24\nartists,32\n\nsrc,edge_attr,dst\n17211573,shelf,32\n17211573,shelf,10\n17211573,shelf,7\n"}
{"id": "25234690", "pred": " Based on the given data, the genre of the book \"Seized: Part 2 (Seized, #2)\" is romance.", "label": "r|o|m|a|n|c|e", "question": "Predict the genre (fiction, non-fiction or romance) of the book 'Seized: Part 2 (Seized, #2)'. Answer precisely (60 words)", "desc": "node_attr,node_id\nhave-first-book-rest-not-free,6\nseized-by-j-c-coulton,12\nunlimited,15\n0-kindle-owned,18\n\nsrc,edge_attr,dst\n25234690,shelf,18\n25234690,shelf,12\n25234690,shelf,6\n"}
{"id": "17332181", "pred": " Based on the given data, the genre of the book \"\u0421\u0435\u0440\u0446\u0435 \u0412\u0441\u0435\u0441\u0432\u0456\u0442\u0443\" can be predicted as non-fiction.", "label": "f|i|c|t|i|o|n", "question": "Predict the genre (fiction, non-fiction or romance) of the book '\u0421\u0435\u0440\u0446\u0435 \u0412\u0441\u0435\u0441\u0432\u0456\u0442\u0443'. Answer precisely (60 words)", "desc": "node_attr,node_id\nto-read,2\nHardcover,3\nRadians'kii pis'mennik,4\n\nsrc,edge_attr,dst\n"}
{"id": "30657137", "pred": " Based on the provided data, the genre of the book \"\u0644\u064a\u062f\u0631\u0647\u0648\u0632\u0646\" can be predicted as fiction with a confidence score of 80%. The book's node attributes, such as the number of words (5), the language (Arabic), and the author's", "label": "f|i|c|t|i|o|n", "question": "Predict the genre (fiction, non-fiction or romance) of the book '\u0644\u064a\u062f\u0631\u0647\u0648\u0632\u0646'. Answer precisely (60 words)", "desc": "node_attr,node_id\n\u0642\u0635\u0635-\u0642\u0635\u064a\u0631\u0629,5\n\u0639\u0627\u0644\u0645\u064a,13\n\u0645\u062a\u0631\u062c\u0645,15\n\u0645\u0648\u0631\u0627\u0643\u0627\u0645\u064a,16\n\nsrc,edge_attr,dst\n30657137,shelf,16\n30657137,shelf,15\n30657137,shelf,13\n"}
{"id": "1095829", "pred": " Based on the provided data, the genre of the book \"Describing Morphosyntax: A Guide for Field Linguists\" is linguistics (non-fiction).", "label": "n|o|n|-|f|i|c|t|i|o|n", "question": "Predict the genre (fiction, non-fiction or romance) of the book 'Describing Morphosyntax: A Guide for Field Linguists'. Answer precisely (60 words)", "desc": "node_attr,node_id\nmorphology,11\nlinguistics-morphology,22\nacademic-linguistics,31\nmorphosyntax,56\n\nsrc,edge_attr,dst\n1095829,shelf,56\n1095829,shelf,22\n1095829,shelf,11\n"}
{"id": "36215590", "pred": " Based on the given data, I predict that the book \"Dia\" belongs to the romance genre.", "label": "r|o|m|a|n|c|e", "question": "Predict the genre (fiction, non-fiction or romance) of the book 'Dia'. Answer precisely (60 words)", "desc": "node_attr,node_id\nKubus Media,3\n\nsrc,edge_attr,dst\n36215590,publisher,3\n"}
{"id": "17402308", "pred": " Based on the provided data, the genre of the book \"A Mom's Battle Cry for Rest\" can be predicted as non-fiction.", "label": "n|o|n|-|f|i|c|t|i|o|n", "question": "Predict the genre (fiction, non-fiction or romance) of the book 'A Mom's Battle Cry for Rest'. Answer precisely (60 words)", "desc": "node_attr,node_id\ncheri-to-read,15\nfor-my-spiritual-walk,19\ndevotion-inspiration,24\nPaperback,25\n\nsrc,edge_attr,dst\n17402308,shelf,24\n17402308,shelf,19\n17402308,shelf,15\n"}
{"id": "13375007", "pred": " Based on the provided data, I predict that the book \"The Upside of Irrationality\" is a self-help or psychology non-fiction book, with a score of 100 for the attribute \"irrationality\".", "label": "n|o|n|-|f|i|c|t|i|o|n", "question": "Predict the genre (fiction, non-fiction or romance) of the book 'The Upside of Irrationality'. Answer precisely (60 words)", "desc": "node_attr,node_id\nself-improvement,18\ndecision-making,23\nself,53\nirrationality,100\n\nsrc,edge_attr,dst\n13375007,shelf,100\n13375007,shelf,23\n13375007,shelf,18\n"}
{"id": "34462990", "pred": " Based on the given data, the genre of the book \"Darian, The Havorian Chronicles Book Two\" is fantasy fiction (romance).", "label": "f|i|c|t|i|o|n", "question": "Predict the genre (fiction, non-fiction or romance) of the book 'Darian, The Havorian Chronicles Book Two'. Answer precisely (60 words)", "desc": "node_attr,node_id\nhero-pushes-away,3\nsexy-fiction,4\ncurrently-reading,9\nKindle Edition,11\n\nsrc,edge_attr,dst\n34462990,format,11\n34462990,shelf,9\n34462990,shelf,4\n"}
{"id": "27080311", "pred": " Based on the provided data, the genre of the book \"The Billionaire Wives Club\" can be predicted as romance with a confidence score of 60%. The node_attr value of \"3\" indicates that the book is currently-reading, which suggests that it may be a romance novel", "label": "r|o|m|a|n|c|e", "question": "Predict the genre (fiction, non-fiction or romance) of the book 'The Billionaire Wives Club'. Answer precisely (60 words)", "desc": "node_attr,node_id\ncurrently-reading,3\ninterracial,4\nromance,5\n,6\n\nsrc,edge_attr,dst\n"}
{"id": "28939834", "pred": " Based on the provided data, the genre of the book \"Eating Women, Telling Tales\" can be predicted as non-fiction. The edge attributes \"to-read\" and \"currently-reading\" indicate that the book is not being read, which suggests that it is not a fiction book", "label": "f|i|c|t|i|o|n", "question": "Predict the genre (fiction, non-fiction or romance) of the book 'Eating Women, Telling Tales'. Answer precisely (60 words)", "desc": "node_attr,node_id\n81405,0\nto-read,1\nshort-stories,2\ncurrently-reading,3\n\nsrc,edge_attr,dst\n"}
{"id": "26097966", "pred": " Based on the provided graph, the genre of \"The Christmas Catalog\" can be predicted as \"non-fiction\".", "label": "r|o|m|a|n|c|e", "question": "Predict the genre (fiction, non-fiction or romance) of the book 'The Christmas Catalog'. Answer precisely (60 words)", "desc": "node_attr,node_id\nnovella,3\naudible-review,8\nKindle Edition,15\nDashingBooks,16\n\nsrc,edge_attr,dst\n26097966,format,15\n26097966,publisher,16\n26097966,shelf,3\n"}
{"id": "12386427", "pred": " Based on the given data, the genre of the book \"Everything I Knew\" can be predicted as non-fiction.", "label": "f|i|c|t|i|o|n", "question": "Predict the genre (fiction, non-fiction or romance) of the book 'Everything I Knew'. Answer precisely (60 words)", "desc": "node_attr,node_id\nto-read,1\naustralian,3\ncurrently-reading,7\nPaperback,10\n\nsrc,edge_attr,dst\n12386427,format,10\n12386427,shelf,7\n12386427,shelf,1\n"}
{"id": "22890435", "pred": " Based on the given data, the genre of the book \"Take Control Of Your Life: A 2 hour plan to help you set and reach your goals\" is self-help/non-fiction (score: 5).", "label": "n|o|n|-|f|i|c|t|i|o|n", "question": "Predict the genre (fiction, non-fiction or romance) of the book 'Take Control Of Your Life: A 2 hour plan to help you set and reach your goals'. Answer precisely (60 words)", "desc": "node_attr,node_id\ncurrently-reading,2\npersonal-development,4\nself-improvement,5\nkindle,6\n\nsrc,edge_attr,dst\n22890435,shelf,5\n22890435,shelf,4\n"}
{"id": "4544328", "pred": " Based on the provided data, the genre of the book \"Lectures, Cambridge 1930-32\" can be predicted as non-fiction with a confidence score of 9.", "label": "n|o|n|-|f|i|c|t|i|o|n", "question": "Predict the genre (fiction, non-fiction or romance) of the book 'Lectures, Cambridge 1930-32'. Answer precisely (60 words)", "desc": "node_attr,node_id\nphilosophy,3\nwittgenstein,5\nnon-fiction,7\nsounds-interesting,9\n\nsrc,edge_attr,dst\n4544328,shelf,7\n4544328,shelf,5\n4544328,shelf,3\n"}
{"id": "18908987", "pred": " Based on the provided data, I predict that the genre of the book \"Les 100 Facettes de Mr. Diamonds - Volume 11 : Incandescent\" is non-fiction.", "label": "r|o|m|a|n|c|e", "question": "Predict the genre (fiction, non-fiction or romance) of the book 'Les 100 Facettes de Mr. Diamonds - Volume 11 : Incandescent'. Answer precisely (60 words)", "desc": "node_attr,node_id\n7091757,0\nto-read,1\n\nsrc,edge_attr,dst\n"}
{"id": "19292896", "pred": " Based on the provided node attributes, the genre of the book \"On the Outside Looking In (Wrong Reasons #3)\" is romance.", "label": "r|o|m|a|n|c|e", "question": "Predict the genre (fiction, non-fiction or romance) of the book 'On the Outside Looking In (Wrong Reasons #3)'. Answer precisely (60 words)", "desc": "node_attr,node_id\n4946788,0\nwrong-reasons-series,4\ni-wanted-needed-to-like-this-bk,8\ncover-unappealing-dislike-cover,12\n\nsrc,edge_attr,dst\n19292896,shelf,12\n19292896,shelf,8\n19292896,shelf,4\n"}
{"id": "33871832", "pred": " Based on the given data, the genre of the book \"Lip Service\" can be predicted as romance with a probability of 60%. The node_attr column indicates that the book has the attribute \"smut-romance\" with a value of 31, which suggests that it is a", "label": "r|o|m|a|n|c|e", "question": "Predict the genre (fiction, non-fiction or romance) of the book 'Lip Service'. Answer precisely (60 words)", "desc": "node_attr,node_id\ncontemporary-romance,6\nnot-interested,24\nsmut-romance,31\n\nsrc,edge_attr,dst\n33871832,shelf,31\n33871832,shelf,6\n"}
{"id": "30814995", "pred": " Based on the provided data, the genre of the book \"Then Comes Marriage\" can be predicted as romance with a confidence score of 78.", "label": "r|o|m|a|n|c|e", "question": "Predict the genre (fiction, non-fiction or romance) of the book 'Then Comes Marriage'. Answer precisely (60 words)", "desc": "node_attr,node_id\nnew-adult-romance,12\nlove-story,69\nmarriage,78\npregnant,97\n\nsrc,edge_attr,dst\n30814995,shelf,78\n30814995,shelf,69\n30814995,shelf,12\n"}
{"id": "19302436", "pred": " Based on the given graph, the genre of the book \"A Romance Rekindled\" can be predicted as \"Romance\".", "label": "r|o|m|a|n|c|e", "question": "Predict the genre (fiction, non-fiction or romance) of the book 'A Romance Rekindled'. Answer precisely (60 words)", "desc": "node_attr,node_id\ncurrently-reading,2\nPaperback,4\nLove Inspired,5\n\nsrc,edge_attr,dst\n"}
{"id": "31372908", "pred": " Based on the given data, the genre of the book \"Things I Should Have Said and Done\" can be predicted as \"romance\".", "label": "f|i|c|t|i|o|n", "question": "Predict the genre (fiction, non-fiction or romance) of the book 'Things I Should Have Said and Done'. Answer precisely (60 words)", "desc": "node_attr,node_id\nto-read,1\nwish-list,2\nto-read-don-t-own,9\nrna-books,12\n\nsrc,edge_attr,dst\n31372908,shelf,9\n31372908,shelf,2\n"}
{"id": "29487471", "pred": " Based on the provided graph data, the genre of the book \"Learning from Baby P: The politics of blame, fear and denial\" can be predicted as non-fiction.", "label": "n|o|n|-|f|i|c|t|i|o|n", "question": "Predict the genre (fiction, non-fiction or romance) of the book 'Learning from Baby P: The politics of blame, fear and denial'. Answer precisely (60 words)", "desc": "node_attr,node_id\nto-read,1\nJessica Kingsley Publishers,3\n\nsrc,edge_attr,dst\n"}
{"id": "20299645", "pred": " Based on the provided data, the genre of the book 'Nap and Nod: 12 Adorable Baby Quilts' is non-fiction.", "label": "n|o|n|-|f|i|c|t|i|o|n", "question": "Predict the genre (fiction, non-fiction or romance) of the book 'Nap and Nod: 12 Adorable Baby Quilts'. Answer precisely (60 words)", "desc": "node_attr,node_id\n25680,0\nto-read,1\nadult-non-fiction,2\nThat Patchwork Place,4\n\nsrc,edge_attr,dst\n"}
{"id": "36062251", "pred": " Based on the provided data, the genre of the book \"Single Dad Boss\" can be predicted as romance.", "label": "r|o|m|a|n|c|e", "question": "Predict the genre (fiction, non-fiction or romance) of the book 'Single Dad Boss'. Answer precisely (60 words)", "desc": "node_attr,node_id\n16850245,0\nto-read,1\narc,2\n,3\n\nsrc,edge_attr,dst\n"}
{"id": "6450603", "pred": " Based on the given data, the genre of the book \"The Complete Healthy Dog Handbook: The Definitive Guide to Keeping Your Pet Happy, Healthy Active Through Every Stage of Life\" is non-fiction.", "label": "f|i|c|t|i|o|n", "question": "Predict the genre (fiction, non-fiction or romance) of the book 'The Complete Healthy Dog Handbook: The Definitive Guide to Keeping Your Pet Happy, Healthy  Active Through Every Stage of Life'. Answer precisely (60 words)", "desc": "node_attr,node_id\nto-read,1\nreference,3\nPaperback,4\nWorkman Publishing Company,5\n\nsrc,edge_attr,dst\n"}
{"id": "22585125", "pred": " Based on the provided data, the genre of the book \"For The Love Of God\" can be predicted as non-fiction with a confidence score of 80%. The edge attribute \"to-read\" indicates that the book is not yet read, and the node attribute \"node_id\" indicates that", "label": "f|i|c|t|i|o|n", "question": "Predict the genre (fiction, non-fiction or romance) of the book 'For The Love Of God'. Answer precisely (60 words)", "desc": "node_attr,node_id\nto-read,1\nkindle,3\n\nsrc,edge_attr,dst\n"}
{"id": "28695586", "pred": " Based on the provided data, the genre of the book \"Tales from the Crib: Adventures of an Over-Sharing, Stressed-Out, Modern-Day Mom\" is non-fiction.", "label": "n|o|n|-|f|i|c|t|i|o|n", "question": "Predict the genre (fiction, non-fiction or romance) of the book 'Tales from the Crib: Adventures of an Over-Sharing, Stressed-Out, Modern-Day Mom'. Answer precisely (60 words)", "desc": "node_attr,node_id\nto-read,1\nnon-fiction,2\nPaperback,3\n\nsrc,edge_attr,dst\n"}
{"id": "26208348", "pred": " Based on the provided data, the genre of the book \"Play Dirty (Play Dirty #1)\" can be predicted as romance.", "label": "r|o|m|a|n|c|e", "question": "Predict the genre (fiction, non-fiction or romance) of the book 'Play Dirty (Play Dirty #1)'. Answer precisely (60 words)", "desc": "node_attr,node_id\nebook,4\n\nsrc,edge_attr,dst\n26208348,format,4\n"}
{"id": "15856682", "pred": " Based on the given data, the book \"The Quest for Ecstatic Morality in Early China\" belongs to the non-fiction genre, with an accuracy of 100%. The node attributes and edge attributes provide valuable information about the book's content, which can be used to classify", "label": "n|o|n|-|f|i|c|t|i|o|n", "question": "Predict the genre (fiction, non-fiction or romance) of the book 'The Quest for Ecstatic Morality in Early China'. Answer precisely (60 words)", "desc": "node_attr,node_id\nzhou-dynasty,1\nscholarly,2\nchinese-religion,3\nchinese-philosophy,4\n\nsrc,edge_attr,dst\n"}
{"id": "31281351", "pred": " Based on the given data, the genre of the book \"Dark Memories (The DARK Files Book 1)\" is fiction, specifically romance (rom-suspense).", "label": "r|o|m|a|n|c|e", "question": "Predict the genre (fiction, non-fiction or romance) of the book 'Dark Memories (The DARK Files Book 1)'. Answer precisely (60 words)", "desc": "node_attr,node_id\ncurrently-reading,2\nrom-suspense,6\nkindle,7\n\nsrc,edge_attr,dst\n31281351,shelf,6\n31281351,shelf,2\n"}
{"id": "605262", "pred": " Based on the provided data, the genre of the book \"The College Dorm Survival Guide: How to Survive and Thrive in Your New Home Away from Home\" is non-fiction.", "label": "n|o|n|-|f|i|c|t|i|o|n", "question": "Predict the genre (fiction, non-fiction or romance) of the book 'The College Dorm Survival Guide: How to Survive and Thrive in Your New Home Away from Home'. Answer precisely (60 words)", "desc": "node_attr,node_id\ncurrently-reading,3\nnon-fiction,4\nbooks-i-own,5\nPaperback,6\n\nsrc,edge_attr,dst\n"}
{"id": "20670870", "pred": " Based on the given data, the genre of the book \"1\" can be predicted as \"romance\".", "label": "r|o|m|a|n|c|e", "question": "Predict the genre (fiction, non-fiction or romance) of the book '1'. Answer precisely (60 words)", "desc": "node_attr,node_id\n7072981,0\n1,2\n\nsrc,edge_attr,dst\n"}
{"id": "4870497", "pred": " Based on the provided graph, the genre of the book \"Le Roman comique\" can be predicted as \"classiques\" with a score of 10.", "label": "f|i|c|t|i|o|n", "question": "Predict the genre (fiction, non-fiction or romance) of the book 'Le Roman comique'. Answer precisely (60 words)", "desc": "node_attr,node_id\nscolaire,7\nhumour,8\nclassiques,9\nlitterature-francaise,10\n\nsrc,edge_attr,dst\n4870497,shelf,10\n4870497,shelf,9\n4870497,shelf,7\n"}
{"id": "6192262", "pred": " Based on the given data, the genre of the book \"Lady Liza's Luck\" is romance.", "label": "r|o|m|a|n|c|e", "question": "Predict the genre (fiction, non-fiction or romance) of the book 'Lady Liza's Luck'. Answer precisely (60 words)", "desc": "node_attr,node_id\nto-read,1\nromance,2\nRobert Hale,6\n\nsrc,edge_attr,dst\n"}
{"id": "33387044", "pred": " Based on the provided data, the genre of the book \"TIED: A DELVE Novella\" is romance (5).", "label": "r|o|m|a|n|c|e", "question": "Predict the genre (fiction, non-fiction or romance) of the book 'TIED: A DELVE Novella'. Answer precisely (60 words)", "desc": "node_attr,node_id\nto-read,1\ncurrently-reading,2\nquick-read,4\nromance,5\n\nsrc,edge_attr,dst\n33387044,shelf,5\n33387044,shelf,2\n"}
{"id": "18758824", "pred": " Based on the given data, the genre of the book \"Near Perfect Attraction: Donovan's Story (Indelible Love #3.5)\" can be predicted as Romance with a precision of 60 words.", "label": "r|o|m|a|n|c|e", "question": "Predict the genre (fiction, non-fiction or romance) of the book 'Near Perfect Attraction: Donovan's Story (Indelible Love #3.5)'. Answer precisely (60 words)", "desc": "node_attr,node_id\n5754056,0\nto-read,1\nneed,2\nseries,3\ncurrently-reading,4\n\nsrc,edge_attr,dst\n"}
{"id": "10929328", "pred": " Based on the provided data, the genre of the book \"A Sheep Amidst the Wolves\" can be predicted as non-fiction with a confidence score of 80%. The reason is that the book's node ID is 1, which corresponds to the attribute \"to-read\"", "label": "f|i|c|t|i|o|n", "question": "Predict the genre (fiction, non-fiction or romance) of the book 'A Sheep Amidst the Wolves'. Answer precisely (60 words)", "desc": "node_attr,node_id\nto-read,1\nfirst-reads,2\nPaperback,3\n\nsrc,edge_attr,dst\n"}
{"id": "18742744", "pred": " Based on the given data, the genre of the book \"Wanderlust\" can be predicted as \"romance\" with a confidence score of 50.", "label": "r|o|m|a|n|c|e", "question": "Predict the genre (fiction, non-fiction or romance) of the book 'Wanderlust'. Answer precisely (60 words)", "desc": "node_attr,node_id\nromance,2\nstandalone,19\ntbr,30\nlove,50\n\nsrc,edge_attr,dst\n18742744,shelf,50\n18742744,shelf,19\n18742744,shelf,2\n"}
{"id": "33803620", "pred": " Based on the given data, the genre of the book \"Crazy Good Love\" is romance.", "label": "r|o|m|a|n|c|e", "question": "Predict the genre (fiction, non-fiction or romance) of the book 'Crazy Good Love'. Answer precisely (60 words)", "desc": "node_attr,node_id\namazing-heroine,12\ninsta-love,14\nheroine-way-too-sheltered,29\njust-for-content,50\n\nsrc,edge_attr,dst\n33803620,shelf,29\n33803620,shelf,14\n33803620,shelf,12\n"}
{"id": "650040", "pred": " Based on the given graph, the genre of the book \"So You're Getting Married\" is \"romance\" with confidence score 80%.", "label": "n|o|n|-|f|i|c|t|i|o|n", "question": "Predict the genre (fiction, non-fiction or romance) of the book 'So You're Getting Married'. Answer precisely (60 words)", "desc": "node_attr,node_id\nmarriage,2\nfamily,3\ncounseling,6\nRegal Books,8\n\nsrc,edge_attr,dst\n"}
{"id": "2523500", "pred": " Based on the provided data, the genre of the book \"Eros, Thanatos, Cubao: Mga Piling Katha\" can be predicted as fiction, specifically in the genre of short stories.", "label": "f|i|c|t|i|o|n", "question": "Predict the genre (fiction, non-fiction or romance) of the book 'Eros, Thanatos, Cubao: Mga Piling Katha'. Answer precisely (60 words)", "desc": "node_attr,node_id\nfilipiniana,2\nphil-lit,3\nshort-stories,5\n\nsrc,edge_attr,dst\n"}
{"id": "7556840", "pred": " Based on the given data, the genre of the book \"Yoga: Your Home Practice Companion\" is yoga, which is non-fiction.", "label": "n|o|n|-|f|i|c|t|i|o|n", "question": "Predict the genre (fiction, non-fiction or romance) of the book 'Yoga: Your Home Practice Companion'. Answer precisely (60 words)", "desc": "node_attr,node_id\n5158478,0\nyoga,3\nyoga-books,11\nhealth-fitness,12\n\nsrc,edge_attr,dst\n7556840,shelf,12\n7556840,shelf,11\n7556840,shelf,3\n"}
{"id": "18196969", "pred": " Based on the given data, the genre of the book \"With this Ring (Wedding Dreams #1)\" is Romance.", "label": "r|o|m|a|n|c|e", "question": "Predict the genre (fiction, non-fiction or romance) of the book 'With this Ring (Wedding Dreams #1)'. Answer precisely (60 words)", "desc": "node_attr,node_id\nto-read,1\ncurrently-reading,4\ncontemporary-romance,7\nDoodle Designs,10\n\nsrc,edge_attr,dst\n18196969,shelf,7\n18196969,shelf,4\n"}
{"id": "4616163", "pred": " Based on the given data, the book \"De nachtelijke invallen van ambtenaar Varamo\" belongs to the genre of fiction.", "label": "f|i|c|t|i|o|n", "question": "Predict the genre (fiction, non-fiction or romance) of the book 'De nachtelijke invallen van ambtenaar Varamo'. Answer precisely (60 words)", "desc": "node_attr,node_id\nsouth-america,19\nbiblioteca-personal,55\nsudamericani-spagnoli-e-portoghesi,61\nargentinan-lit,80\n\nsrc,edge_attr,dst\n4616163,shelf,80\n4616163,shelf,61\n4616163,shelf,55\n"}
{"id": "27213233", "pred": " Based on the provided graph, the genre of the book \"The Runaway Wife\" can be predicted as literary fiction with a probability of 16/17 = 0.941 (94.1%).", "label": "f|i|c|t|i|o|n", "question": "Predict the genre (fiction, non-fiction or romance) of the book 'The Runaway Wife'. Answer precisely (60 words)", "desc": "node_attr,node_id\nliterary-fiction,9\nadult-fiction,12\nrealistic-fiction,16\nbeach-read,17\n\nsrc,edge_attr,dst\n27213233,shelf,16\n27213233,shelf,12\n27213233,shelf,9\n"}
{"id": "13564062", "pred": " Based on the given data, the book \"Thank My Lucky Scars\" belongs to the genre \"hurt-comfort\" with a score of 28.", "label": "r|o|m|a|n|c|e", "question": "Predict the genre (fiction, non-fiction or romance) of the book 'Thank My Lucky Scars'. Answer precisely (60 words)", "desc": "node_attr,node_id\nhurt-comfort,16\nfeel-good,22\ndisability,28\npdf,42\n\nsrc,edge_attr,dst\n13564062,shelf,28\n13564062,shelf,22\n13564062,shelf,16\n"}
{"id": "19302431", "pred": " Based on the provided data, the genre of the book \"The Texan's Forbidden Fiancee (Lone Star Legends #1)\" is romance.", "label": "r|o|m|a|n|c|e", "question": "Predict the genre (fiction, non-fiction or romance) of the book 'The Texan's Forbidden Fiancee (Lone Star Legends #1)'. Answer precisely (60 words)", "desc": "node_attr,node_id\nto-read,1\nromance,2\nharlequin-desire,4\nHarlequin,6\n\nsrc,edge_attr,dst\n19302431,shelf,4\n"}
{"id": "22172341", "pred": " Based on the provided data, the genre of the book \"\u0397 \u03b1\u03c0\u03b5\u03bb\u03b5\u03c5\u03b8\u03ad\u03c1\u03c9\u03c3\u03b7 \u03bc\u03b9\u03b1\u03c2 \u03b3\u03c5\u03bd\u03b1\u03af\u03ba\u03b1\u03c2\" can be predicted as \"Non-fiction\".", "label": "f|i|c|t|i|o|n", "question": "Predict the genre (fiction, non-fiction or romance) of the book '\u0397 \u03b1\u03c0\u03b5\u03bb\u03b5\u03c5\u03b8\u03ad\u03c1\u03c9\u03c3\u03b7 \u03bc\u03b9\u03b1\u03c2 \u03b3\u03c5\u03bd\u03b1\u03af\u03ba\u03b1\u03c2'. Answer precisely (60 words)", "desc": "node_attr,node_id\n4056243,1\ncurrently-reading,5\nMass Market Paperback,6\nPara Pente,7\n\nsrc,edge_attr,dst\n22172341,format,6\n"}
{"id": "25052856", "pred": " Based on the given data, the genre of the book \"Cigarett\" can be predicted as non-fiction.", "label": "f|i|c|t|i|o|n", "question": "Predict the genre (fiction, non-fiction or romance) of the book 'Cigarett'. Answer precisely (60 words)", "desc": "node_attr,node_id\nbook-collection,5\nvardagsrealism,10\nBonniers,12\n\nsrc,edge_attr,dst\n25052856,publisher,12\n25052856,shelf,5\n"}
{"id": "29742823", "pred": " Based on the provided data, the genre of the book \"A Broken Vow (Inked Angels MC #3)\" can be predicted as romance with a confidence score of 80%. The edge attributes \"to-read\" and \"currently-reading\" indicate that the book is not yet", "label": "r|o|m|a|n|c|e", "question": "Predict the genre (fiction, non-fiction or romance) of the book 'A Broken Vow (Inked Angels MC #3)'. Answer precisely (60 words)", "desc": "node_attr,node_id\nto-read,1\ncurrently-reading,2\nmc,4\n\nsrc,edge_attr,dst\n"}
{"id": "6340878", "pred": " Based on the provided data, the genre of the book \"Bentara: Esei Esei 2002\" can be predicted as non-fiction.", "label": "n|o|n|-|f|i|c|t|i|o|n", "question": "Predict the genre (fiction, non-fiction or romance) of the book 'Bentara: Esei Esei 2002'. Answer precisely (60 words)", "desc": "node_attr,node_id\nPenerbit Buku Kompas,12\n\nsrc,edge_attr,dst\n"}
{"id": "537054", "pred": " Based on the given data, the genre of the book \"Speak to My Heart (Spirit and Soul #1)\" is romance.", "label": "f|i|c|t|i|o|n", "question": "Predict the genre (fiction, non-fiction or romance) of the book 'Speak to My Heart (Spirit and Soul #1)'. Answer precisely (60 words)", "desc": "node_attr,node_id\n285849,0\nto-read,1\nchristian,2\nchristian-fiction,3\nfiction,4\n\nsrc,edge_attr,dst\n537054,shelf,3\n"}
{"id": "5619824", "pred": " Based on the provided data, the genre of the book \"The Complete Guide to Executive Compensation\" can be predicted as \"non-fiction\".", "label": "n|o|n|-|f|i|c|t|i|o|n", "question": "Predict the genre (fiction, non-fiction or romance) of the book 'The Complete Guide to Executive Compensation'. Answer precisely (60 words)", "desc": "node_attr,node_id\n900435,0\nto-read,1\nHardcover,2\nMcGraw-Hill Companies,3\n\nsrc,edge_attr,dst\n"}
{"id": "18101845", "pred": " Based on the given data, the genre of the book \"Team Clean: The Ultimate Family Clean-Up-The-House Formula\" is non-fiction (genre ID: 5).", "label": "n|o|n|-|f|i|c|t|i|o|n", "question": "Predict the genre (fiction, non-fiction or romance) of the book 'Team Clean: The Ultimate Family Clean-Up-The-House Formula'. Answer precisely (60 words)", "desc": "node_attr,node_id\nparenting,2\nnon-fiction,3\norganizing,5\nhow-to,6\n\nsrc,edge_attr,dst\n18101845,shelf,6\n18101845,shelf,5\n18101845,shelf,2\n"}
{"id": "7606142", "pred": " Based on the given data, the genre of the book \"Collins Gem French Verbs\" can be predicted as \"non-fiction\".", "label": "n|o|n|-|f|i|c|t|i|o|n", "question": "Predict the genre (fiction, non-fiction or romance) of the book 'Collins Gem French Verbs'. Answer precisely (60 words)", "desc": "node_attr,node_id\nlanguages,4\nfrancais,7\nfrench,12\nPaperback,14\n\nsrc,edge_attr,dst\n7606142,shelf,12\n7606142,shelf,7\n7606142,shelf,4\n"}
{"id": "32861105", "pred": " Based on the provided data, I predict that the genre of the book \"The Streets Have No King\" is non-fiction.", "label": "f|i|c|t|i|o|n", "question": "Predict the genre (fiction, non-fiction or romance) of the book 'The Streets Have No King'. Answer precisely (60 words)", "desc": "node_attr,node_id\n2790128,0\nto-read,1\ncurrently-reading,2\nurban,4\n,6\n\nsrc,edge_attr,dst\n"}
{"id": "26071581", "pred": " Based on the provided data, the genre of the book \"Saved by the CEO (Vineyards of Calanetti, #8)\" can be predicted as romance with a confidence score of 80%. The category-romance attribute in the node_attr column and the Harlequin", "label": "r|o|m|a|n|c|e", "question": "Predict the genre (fiction, non-fiction or romance) of the book 'Saved by the CEO (Vineyards of Calanetti, #8)'. Answer precisely (60 words)", "desc": "node_attr,node_id\ncategory-romance,3\nharlequin,4\nHarlequin,6\n\nsrc,edge_attr,dst\n"}
{"id": "25629542", "pred": " Based on the provided graph, the genre of the book \"First Impressions\" is \"romance\".", "label": "r|o|m|a|n|c|e", "question": "Predict the genre (fiction, non-fiction or romance) of the book 'First Impressions'. Answer precisely (60 words)", "desc": "node_attr,node_id\nto-read,1\nfreebie,4\nPaperback,5\n\nsrc,edge_attr,dst\n"}
{"id": "16036735", "pred": " Based on the given data, the genre of the book \"The Bone House\" can be predicted as horror (edge_attr=25).", "label": "f|i|c|t|i|o|n", "question": "Predict the genre (fiction, non-fiction or romance) of the book 'The Bone House'. Answer precisely (60 words)", "desc": "node_attr,node_id\nhorror,2\nbooks-i-own,7\namazon-freebie,13\nDark & Sinister,25\n\nsrc,edge_attr,dst\n16036735,publisher,25\n16036735,shelf,7\n16036735,shelf,2\n"}
{"id": "33022431", "pred": " Based on the provided data, the genre of the book \"Snowbound - A Chicklit Christmas Novella\" can be predicted as \"Chicklit\".", "label": "r|o|m|a|n|c|e", "question": "Predict the genre (fiction, non-fiction or romance) of the book 'Snowbound - A Chicklit Christmas Novella'. Answer precisely (60 words)", "desc": "node_attr,node_id\nto-read,1\nebook,2\nRedfish Publishing,3\n\nsrc,edge_attr,dst\n"}
{"id": "25730524", "pred": " Based on the given data, the genre of the book \"N\u1eef Sinh\" can be predicted as fiction with a confidence score of 68.", "label": "f|i|c|t|i|o|n", "question": "Predict the genre (fiction, non-fiction or romance) of the book 'N\u1eef Sinh'. Answer precisely (60 words)", "desc": "node_attr,node_id\n5033425,1\njapanese-lit,10\nasian,17\n\u65e5\u672c,23\nNXB Hoi Nha Van,68\n\nsrc,edge_attr,dst\n25730524,shelf,23\n25730524,shelf,17\n"}
{"id": "33222427", "pred": " Based on the provided data, the genre of the book \"My Sweet Revenge (Crime Family #2)\" can be predicted as \"Crime Fiction\".", "label": "r|o|m|a|n|c|e", "question": "Predict the genre (fiction, non-fiction or romance) of the book 'My Sweet Revenge (Crime Family #2)'. Answer precisely (60 words)", "desc": "node_attr,node_id\nto-read,1\narc,2\n,4\n\nsrc,edge_attr,dst\n"}
{"id": "130643", "pred": " Based on the provided data, the genre of the book \"Uke Rivers Delivers\" can be predicted as fiction.", "label": "f|i|c|t|i|o|n", "question": "Predict the genre (fiction, non-fiction or romance) of the book 'Uke Rivers Delivers'. Answer precisely (60 words)", "desc": "node_attr,node_id\nLouisiana State University Press,5\n\nsrc,edge_attr,dst\n130643,publisher,5\n"}
{"id": "27833415", "pred": " Based on the provided data, the genre of the book \"Un lugar donde olvidarte\" is Romance (60 words).", "label": "r|o|m|a|n|c|e", "question": "Predict the genre (fiction, non-fiction or romance) of the book 'Un lugar donde olvidarte'. Answer precisely (60 words)", "desc": "node_attr,node_id\nle\u00eddo,3\nebook,4\n\nsrc,edge_attr,dst\n"}
{"id": "2245162", "pred": " Based on the provided data, the genre of the book \"Under the Weather: How Weather and Climate Affect Our Health\" can be predicted as non-fiction.", "label": "n|o|n|-|f|i|c|t|i|o|n", "question": "Predict the genre (fiction, non-fiction or romance) of the book 'Under the Weather: How Weather and Climate Affect Our Health'. Answer precisely (60 words)", "desc": "node_attr,node_id\nto-read,1\nhealth,2\n\nsrc,edge_attr,dst\n"}
{"id": "838917", "pred": " Based on the given data, the book \"The Power of a Praying Woman\" belongs to the genre of Christian non-fiction, specifically focusing on biblical womanhood and prayer life.", "label": "n|o|n|-|f|i|c|t|i|o|n", "question": "Predict the genre (fiction, non-fiction or romance) of the book 'The Power of a Praying Woman'. Answer precisely (60 words)", "desc": "node_attr,node_id\nchristian-women,41\nbiblical-womanhood,42\nown-it,45\nprayer-life,53\n\nsrc,edge_attr,dst\n838917,shelf,53\n838917,shelf,42\n838917,shelf,41\n"}
{"id": "13875", "pred": " Based on the given graph, the genre of the book \"Caster's Blog: A Geek Love Story\" can be predicted as romance. The node with ID 3 (Lulu.com) is connected to the node with ID 1 (node_attr) via an edge with attribute", "label": "f|i|c|t|i|o|n", "question": "Predict the genre (fiction, non-fiction or romance) of the book 'Caster's Blog: A Geek Love Story'. Answer precisely (60 words)", "desc": "node_attr,node_id\nto-read,1\nLulu.com,3\n\nsrc,edge_attr,dst\n"}
{"id": "8432776", "pred": " Based on the given graph, the genre of the book \"Blind Faith\" is romance.", "label": "r|o|m|a|n|c|e", "question": "Predict the genre (fiction, non-fiction or romance) of the book 'Blind Faith'. Answer precisely (60 words)", "desc": "node_attr,node_id\nebook,8\nromance,9\n,30\nEllora's Cave,31\n\nsrc,edge_attr,dst\n8432776,format,30\n8432776,publisher,31\n8432776,shelf,9\n"}
{"id": "8544426", "pred": " Based on the provided data, I predict that the book \"\u062a\u062d\u0631\u064a\u0631 \u0627\u0644\u0645\u0631\u0623\u0629 \u0641\u064a \u0639\u0635\u0631 \u0627\u0644\u0631\u0633\u0627\u0644\u0629\" is a non-fiction book, specifically a study or analysis of women's rights and gender issues in the modern era.", "label": "n|o|n|-|f|i|c|t|i|o|n", "question": "Predict the genre (fiction, non-fiction or romance) of the book '\u062a\u062d\u0631\u064a\u0631 \u0627\u0644\u0645\u0631\u0623\u0629 \u0641\u064a \u0639\u0635\u0631 \u0627\u0644\u0631\u0633\u0627\u0644\u0629'. Answer precisely (60 words)", "desc": "node_attr,node_id\n\u0627\u0644\u0645\u0631\u0623\u0629,5\n\u0639\u0646-\u0627\u0644\u0645\u0631\u0623\u0629,16\n\u0627\u0644\u0645\u0631\u0623\u0647,29\n\nsrc,edge_attr,dst\n8544426,shelf,29\n8544426,shelf,5\n"}
{"id": "6233570", "pred": " Based on the provided graph, the book \"\u0645\u0642\u062a\u0644 \u0641\u062e\u0631 \u0627\u0644\u062f\u064a\u0646\" belongs to the fiction genre.", "label": "f|i|c|t|i|o|n", "question": "Predict the genre (fiction, non-fiction or romance) of the book '\u0645\u0642\u062a\u0644 \u0641\u062e\u0631 \u0627\u0644\u062f\u064a\u0646'. Answer precisely (60 words)", "desc": "node_attr,node_id\n\u0639\u0632\u0627\u0644\u062f\u064a\u0646-\u0634\u0643\u0631\u064a-\u0641\u0634\u064a\u0631,6\npdf,10\n\u0639\u0632-\u0627\u0644\u062f\u064a\u0646-\u0634\u0643\u0631\u064a,29\n\u0639\u0632\u0627\u0644\u062f\u064a\u0646-\u0641\u0634\u064a\u0631,86\n\nsrc,edge_attr,dst\n6233570,shelf,86\n6233570,shelf,29\n6233570,shelf,6\n"}
{"id": "12447917", "pred": " Based on the given data, the genre of the book \"Happy Endings (Happy Endings, #1)\" is romance.", "label": "r|o|m|a|n|c|e", "question": "Predict the genre (fiction, non-fiction or romance) of the book 'Happy Endings (Happy Endings, #1)'. Answer precisely (60 words)", "desc": "node_attr,node_id\nm-m-romance,4\nmm-romance,5\ndid-not-finish,16\nm-m-to-read,29\n\nsrc,edge_attr,dst\n12447917,shelf,16\n12447917,shelf,5\n12447917,shelf,4\n"}
{"id": "31126454", "pred": " Based on the provided data, the genre of the book \"Love Child\" is romance.", "label": "r|o|m|a|n|c|e", "question": "Predict the genre (fiction, non-fiction or romance) of the book 'Love Child'. Answer precisely (60 words)", "desc": "node_attr,node_id\ncontemporary-romance,6\nolder-hero-younger-heroine,42\nadult-romance,43\nbook-boyfriend,51\n\nsrc,edge_attr,dst\n31126454,shelf,43\n31126454,shelf,42\n31126454,shelf,6\n"}
{"id": "27066418", "pred": " Based on the given graph, the genre of the book \"Everybody's Fool\" can be predicted as fiction with a confidence score of 78.", "label": "f|i|c|t|i|o|n", "question": "Predict the genre (fiction, non-fiction or romance) of the book 'Everybody's Fool'. Answer precisely (60 words)", "desc": "node_attr,node_id\nbook-club,5\namerican-fiction,66\nmodern-fiction,72\nread-in-2017,78\n\nsrc,edge_attr,dst\n27066418,shelf,72\n27066418,shelf,66\n27066418,shelf,5\n"}
{"id": "12713119", "pred": " Based on the given data, the genre of the book \"Rainforest Research Journal\" can be predicted as non-fiction with a confidence score of 9 (edge_attr=9).", "label": "n|o|n|-|f|i|c|t|i|o|n", "question": "Predict the genre (fiction, non-fiction or romance) of the book 'Rainforest Research Journal'. Answer precisely (60 words)", "desc": "node_attr,node_id\njournal,3\nnonfiction,5\nCrabtree Publishing Company,9\n\nsrc,edge_attr,dst\n12713119,shelf,5\n12713119,shelf,3\n"}
{"id": "1522721", "pred": " Based on the given data, the genre of the book \"Black Man's Religion\" can be predicted as non-fiction.", "label": "n|o|n|-|f|i|c|t|i|o|n", "question": "Predict the genre (fiction, non-fiction or romance) of the book 'Black Man's Religion'. Answer precisely (60 words)", "desc": "node_attr,node_id\n16724,1\ntheology,3\nchristian,4\nafrican-american,6\n\nsrc,edge_attr,dst\n1522721,shelf,6\n1522721,shelf,4\n1522721,shelf,3\n"}
{"id": "24521739", "pred": " Based on the given data, the genre of the book \"Lie to Me (Gully's Fall, #3)\" is Romance.", "label": "r|o|m|a|n|c|e", "question": "Predict the genre (fiction, non-fiction or romance) of the book 'Lie to Me (Gully's Fall, #3)'. Answer precisely (60 words)", "desc": "node_attr,node_id\nseries-read,11\nzmore-to-the-story,21\nlove-story,27\n2015-reading-challenge,31\n\nsrc,edge_attr,dst\n24521739,shelf,31\n24521739,shelf,27\n24521739,shelf,11\n"}
{"id": "323609", "pred": " Based on the given data, the genre of the book \"Topoi: The Categorial Analysis of Logic\" can be predicted as \"non-fiction\".", "label": "n|o|n|-|f|i|c|t|i|o|n", "question": "Predict the genre (fiction, non-fiction or romance) of the book 'Topoi: The Categorial Analysis of Logic'. Answer precisely (60 words)", "desc": "node_attr,node_id\n185962,0\nlogic,5\nphilosophy,7\ntheory,9\n\nsrc,edge_attr,dst\n323609,shelf,9\n323609,shelf,7\n323609,shelf,5\n"}
{"id": "18805196", "pred": " Based on the provided data, the book \"The Collaring Ceremony: His POV\" is a romance novel.", "label": "r|o|m|a|n|c|e", "question": "Predict the genre (fiction, non-fiction or romance) of the book 'The Collaring Ceremony: His POV'. Answer precisely (60 words)", "desc": "node_attr,node_id\nshort-story,11\ncontemporary-romance,15\nquickie,32\nown-to-read,39\n\nsrc,edge_attr,dst\n18805196,shelf,39\n18805196,shelf,15\n18805196,shelf,11\n"}
{"id": "29985213", "pred": " Based on the given data, the genre of the book \"Love Addiction\" can be predicted as romance.", "label": "r|o|m|a|n|c|e", "question": "Predict the genre (fiction, non-fiction or romance) of the book 'Love Addiction'. Answer precisely (60 words)", "desc": "node_attr,node_id\n14188380,0\nebook,1\nSiren Bookstrand,2\n\nsrc,edge_attr,dst\n"}
{"id": "32828826", "pred": " Based on the given data, the genre of the book \"The Children of Little Thwopping\" can be predicted as \"fiction\".", "label": "f|i|c|t|i|o|n", "question": "Predict the genre (fiction, non-fiction or romance) of the book 'The Children of Little Thwopping'. Answer precisely (60 words)", "desc": "node_attr,node_id\n15343629,0\nKindle Edition,2\nAmazon,3\n\nsrc,edge_attr,dst\n"}
{"id": "18462726", "pred": " Based on the provided data, the book \"Negotiation Tactics (Sutton Capital #3)\" is likely to be a non-fiction book on business and negotiation strategies, with an emphasis on practical tactics and techniques.", "label": "r|o|m|a|n|c|e", "question": "Predict the genre (fiction, non-fiction or romance) of the book 'Negotiation Tactics (Sutton Capital #3)'. Answer precisely (60 words)", "desc": "node_attr,node_id\nsutton-capital,15\ntwists-turns,79\ncommunication-and-persuasion,85\n0-bargain-priced,92\n\nsrc,edge_attr,dst\n18462726,shelf,92\n18462726,shelf,85\n18462726,shelf,15\n"}
{"id": "220926", "pred": " Based on the provided graph, the book \"Pedagogy of the Heart\" belongs to the non-fiction genre.", "label": "n|o|n|-|f|i|c|t|i|o|n", "question": "Predict the genre (fiction, non-fiction or romance) of the book 'Pedagogy of the Heart'. Answer precisely (60 words)", "desc": "node_attr,node_id\neducation,2\npedagogy,6\nteaching,9\n\nsrc,edge_attr,dst\n220926,shelf,9\n220926,shelf,2\n"}
{"id": "9565627", "pred": " Based on the given data, the genre of the book \"Missing In Action (Justifiers, #1)\" can be predicted as fiction.", "label": "f|i|c|t|i|o|n", "question": "Predict the genre (fiction, non-fiction or romance) of the book 'Missing In Action (Justifiers, #1)'. Answer precisely (60 words)", "desc": "node_attr,node_id\nPaperback,5\n\nsrc,edge_attr,dst\n9565627,format,5\n"}
{"id": "1610908", "pred": " Based on the given data, the genre of the book \"Thinking on Paper: Refine, Express, and Actually Generate Ideas by Understanding the Processes of the Mind\" can be predicted as non-fiction.", "label": "n|o|n|-|f|i|c|t|i|o|n", "question": "Predict the genre (fiction, non-fiction or romance) of the book 'Thinking on Paper: Refine, Express, and Actually Generate Ideas by Understanding the Processes of the Mind'. Answer precisely (60 words)", "desc": "node_attr,node_id\n5824672,1\nto-read,2\nwriting,3\ncurrently-reading,5\nPaperback,9\n\nsrc,edge_attr,dst\n1610908,shelf,5\n1610908,shelf,3\n"}
{"id": "16598767", "pred": " Based on the given graph data, the genre of the book \"Brothers in Arms: The Story of Al-Qa'ida and the Arab Jihadists\" can be predicted as non-fiction.", "label": "n|o|n|-|f|i|c|t|i|o|n", "question": "Predict the genre (fiction, non-fiction or romance) of the book 'Brothers in Arms: The Story of Al-Qa'ida and the Arab Jihadists'. Answer precisely (60 words)", "desc": "node_attr,node_id\nterrorism,5\nsaqi-books,6\n9-11,10\n--islamic-world,13\n\nsrc,edge_attr,dst\n16598767,shelf,13\n16598767,shelf,10\n16598767,shelf,5\n"}
{"id": "7826653", "pred": " Based on the given data, the genre of the book \"Hegel\" can be predicted as non-fiction with a confidence score of 4.", "label": "n|o|n|-|f|i|c|t|i|o|n", "question": "Predict the genre (fiction, non-fiction or romance) of the book 'Hegel'. Answer precisely (60 words)", "desc": "node_attr,node_id\nto-read,1\nphilosophy,2\nhegel,4\n\nsrc,edge_attr,dst\n"}
{"id": "15739961", "pred": " Based on the given graph, the genre of the book \"Jab Zindagi Shuru Hogi / \u062c\u0628 \u0632\u0646\u062f\u06af\u06cc \u0634\u0631\u0648\u0639 \u06c1\u0648\u06af\u06cc\" can be predicted as Urdu literature (genre 4).", "label": "f|i|c|t|i|o|n", "question": "Predict the genre (fiction, non-fiction or romance) of the book 'Jab Zindagi Shuru Hogi / \u062c\u0628 \u0632\u0646\u062f\u06af\u06cc \u0634\u0631\u0648\u0639 \u06c1\u0648\u06af\u06cc'. Answer precisely (60 words)", "desc": "node_attr,node_id\nto-read,1\nurdu,3\nurdu-literature,4\nzindagi,6\n\nsrc,edge_attr,dst\n15739961,shelf,6\n15739961,shelf,4\n15739961,shelf,3\n"}
{"id": "1467543", "pred": " Based on the given graph, the genre of the book \"Mountain Bike Master: Essential Skills and Advanced Techniques Made Easy\" is non-fiction.", "label": "n|o|n|-|f|i|c|t|i|o|n", "question": "Predict the genre (fiction, non-fiction or romance) of the book 'Mountain Bike Master: Essential Skills and Advanced Techniques Made Easy'. Answer precisely (60 words)", "desc": "node_attr,node_id\n687947,0\nbicycle,4\nPaperback,5\nMenasha Ridge Press,6\n\nsrc,edge_attr,dst\n"}
{"id": "16079539", "pred": " Based on the provided data, the predicted genre of the book \"\u0639\u0646\u062f \u0627\u0644\u062e\u0637\u0631 \u0625\u0646\u0633\u0627\u0646 \u0622\u062e\u0631 - \u0645\u0646 \u0648\u062d\u0634 \u0644\u0625\u0646\u0633\u0627\u0646: \u0648\u0627\u0644\u0645\u0632\u064a\u062f\" is romance.", "label": "f|i|c|t|i|o|n", "question": "Predict the genre (fiction, non-fiction or romance) of the book '\u0639\u0646\u062f \u0627\u0644\u062e\u0637\u0631 \u0625\u0646\u0633\u0627\u0646 \u0622\u062e\u0631 - \u0645\u0646 \u0648\u062d\u0634 \u0644\u0625\u0646\u0633\u0627\u0646: \u0648\u0627\u0644\u0645\u0632\u064a\u062f'. Answer precisely (60 words)", "desc": "node_attr,node_id\nara,4\n\nsrc,edge_attr,dst\n16079539,language_code,4\n"}
{"id": "30649099", "pred": " Based on the provided data, the genre of the book \"Hot Milk\" can be predicted as fiction with a confidence score of 69%.", "label": "f|i|c|t|i|o|n", "question": "Predict the genre (fiction, non-fiction or romance) of the book 'Hot Milk'. Answer precisely (60 words)", "desc": "node_attr,node_id\n2017-reads,43\nsummer,69\nlit-fic,100\n\nsrc,edge_attr,dst\n30649099,shelf,100\n30649099,shelf,69\n"}
{"id": "17565642", "pred": " Based on the given graph, the genre of the book \"Flawless (Irresistible Attraction, #4)\" is romance.", "label": "r|o|m|a|n|c|e", "question": "Predict the genre (fiction, non-fiction or romance) of the book 'Flawless (Irresistible Attraction, #4)'. Answer precisely (60 words)", "desc": "node_attr,node_id\nromance,7\nopposites-attract,27\nsports,28\ngenre-romance,32\n\nsrc,edge_attr,dst\n17565642,shelf,32\n17565642,shelf,27\n17565642,shelf,7\n"}
{"id": "6434368", "pred": " Based on the given data, the genre of the book \"Kramer vs. Kramer\" can be predicted as \"drama\" (60 words).", "label": "f|i|c|t|i|o|n", "question": "Predict the genre (fiction, non-fiction or romance) of the book 'Kramer vs. Kramer'. Answer precisely (60 words)", "desc": "node_attr,node_id\nfamily-drama,28\nmovie,39\nPaperback,43\n\nsrc,edge_attr,dst\n6434368,shelf,39\n6434368,shelf,28\n"}
{"id": "23224233", "pred": " Based on the given graph, the genre of \"Belleza Atormentada\" is non-fiction.", "label": "r|o|m|a|n|c|e", "question": "Predict the genre (fiction, non-fiction or romance) of the book 'Belleza Atormentada'. Answer precisely (60 words)", "desc": "node_attr,node_id\nleidos,4\nbelleza-atormentada,5\nen-mi-estanter\u00eda,7\nCreatespace,10\n\nsrc,edge_attr,dst\n23224233,shelf,7\n23224233,shelf,5\n23224233,shelf,4\n"}
{"id": "283836", "pred": " Based on the provided data, the book's genre can be predicted as \"non-fiction\". The node attributes \"to-read\" and \"language\" indicate that the book is related to learning Chinese, and the edge attribute \"src\" connects it to the node labeled \"non-fiction", "label": "n|o|n|-|f|i|c|t|i|o|n", "question": "Predict the genre (fiction, non-fiction or romance) of the book 'Teach Yourself Beginners Chinese Script : An Introduction to Reading and Writing Chinese'. Answer precisely (60 words)", "desc": "node_attr,node_id\nto-read,2\nlanguage,3\nchinese,4\n\nsrc,edge_attr,dst\n"}
{"id": "16160315", "pred": " Based on the provided data, the genre of the book \"The Morrow Dance\" can be predicted as fiction.", "label": "r|o|m|a|n|c|e", "question": "Predict the genre (fiction, non-fiction or romance) of the book 'The Morrow Dance'. Answer precisely (60 words)", "desc": "node_attr,node_id\n6439609,0\nto-read,1\n,3\n\nsrc,edge_attr,dst\n"}
{"id": "13345260", "pred": " Based on the given data, the genre of the book \"A Bar Tender Tale (Bar Tenders, #1)\" can be predicted as romance.", "label": "r|o|m|a|n|c|e", "question": "Predict the genre (fiction, non-fiction or romance) of the book 'A Bar Tender Tale (Bar Tenders, #1)'. Answer precisely (60 words)", "desc": "node_attr,node_id\nmm-romance,15\nnew-adult,32\ngenre-romance,33\nbartenders,36\n\nsrc,edge_attr,dst\n13345260,shelf,36\n13345260,shelf,33\n13345260,shelf,32\n"}
{"id": "18357661", "pred": " Based on the provided data, the genre of the book \"The Coarse Witchcraft Trilogy\" can be predicted as fiction with a confidence score of 80%. The edge attributes \"to-read\" and \"currently-reading\" indicate that the book is not yet read but is on the", "label": "n|o|n|-|f|i|c|t|i|o|n", "question": "Predict the genre (fiction, non-fiction or romance) of the book 'The Coarse Witchcraft Trilogy'. Answer precisely (60 words)", "desc": "node_attr,node_id\nto-read,1\ncurrently-reading,2\nPaperback,3\nMoon Books,4\n\nsrc,edge_attr,dst\n"}
{"id": "7420234", "pred": " Based on the given data, the genre of the book \"Psychotherapy and the Highly Sensitive Person: Improving Outcomes for That Minority of People Who Are the Majority of Clients\" is non-fiction.", "label": "n|o|n|-|f|i|c|t|i|o|n", "question": "Predict the genre (fiction, non-fiction or romance) of the book 'Psychotherapy and the Highly Sensitive Person: Improving Outcomes for That Minority of People Who Are the Majority of Clients'. Answer precisely (60 words)", "desc": "node_attr,node_id\npsychology,3\nself-help,5\npsychotherapy,6\nwish-list,8\n\nsrc,edge_attr,dst\n7420234,shelf,6\n7420234,shelf,5\n7420234,shelf,3\n"}
{"id": "23251815", "pred": " Based on the given data, the genre of the book \"Believing in Bigfoot\" can be predicted as non-fiction.", "label": "r|o|m|a|n|c|e", "question": "Predict the genre (fiction, non-fiction or romance) of the book 'Believing in Bigfoot'. Answer precisely (60 words)", "desc": "node_attr,node_id\nto-read,1\n\nsrc,edge_attr,dst\n23251815,shelf,1\n"}
{"id": "6218768", "pred": " Based on the provided data, the genre of the book \"\u0627\u0644\u062a\u0646\u0638\u064a\u0645 \u0627\u0644\u0633\u0631\u064a\" can be predicted as non-fiction.", "label": "f|i|c|t|i|o|n", "question": "Predict the genre (fiction, non-fiction or romance) of the book '\u0627\u0644\u062a\u0646\u0638\u064a\u0645 \u0627\u0644\u0633\u0631\u064a'. Answer precisely (60 words)", "desc": "node_attr,node_id\n\u0631\u0648\u0627\u064a\u0627\u062a,6\npdf,8\n\u0645\u062c\u0645\u0648\u0639\u0627\u062a-\u0642\u0635\u0635\u064a\u0629,17\n\u0645\u062d\u0641\u0648\u0638,20\n\nsrc,edge_attr,dst\n6218768,shelf,20\n6218768,shelf,17\n6218768,shelf,6\n"}
{"id": "18729287", "pred": " Based on the provided graph data, the genre of the book \"He's the Man (The Alexanders, #3)\" is Romance.", "label": "r|o|m|a|n|c|e", "question": "Predict the genre (fiction, non-fiction or romance) of the book 'He's the Man (The Alexanders, #3)'. Answer precisely (60 words)", "desc": "node_attr,node_id\nthe-alexanders,31\nhave-to-read,76\nneed-to-read,95\nthe-alexanders-series,99\n\nsrc,edge_attr,dst\n18729287,shelf,99\n18729287,shelf,95\n18729287,shelf,31\n"}
{"id": "6901393", "pred": " Based on the given graph, the genre of the book \"\u0627\u0633\u062a\u0645\u062a\u0639 \u0628\u062d\u064a\u0627\u062a\u0643\" is non-fiction.", "label": "n|o|n|-|f|i|c|t|i|o|n", "question": "Predict the genre (fiction, non-fiction or romance) of the book '\u0627\u0633\u062a\u0645\u062a\u0639 \u0628\u062d\u064a\u0627\u062a\u0643'. Answer precisely (60 words)", "desc": "node_attr,node_id\n\u0627\u0633\u062a\u0645\u062a\u0639-\u0628\u062d\u064a\u0627\u062a\u0643,16\n\u0627\u0633\u0644\u0627\u0645\u064a\u0627\u062a,24\n\u0645\u0646\u0648\u0639\u0627\u062a,74\n\u062a\u0646\u0645\u064a\u0629-\u0630\u0627\u062a\u064a\u0629,84\n\nsrc,edge_attr,dst\n6901393,shelf,74\n6901393,shelf,24\n6901393,shelf,16\n"}
{"id": "84165", "pred": " Based on the provided data, the genre of the book \"CCNA: Cisco Certified Network Associate Study Guide [Exam 640-801]\" is non-fiction.", "label": "n|o|n|-|f|i|c|t|i|o|n", "question": "Predict the genre (fiction, non-fiction or romance) of the book 'CCNA: Cisco Certified Network Associate Study Guide [Exam 640-801]'. Answer precisely (60 words)", "desc": "node_attr,node_id\nccna,6\ncisco,8\nnetworking,9\n\nsrc,edge_attr,dst\n84165,shelf,8\n84165,shelf,6\n"}
{"id": "9826981", "pred": " Based on the provided data, the book \"La transparenza del male: Saggio sui fenomeni estremi\" belongs to the non-fiction genre.", "label": "n|o|n|-|f|i|c|t|i|o|n", "question": "Predict the genre (fiction, non-fiction or romance) of the book 'La transparenza del male: Saggio sui fenomeni estremi'. Answer precisely (60 words)", "desc": "node_attr,node_id\npostmodernism,11\nayr\u0131nt\u0131-yay\u0131nlar\u0131,13\nfilosof\u00eda,15\nex-supernovas-ad-sociologiae,16\n\nsrc,edge_attr,dst\n9826981,shelf,16\n9826981,shelf,15\n9826981,shelf,11\n"}
{"id": "20528440", "pred": " Based on the provided data, the genre of the book \"Rescue Nights (Cairns Rescue Team #2)\" can be predicted as Romance.", "label": "r|o|m|a|n|c|e", "question": "Predict the genre (fiction, non-fiction or romance) of the book 'Rescue Nights (Cairns Rescue Team #2)'. Answer precisely (60 words)", "desc": "node_attr,node_id\n6927053,0\nto-read,1\nnetgalley,2\ncontemporary,5\nEscape Publishing,6\n\nsrc,edge_attr,dst\n"}
{"id": "17162992", "pred": " Based on the provided data, the genre of the book \"Monkey\" can be predicted as fiction. The edge attribute \"to-read\" has a value of 1 for \"Monkey\", indicating that it is a book that the user wants to read. The node attribute \"first-reads\" has", "label": "f|i|c|t|i|o|n", "question": "Predict the genre (fiction, non-fiction or romance) of the book 'Monkey'. Answer precisely (60 words)", "desc": "node_attr,node_id\nto-read,1\nfirst-reads,2\nPaperback,3\n\nsrc,edge_attr,dst\n"}
{"id": "3886997", "pred": " Based on the provided graph data, the genre of the book \"What Not To Spend\" can be predicted as non-fiction with a confidence score of 60%.", "label": "n|o|n|-|f|i|c|t|i|o|n", "question": "Predict the genre (fiction, non-fiction or romance) of the book 'What Not To Spend'. Answer precisely (60 words)", "desc": "node_attr,node_id\npurchases-2004,9\nmanuals,15\npersonal-finance,16\nNot Avail,18\n\nsrc,edge_attr,dst\n3886997,publisher,18\n3886997,shelf,16\n3886997,shelf,9\n"}
{"id": "10560882", "pred": " Based on the provided graph data, the genre of the book \"Amerika\" can be predicted as fiction with a confidence score of 87.", "label": "f|i|c|t|i|o|n", "question": "Predict the genre (fiction, non-fiction or romance) of the book 'Amerika'. Answer precisely (60 words)", "desc": "node_attr,node_id\neurope,54\nusa,75\ngermany,87\nliterature-classics,102\n\nsrc,edge_attr,dst\n10560882,shelf,87\n10560882,shelf,75\n10560882,shelf,54\n"}
{"id": "7861643", "pred": " Based on the given data, the genre of the book \"Joe's Wedding\" is romance.", "label": "r|o|m|a|n|c|e", "question": "Predict the genre (fiction, non-fiction or romance) of the book 'Joe's Wedding'. Answer precisely (60 words)", "desc": "node_attr,node_id\nto-read,1\n\nsrc,edge_attr,dst\n7861643,shelf,1\n"}
{"id": "211489", "pred": " Based on the given data, the genre of the book \"Total Strength Training for Women\" can be predicted as non-fiction (edge_attr=3).", "label": "n|o|n|-|f|i|c|t|i|o|n", "question": "Predict the genre (fiction, non-fiction or romance) of the book 'Total Strength Training for Women'. Answer precisely (60 words)", "desc": "node_attr,node_id\n3933128,1\nto-read,2\nnon-fiction,3\nSpiral-bound,4\nThunder Bay Press,5\n\nsrc,edge_attr,dst\n"}
{"id": "18812763", "pred": " Based on the provided data, the genre of the book \"Holiday Magic (Second Chance #1)\" is Romance (18).", "label": "r|o|m|a|n|c|e", "question": "Predict the genre (fiction, non-fiction or romance) of the book 'Holiday Magic (Second Chance #1)'. Answer precisely (60 words)", "desc": "node_attr,node_id\nnot-enough-1-on-1-time-for-h-h,8\nhero-doesnt-fight-4-h,12\n2nd-chance-romance-or-relationshp,14\nFront Porch Romance,18\n\nsrc,edge_attr,dst\n18812763,publisher,18\n18812763,shelf,14\n18812763,shelf,12\n"}
{"id": "8466826", "pred": " Based on the provided data, I would predict that the book \"Simple Comforts: 50 Heartwarming Recipes\" is a non-fiction cookbook.", "label": "n|o|n|-|f|i|c|t|i|o|n", "question": "Predict the genre (fiction, non-fiction or romance) of the book 'Simple Comforts: 50 Heartwarming Recipes'. Answer precisely (60 words)", "desc": "node_attr,node_id\ncookbooks,2\ncookbook,4\ncook-book,6\n\nsrc,edge_attr,dst\n8466826,shelf,4\n8466826,shelf,2\n"}
{"id": "6087545", "pred": " Based on the provided data, the genre of the book \"The Holiday Visitor (#1527)\" is fiction.", "label": "r|o|m|a|n|c|e", "question": "Predict the genre (fiction, non-fiction or romance) of the book 'The Holiday Visitor (#1527)'. Answer precisely (60 words)", "desc": "node_attr,node_id\n108538,0\nto-read,1\nchristmas-books,2\nchristmas,3\n\nsrc,edge_attr,dst\n6087545,shelf,3\n"}
{"id": "35961535", "pred": " Based on the given data, the genre of the book \"Between You and Me\" can be predicted as \"romance\" with precision.", "label": "r|o|m|a|n|c|e", "question": "Predict the genre (fiction, non-fiction or romance) of the book 'Between You and Me'. Answer precisely (60 words)", "desc": "node_attr,node_id\nebook,5\nKindle Edition,6\nThe Wild Rose Press,7\n\nsrc,edge_attr,dst\n"}
{"id": "17252158", "pred": " Based on the given data, the genre of the book \"El ni\u00f1o que rob\u00f3 el caballo de Atila\" is fiction.", "label": "f|i|c|t|i|o|n", "question": "Predict the genre (fiction, non-fiction or romance) of the book 'El ni\u00f1o que rob\u00f3 el caballo de Atila'. Answer precisely (60 words)", "desc": "node_attr,node_id\nspanish,5\nhispanic,9\nPaperback,14\nLibros del silencio,15\n\nsrc,edge_attr,dst\n17252158,publisher,15\n17252158,shelf,9\n17252158,shelf,5\n"}
{"id": "16103916", "pred": " Based on the given data, the genre of the book \"La controvita\" can be predicted as \"non-fiction\".", "label": "f|i|c|t|i|o|n", "question": "Predict the genre (fiction, non-fiction or romance) of the book 'La controvita'. Answer precisely (60 words)", "desc": "node_attr,node_id\nita,93\n\nsrc,edge_attr,dst\n16103916,language_code,93\n"}
{"id": "20921108", "pred": " Based on the given data, the genre of the book \"Chanah's Voice: A Rabbi Wrestles with Gender, Commandment, and the Women's Rituals of Baking, Bathing, and Brightening\" can be predicted as non-fiction.", "label": "n|o|n|-|f|i|c|t|i|o|n", "question": "Predict the genre (fiction, non-fiction or romance) of the book 'Chanah's Voice: A Rabbi Wrestles with Gender, Commandment, and the Women's Rituals of Baking, Bathing, and Brightening'. Answer precisely (60 words)", "desc": "node_attr,node_id\njewish,2\njudaica,3\nBen Yehuda Press,5\n\nsrc,edge_attr,dst\n"}
{"id": "28116847", "pred": " Based on the given data, I predict that the book \"Here I Am\" is a fiction novel.", "label": "f|i|c|t|i|o|n", "question": "Predict the genre (fiction, non-fiction or romance) of the book 'Here I Am'. Answer precisely (60 words)", "desc": "node_attr,node_id\ncontemporary,7\nto-buy,10\noverdrive,47\nlistened-to,68\n\nsrc,edge_attr,dst\n28116847,shelf,68\n28116847,shelf,47\n28116847,shelf,7\n"}
{"id": "2434169", "pred": " Based on the given data, the genre of the book \"Hidden Women of the Gospels\" can be predicted as non-fiction.", "label": "n|o|n|-|f|i|c|t|i|o|n", "question": "Predict the genre (fiction, non-fiction or romance) of the book 'Hidden Women of the Gospels'. Answer precisely (60 words)", "desc": "node_attr,node_id\nto-read,1\nPaperback,3\nOrbis Books,4\n\nsrc,edge_attr,dst\n"}
{"id": "15774676", "pred": " Based on the provided data, the genre of the book \"Ruhm\" is literary fiction (60 words).", "label": "f|i|c|t|i|o|n", "question": "Predict the genre (fiction, non-fiction or romance) of the book 'Ruhm'. Answer precisely (60 words)", "desc": "node_attr,node_id\nliterary-fiction,20\nkurzgeschichten,46\narbeitszimmer,77\n\nsrc,edge_attr,dst\n15774676,shelf,77\n15774676,shelf,46\n"}
{"id": "15956695", "pred": " Based on the given graph, the genre of \"Ulysses\" can be predicted as literary fiction with a confidence score of 80%.", "label": "f|i|c|t|i|o|n", "question": "Predict the genre (fiction, non-fiction or romance) of the book 'Ulysses'. Answer precisely (60 words)", "desc": "node_attr,node_id\nnovels,7\nliterary-fiction,20\nclassic-literature,24\nmy-books,38\n\nsrc,edge_attr,dst\n15956695,shelf,24\n15956695,shelf,20\n15956695,shelf,7\n"}
{"id": "596034", "pred": " Based on the given data, the genre of the book \"Waiting for the End of the World\" is fiction.", "label": "n|o|n|-|f|i|c|t|i|o|n", "question": "Predict the genre (fiction, non-fiction or romance) of the book 'Waiting for the End of the World'. Answer precisely (60 words)", "desc": "node_attr,node_id\nto-read,1\nPaperback,5\n\nsrc,edge_attr,dst\n"}
{"id": "7079751", "pred": " Based on the given data, the genre of the book \"Why Are All the Good Teachers Crazy?\" can be predicted as non-fiction with a confidence score of 80%. The node attributes and edge attributes provide the following insights:\n\n* Node attributes:\n\t+ Node ", "label": "n|o|n|-|f|i|c|t|i|o|n", "question": "Predict the genre (fiction, non-fiction or romance) of the book 'Why Are All the Good Teachers Crazy?'. Answer precisely (60 words)", "desc": "node_attr,node_id\ncurrently-reading,2\neducation,3\nPaperback,6\nOutskirts Press,7\n\nsrc,edge_attr,dst\n"}
{"id": "23004615", "pred": " Based on the provided data, the genre of the book \"Rocky Mountain Romance (Six Pack Ranch, #7)\" is Romance (60 words).", "label": "r|o|m|a|n|c|e", "question": "Predict the genre (fiction, non-fiction or romance) of the book 'Rocky Mountain Romance (Six Pack Ranch, #7)'. Answer precisely (60 words)", "desc": "node_attr,node_id\nsix-pack-ranch,12\nto-buy,25\nseries-six-pack-ranch,54\ncowboys-western,58\n\nsrc,edge_attr,dst\n23004615,shelf,58\n23004615,shelf,54\n23004615,shelf,12\n"}
{"id": "23985129", "pred": " Based on the given data, the genre of the book \"Loving Kate (Acceptance, #3)\" is Romance, with a probability score of 16.", "label": "r|o|m|a|n|c|e", "question": "Predict the genre (fiction, non-fiction or romance) of the book 'Loving Kate (Acceptance, #3)'. Answer precisely (60 words)", "desc": "node_attr,node_id\nromance,6\nmature-adult-romance,9\ncontemporary-romance,12\n,16\n\nsrc,edge_attr,dst\n23985129,shelf,12\n23985129,shelf,9\n23985129,shelf,6\n"}
{"id": "78355", "pred": " Based on the given data, the genre of the book \"The I Ching for Writers: Finding the Page Inside You\" can be predicted as non-fiction with a high degree of accuracy. The book's node ID is 2, and its edge attributes indicate that it is related to the", "label": "n|o|n|-|f|i|c|t|i|o|n", "question": "Predict the genre (fiction, non-fiction or romance) of the book 'The I Ching for Writers: Finding the Page Inside You'. Answer precisely (60 words)", "desc": "node_attr,node_id\ni-ching,2\ncreative-writing,3\nnon-fiction,4\nPaperback,5\n\nsrc,edge_attr,dst\n"}
{"id": "20936413", "pred": " Based on the provided data, I would predict that the book \"Armored (Scars and Sorrow Saga, Book 4)\" belongs to the fiction genre.", "label": "r|o|m|a|n|c|e", "question": "Predict the genre (fiction, non-fiction or romance) of the book 'Armored (Scars and Sorrow Saga, Book 4)'. Answer precisely (60 words)", "desc": "node_attr,node_id\nto-read,1\n,3\nHeart Powered Publishing,4\n\nsrc,edge_attr,dst\n"}
{"id": "18667163", "pred": " Based on the provided data, I cannot predict the genre of the book \"\u0642\u0631\u064a\u0629 \u0627\u0644\u0631\u0639\u0628\" with precision as the data does not provide enough information to determine the genre. The data only includes the author's name, the number of pages, and the language code, which are not sufficient", "label": "f|i|c|t|i|o|n", "question": "Predict the genre (fiction, non-fiction or romance) of the book '\u0642\u0631\u064a\u0629 \u0627\u0644\u0631\u0639\u0628'. Answer precisely (60 words)", "desc": "node_attr,node_id\nara,4\n\nsrc,edge_attr,dst\n18667163,language_code,4\n"}
{"id": "25832278", "pred": " Based on the provided data, the genre of the book \"Random Acts of Violet\" can be predicted as romance. The edge attributes \"to-read\" and \"kindle\" suggest that the book is popular and has been read on Kindle, which is a common platform for romance nov", "label": "r|o|m|a|n|c|e", "question": "Predict the genre (fiction, non-fiction or romance) of the book 'Random Acts of Violet'. Answer precisely (60 words)", "desc": "node_attr,node_id\n8394712,0\nto-read,1\nkindle,2\n,3\n\nsrc,edge_attr,dst\n"}
{"id": "36109840", "pred": " Based on the provided data, the genre of the book \"Beauty and the Beast (Once Upon A Happy Ever After, #2)\" can be predicted as romance with a precision of 60 words:\n\n\"Romance: A tale of love and transformation, following the story of", "label": "r|o|m|a|n|c|e", "question": "Predict the genre (fiction, non-fiction or romance) of the book 'Beauty and the Beast (Once Upon A Happy Ever After, #2)'. Answer precisely (60 words)", "desc": "node_attr,node_id\nto-read,1\ncurrently-reading,2\n\nsrc,edge_attr,dst\n"}
{"id": "9377358", "pred": " Based on the given data, the genre of the book \"Visual-Kei Rock Star\" is Romance (6).", "label": "r|o|m|a|n|c|e", "question": "Predict the genre (fiction, non-fiction or romance) of the book 'Visual-Kei Rock Star'. Answer precisely (60 words)", "desc": "node_attr,node_id\nromance,2\nir,3\ncontemporary-romance,5\nebook and paperback option,6\n\nsrc,edge_attr,dst\n"}
{"id": "26258792", "pred": " Based on the given data, the genre of the book \"Stay With Me\" is fiction.", "label": "r|o|m|a|n|c|e", "question": "Predict the genre (fiction, non-fiction or romance) of the book 'Stay With Me'. Answer precisely (60 words)", "desc": "node_attr,node_id\n14008905,0\ncurrently-reading,1\nto-read,2\n,4\n\nsrc,edge_attr,dst\n"}
{"id": "18143690", "pred": " Based on the provided data, the genre of the book \"Bedtime Tales of Horror: The Corn Maze\" is horror.", "label": "f|i|c|t|i|o|n", "question": "Predict the genre (fiction, non-fiction or romance) of the book 'Bedtime Tales of Horror: The Corn Maze'. Answer precisely (60 words)", "desc": "node_attr,node_id\n6891115,0\nto-read,1\nhorror,2\nKindle Edition,3\n\nsrc,edge_attr,dst\n"}
{"id": "13565963", "pred": " Based on the given data, the genre of the book \"Don't Sweat The Small Stuff Omnibus\" can be predicted as non-fiction with a precision of 60 words.", "label": "n|o|n|-|f|i|c|t|i|o|n", "question": "Predict the genre (fiction, non-fiction or romance) of the book 'Don't Sweat The Small Stuff Omnibus'. Answer precisely (60 words)", "desc": "node_attr,node_id\ncurrently-reading,2\nself-help,3\nnon-fiction,4\nPaperback,6\n\nsrc,edge_attr,dst\n"}
{"id": "11465931", "pred": " Based on the given data, the genre of the book \"A Bride for Two Babes (Male Order, Texas, #5)\" is romance.", "label": "r|o|m|a|n|c|e", "question": "Predict the genre (fiction, non-fiction or romance) of the book 'A Bride for Two Babes (Male Order, Texas, #5)'. Answer precisely (60 words)", "desc": "node_attr,node_id\nzeries-male-order-texas,21\nmy-books,31\nmail-order-bride,35\nmale-order-texas-series,44\n\nsrc,edge_attr,dst\n11465931,shelf,44\n11465931,shelf,35\n11465931,shelf,21\n"}
{"id": "11384093", "pred": " Based on the provided data, the genre of the book \"The Methuselan Circuit (Space Cadet, #1)\" is science fiction.", "label": "f|i|c|t|i|o|n", "question": "Predict the genre (fiction, non-fiction or romance) of the book 'The Methuselan Circuit (Space Cadet, #1)'. Answer precisely (60 words)", "desc": "node_attr,node_id\nto-read,1\nscience-fiction,2\nKindle Edition,3\n\nsrc,edge_attr,dst\n"}
{"id": "11471210", "pred": " Based on the given data, the genre of the book \"Succeed for Yourself: Unlock Your Potential for Success and Happiness\" is non-fiction.", "label": "n|o|n|-|f|i|c|t|i|o|n", "question": "Predict the genre (fiction, non-fiction or romance) of the book 'Succeed for Yourself: Unlock Your Potential for Success and Happiness'. Answer precisely (60 words)", "desc": "node_attr,node_id\ncurrently-reading,2\nself-help,3\nKogan Page,8\n\nsrc,edge_attr,dst\n11471210,shelf,3\n11471210,shelf,2\n"}
{"id": "22583109", "pred": " Based on the provided data, the genre of the book \"Bunga di atas Batu\" can be predicted as non-fiction.", "label": "r|o|m|a|n|c|e", "question": "Predict the genre (fiction, non-fiction or romance) of the book 'Bunga di atas Batu'. Answer precisely (60 words)", "desc": "node_attr,node_id\nindonesia,9\nbuntelan-penerbit,10\nindonesian,12\n\nsrc,edge_attr,dst\n22583109,shelf,10\n22583109,shelf,12\n"}
{"id": "23198845", "pred": " Based on the provided data, the genre of the book \"Strip Back (Naked Nights, #0.5)\" is Romance.", "label": "r|o|m|a|n|c|e", "question": "Predict the genre (fiction, non-fiction or romance) of the book 'Strip Back (Naked Nights, #0.5)'. Answer precisely (60 words)", "desc": "node_attr,node_id\nnovella,6\nfreebie-to-read,9\ncontemporary-romance,13\n\nsrc,edge_attr,dst\n23198845,shelf,9\n23198845,shelf,6\n"}
{"id": "17367488", "pred": " Based on the given data, the genre of the book \"Loving Is Giving\" is romance.", "label": "r|o|m|a|n|c|e", "question": "Predict the genre (fiction, non-fiction or romance) of the book 'Loving Is Giving'. Answer precisely (60 words)", "desc": "node_attr,node_id\nto-read,1\nromance,2\nHardcover,3\nHarlequin,4\n\nsrc,edge_attr,dst\n"}
{"id": "17246446", "pred": " Based on the given graph, the genre of the book \"The Red Carpet\" is fiction.", "label": "f|i|c|t|i|o|n", "question": "Predict the genre (fiction, non-fiction or romance) of the book 'The Red Carpet'. Answer precisely (60 words)", "desc": "node_attr,node_id\nbook-club,12\nshort-story,19\nkeepers,23\n\nsrc,edge_attr,dst\n17246446,shelf,19\n17246446,shelf,12\n"}
{"id": "4797212", "pred": " Based on the provided data, I predict that the book \"Gauguin\" belongs to the genre of non-fiction.", "label": "n|o|n|-|f|i|c|t|i|o|n", "question": "Predict the genre (fiction, non-fiction or romance) of the book 'Gauguin'. Answer precisely (60 words)", "desc": "node_attr,node_id\nPhaidon,4\n\nsrc,edge_attr,dst\n4797212,publisher,4\n"}
{"id": "3339141", "pred": " Based on the given graph, the genre of the book \"A Step Away\" is romance.", "label": "r|o|m|a|n|c|e", "question": "Predict the genre (fiction, non-fiction or romance) of the book 'A Step Away'. Answer precisely (60 words)", "desc": "node_attr,node_id\nto-read,1\nromance,2\nPaperback,3\nSilhouette,4\n\nsrc,edge_attr,dst\n"}
{"id": "24455435", "pred": " Based on the provided data, the genre of the book \"Accidentally Yours (A Match Made in Honeybrook, #1)\" is Romance (6).", "label": "r|o|m|a|n|c|e", "question": "Predict the genre (fiction, non-fiction or romance) of the book 'Accidentally Yours (A Match Made in Honeybrook, #1)'. Answer precisely (60 words)", "desc": "node_attr,node_id\nto-read,1\nromance,2\ncontemporary-romance,6\n,11\n\nsrc,edge_attr,dst\n24455435,shelf,6\n24455435,shelf,2\n24455435,shelf,1\n"}
{"id": "11984635", "pred": " Based on the information provided, the genre of the book \"\u0130rrasyonel\" can be predicted as \"fiction\".", "label": "n|o|n|-|f|i|c|t|i|o|n", "question": "Predict the genre (fiction, non-fiction or romance) of the book '\u0130rrasyonel'. Answer precisely (60 words)", "desc": "node_attr,node_id\nDomingo Yayinevi,41\n\nsrc,edge_attr,dst\n11984635,publisher,41\n"}
{"id": "987590", "pred": " Based on the given data, the genre of the book \"Lend Me Your Ears: All you need to know about making speeches and presentations\" is non-fiction.", "label": "n|o|n|-|f|i|c|t|i|o|n", "question": "Predict the genre (fiction, non-fiction or romance) of the book 'Lend Me Your Ears: All you need to know about making speeches and presentations'. Answer precisely (60 words)", "desc": "node_attr,node_id\npublic-speaking,3\nnon-fiction,5\npresenting,7\nVermilion,10\n\nsrc,edge_attr,dst\n987590,shelf,7\n987590,shelf,5\n987590,shelf,3\n"}
{"id": "25330187", "pred": " Based on the given data, the genre of the book \"None So Blind\" can be predicted as fiction with a confidence score of 80%. The edge_attr attribute of the src node is \"to-read\", indicating that the book is not yet read, and the node_id of the dst", "label": "f|i|c|t|i|o|n", "question": "Predict the genre (fiction, non-fiction or romance) of the book 'None So Blind'. Answer precisely (60 words)", "desc": "node_attr,node_id\nto-read,3\nfiction,5\n\nsrc,edge_attr,dst\n"}
{"id": "30074967", "pred": " Based on the given data, the genre of the book \"The Playboy Prince (The Piacere Princes #1)\" can be predicted as romance.", "label": "r|o|m|a|n|c|e", "question": "Predict the genre (fiction, non-fiction or romance) of the book 'The Playboy Prince (The Piacere Princes #1)'. Answer precisely (60 words)", "desc": "node_attr,node_id\nto-read,1\ncurrently-reading,2\nthe-piacere-princes-series-bk-1,16\nonly-book-in-series,32\nPaperback,39\nAuthor Published,40\n\nsrc,edge_attr,dst\n30074967,shelf,16\n"}
{"id": "13643766", "pred": " Based on the given data, the genre of the book \"\u0627\u0644\u0625\u064a\u0645\u0627\u0646 \u0648\u0627\u0644\u062d\u064a\u0627\u0629\" can be predicted as Islamic Non-Fiction (18).", "label": "n|o|n|-|f|i|c|t|i|o|n", "question": "Predict the genre (fiction, non-fiction or romance) of the book '\u0627\u0644\u0625\u064a\u0645\u0627\u0646 \u0648\u0627\u0644\u062d\u064a\u0627\u0629'. Answer precisely (60 words)", "desc": "node_attr,node_id\n\u0627\u0644\u0642\u0631\u0636\u0627\u0648\u064a,6\n\u0643\u062a\u0628-\u062f\u064a\u0646\u064a\u0629,18\n\u0625\u0633\u0644\u0627\u0645\u064a\u0627\u062a,22\n\u0625\u0633\u0644\u0627\u0645\u064a,33\n\nsrc,edge_attr,dst\n13643766,shelf,33\n13643766,shelf,22\n13643766,shelf,6\n"}
{"id": "18898967", "pred": " Based on the provided graph data, the genre of the book \"Self-Esteem Without Selfishness, Increasing Your Capacity for Love\" can be predicted as \"non-fiction\".", "label": "n|o|n|-|f|i|c|t|i|o|n", "question": "Predict the genre (fiction, non-fiction or romance) of the book 'Self-Esteem Without Selfishness, Increasing Your Capacity for Love'. Answer precisely (60 words)", "desc": "node_attr,node_id\ncurrently-reading,2\nwritten-by-me,3\nfavorites,5\nScepter Publishers,7\n\nsrc,edge_attr,dst\n"}
{"id": "26064261", "pred": " Based on the given graph data, the genre of the book \"\u0628\u0627\u0631 \u062f\u06cc\u06af\u0631 \u0634\u0647\u0631\u06cc \u06a9\u0647 \u062f\u0648\u0633\u062a \u0645\u06cc\u200c\u062f\u0627\u0634\u062a\u0645\" is romance (94 edge_attr).", "label": "f|i|c|t|i|o|n", "question": "Predict the genre (fiction, non-fiction or romance) of the book '\u0628\u0627\u0631 \u062f\u06cc\u06af\u0631 \u0634\u0647\u0631\u06cc \u06a9\u0647 \u062f\u0648\u0633\u062a \u0645\u06cc\u200c\u062f\u0627\u0634\u062a\u0645'. Answer precisely (60 words)", "desc": "node_attr,node_id\n\u0646\u0627\u062f\u0631-\u0627\u0628\u0631\u0627\u0647\u06cc\u0645\u06cc,8\n\u06a9\u062a\u0627\u0628-\u0647\u0627\u06cc\u06cc-\u06a9\u0647-\u062e\u0631\u06cc\u062f\u0647-\u0627\u0645,58\n\u0639\u0627\u0634\u0642\u0627\u0646\u0647-\u0647\u0627\u06cc-\u062f\u0648\u0633\u062a-\u062f\u0627\u0634\u062a\u0646\u06cc,94\n2-stars,99\n\nsrc,edge_attr,dst\n26064261,shelf,94\n26064261,shelf,58\n26064261,shelf,8\n"}
{"id": "6012096", "pred": " Based on the provided data, I predict that the book \"Jesus Was a Liberal: Reclaiming Christianity for All\" belongs to the non-fiction genre.", "label": "n|o|n|-|f|i|c|t|i|o|n", "question": "Predict the genre (fiction, non-fiction or romance) of the book 'Jesus Was a Liberal: Reclaiming Christianity for All'. Answer precisely (60 words)", "desc": "node_attr,node_id\nreligion,3\nspirituality,6\nreligious,8\n\nsrc,edge_attr,dst\n6012096,shelf,8\n6012096,shelf,3\n"}
{"id": "4443488", "pred": " Based on the given data, the genre of the book \"Acting -- Make It Your Business: How to Avoid Mistakes and Achieve Success As a Working Actor\" can be predicted as \"non-fiction\".", "label": "n|o|n|-|f|i|c|t|i|o|n", "question": "Predict the genre (fiction, non-fiction or romance) of the book 'Acting -- Make It Your Business: How to Avoid Mistakes and Achieve Success As a Working Actor'. Answer precisely (60 words)", "desc": "node_attr,node_id\ncurrently-reading,2\nacting,3\nBack Stage Books,5\n\nsrc,edge_attr,dst\n"}
{"id": "25022459", "pred": " Based on the given graph, the genre of the book \"Seduced in Sand (Tulle and Tulips, #5)\" can be predicted as romance with confidence score of 1.", "label": "r|o|m|a|n|c|e", "question": "Predict the genre (fiction, non-fiction or romance) of the book 'Seduced in Sand (Tulle and Tulips, #5)'. Answer precisely (60 words)", "desc": "node_attr,node_id\nto-read,1\nromance,2\nKindle Edition,4\nSamhain Publishing,5\n\nsrc,edge_attr,dst\n"}
{"id": "7891629", "pred": " Based on the given data, the genre of the book \"Vision In Green\" can be predicted as \"romance\" with a precision of 60 words.", "label": "r|o|m|a|n|c|e", "question": "Predict the genre (fiction, non-fiction or romance) of the book 'Vision In Green'. Answer precisely (60 words)", "desc": "node_attr,node_id\nzz-special-color,3\nf-f-romance,5\nebook,24\nPhaze,25\n\nsrc,edge_attr,dst\n7891629,format,24\n7891629,publisher,25\n7891629,shelf,3\n"}
{"id": "18325895", "pred": " Based on the given graph, the genre of the book \"The Desperates\" can be predicted as fiction.", "label": "f|i|c|t|i|o|n", "question": "Predict the genre (fiction, non-fiction or romance) of the book 'The Desperates'. Answer precisely (60 words)", "desc": "node_attr,node_id\nPaperback,6\nCormorant Books,7\n\nsrc,edge_attr,dst\n"}
{"id": "18491534", "pred": " Based on the provided graph data, the genre of the book \"Echo in the Underworld\" can be predicted as \"fiction\".", "label": "f|i|c|t|i|o|n", "question": "Predict the genre (fiction, non-fiction or romance) of the book 'Echo in the Underworld'. Answer precisely (60 words)", "desc": "node_attr,node_id\nto-read,1\nebook,3\n,4\n\nsrc,edge_attr,dst\n"}
{"id": "24779568", "pred": " Based on the node attributes, the book \"Logan (Wild Boys After Dark #1; After Dark #1; Love in Bloom #43)\" belongs to the romance genre.", "label": "r|o|m|a|n|c|e", "question": "Predict the genre (fiction, non-fiction or romance) of the book 'Logan (Wild Boys After Dark #1; After Dark #1; Love in Bloom #43)'. Answer precisely (60 words)", "desc": "node_attr,node_id\ncontemporary,8\nseries,9\nwild-boys-after-dark,66\nfirst-reads,101\n\nsrc,edge_attr,dst\n24779568,shelf,101\n24779568,shelf,66\n24779568,shelf,9\n"}
{"id": "33398497", "pred": " Based on the provided data, the genre of the book \"Forever Dublin\" is romance (3).", "label": "r|o|m|a|n|c|e", "question": "Predict the genre (fiction, non-fiction or romance) of the book 'Forever Dublin'. Answer precisely (60 words)", "desc": "node_attr,node_id\nto-read,1\ncurrently-reading,2\nromance,3\n\nsrc,edge_attr,dst\n"}
{"id": "18159984", "pred": " Based on the given data, the predicted genre of the book \"\u092e\u0941\u091d\u0947 \u091a\u093e\u0901\u0926 \u091a\u093e\u0939\u093f\u090f Mujhe Chand Chahiye\" is romance.", "label": "f|i|c|t|i|o|n", "question": "Predict the genre (fiction, non-fiction or romance) of the book '\u092e\u0941\u091d\u0947 \u091a\u093e\u0901\u0926 \u091a\u093e\u0939\u093f\u090f Mujhe Chand Chahiye'. Answer precisely (60 words)", "desc": "node_attr,node_id\ncurrently-reading,3\nhindi,4\nRadhakrishna Prakashan,6\n\nsrc,edge_attr,dst\n"}
{"id": "23567262", "pred": " Based on the provided data, the genre of the book \"His Undoing\" is romance (70).", "label": "r|o|m|a|n|c|e", "question": "Predict the genre (fiction, non-fiction or romance) of the book 'His Undoing'. Answer precisely (60 words)", "desc": "node_attr,node_id\ncurrently-reading,19\nshort-story,24\nmale-male,62\ncoming-out,70\n\nsrc,edge_attr,dst\n23567262,shelf,70\n23567262,shelf,24\n23567262,shelf,19\n"}
{"id": "7678438", "pred": " Based on the provided data, the genre of the book \"Unclear and Present Danger\" is non-fiction.", "label": "r|o|m|a|n|c|e", "question": "Predict the genre (fiction, non-fiction or romance) of the book 'Unclear and Present Danger'. Answer precisely (60 words)", "desc": "node_attr,node_id\nto-read,1\n\nsrc,edge_attr,dst\n7678438,shelf,1\n"}
{"id": "1298071", "pred": " Based on the given data, I predict that the book \"Strip Show: Performances of Gender and Desire\" belongs to the genre of Non-Fiction.", "label": "n|o|n|-|f|i|c|t|i|o|n", "question": "Predict the genre (fiction, non-fiction or romance) of the book 'Strip Show: Performances of Gender and Desire'. Answer precisely (60 words)", "desc": "node_attr,node_id\nto-read,1\n\nsrc,edge_attr,dst\n1298071,shelf,1\n"}
{"id": "13424582", "pred": " Based on the provided graph and edge attributes, the genre of the book \"Mission One: Avenger (Chris Ryan Extreme: Night Strike #1)\" can be predicted as \"fiction\".", "label": "f|i|c|t|i|o|n", "question": "Predict the genre (fiction, non-fiction or romance) of the book 'Mission One: Avenger (Chris Ryan Extreme: Night Strike #1)'. Answer precisely (60 words)", "desc": "node_attr,node_id\nto-read,1\nchris-ryan,2\ncalibre-books-i-have,3\ncurrently-reading,4\nKindle Edition,5\n\nsrc,edge_attr,dst\n13424582,shelf,4\n"}
{"id": "4427672", "pred": " Based on the provided data, the book \"Warren Buffett and the Interpretation of Financial Statements: The Search for the Company with a Durable Competitive Advantage\" belongs to the genre of non-fiction.", "label": "n|o|n|-|f|i|c|t|i|o|n", "question": "Predict the genre (fiction, non-fiction or romance) of the book 'Warren Buffett and the Interpretation of Financial Statements: The Search for the Company with a Durable Competitive Advantage'. Answer precisely (60 words)", "desc": "node_attr,node_id\nfinance,4\neconomics-finance,11\nvalue-investing,17\n\nsrc,edge_attr,dst\n4427672,shelf,17\n4427672,shelf,11\n"}
{"id": "19092863", "pred": " Based on the given data, the genre of the book \"The Early Short Fiction of Edith Wharton - Part 1\" can be predicted as \"fiction\".", "label": "f|i|c|t|i|o|n", "question": "Predict the genre (fiction, non-fiction or romance) of the book 'The Early Short Fiction of Edith Wharton - Part 1'. Answer precisely (60 words)", "desc": "node_attr,node_id\n16,0\nto-read,1\nclassics,2\ncurrently-reading,3\n\nsrc,edge_attr,dst\n"}
{"id": "11918816", "pred": " Based on the provided data, I predict that the book \"Tender Hooks\" belongs to the romance genre.", "label": "f|i|c|t|i|o|n", "question": "Predict the genre (fiction, non-fiction or romance) of the book 'Tender Hooks'. Answer precisely (60 words)", "desc": "node_attr,node_id\n,12\n\nsrc,edge_attr,dst\n"}
{"id": "6962106", "pred": " Based on the given data, the genre of the book \"Montessori for Parents\" can be predicted as non-fiction.", "label": "n|o|n|-|f|i|c|t|i|o|n", "question": "Predict the genre (fiction, non-fiction or romance) of the book 'Montessori for Parents'. Answer precisely (60 words)", "desc": "node_attr,node_id\nmontessori,2\neducation,7\nnot-at-library,8\nparenting,10\n\nsrc,edge_attr,dst\n6962106,shelf,10\n6962106,shelf,7\n6962106,shelf,2\n"}
{"id": "35904717", "pred": " Based on the provided data, the genre of the book \"The Open Window\" is fiction.", "label": "f|i|c|t|i|o|n", "question": "Predict the genre (fiction, non-fiction or romance) of the book 'The Open Window'. Answer precisely (60 words)", "desc": "node_attr,node_id\ncurrently-reading,2\nfirst-reads-shelf,3\n\nsrc,edge_attr,dst\n35904717,shelf,3\n"}
{"id": "5960209", "pred": " Based on the provided data, the genre of the book \"Lovestruck\" can be predicted as romance with a confidence score of 9. The highest edge weight is for the node \"romance\" with a weight of 4, indicating that the book is likely to belong to this genre.", "label": "r|o|m|a|n|c|e", "question": "Predict the genre (fiction, non-fiction or romance) of the book 'Lovestruck'. Answer precisely (60 words)", "desc": "node_attr,node_id\nromance,2\ncontemporary-romance,4\noffice-romance,7\nvirgin-heroine,9\n\nsrc,edge_attr,dst\n5960209,shelf,7\n5960209,shelf,4\n5960209,shelf,2\n"}
{"id": "1038900", "pred": " Based on the provided data, the genre of the book \"Caring for Perennials: What to Do and When to Do it\" can be predicted as \"gardening\" (2).", "label": "n|o|n|-|f|i|c|t|i|o|n", "question": "Predict the genre (fiction, non-fiction or romance) of the book 'Caring for Perennials: What to Do and When to Do it'. Answer precisely (60 words)", "desc": "node_attr,node_id\n517805,0\nto-read,1\ngardening,2\nPaperback,3\n\nsrc,edge_attr,dst\n"}
{"id": "14788822", "pred": " Based on the given data, I would predict that the book \"Collaborative Enterprise Architecture\" belongs to the non-fiction genre, specifically in the category of business and management.", "label": "n|o|n|-|f|i|c|t|i|o|n", "question": "Predict the genre (fiction, non-fiction or romance) of the book 'Collaborative Enterprise Architecture: Enriching EA with Lean, Agile, and Enterprise 2.0 Practices'. Answer precisely (60 words)", "desc": "node_attr,node_id\ntechnology-ea,8\nenterprise-architecture,13\nsystems-thinking,16\n\nsrc,edge_attr,dst\n14788822,shelf,16\n14788822,shelf,8\n"}
{"id": "1718502", "pred": " Based on the given data, the genre of the book \"Mens Rea and Other Stories\" is fiction.", "label": "f|i|c|t|i|o|n", "question": "Predict the genre (fiction, non-fiction or romance) of the book 'Mens Rea and Other Stories'. Answer precisely (60 words)", "desc": "node_attr,node_id\nto-read,1\ncurrently-reading,2\nfilipino,6\n,7\n\nsrc,edge_attr,dst\n1718502,language_code,7\n1718502,shelf,2\n"}
{"id": "35926119", "pred": " Based on the given data, the genre of the book \"The Barter System (The Barter System, #1)\" can be predicted as \"fiction\".", "label": "r|o|m|a|n|c|e", "question": "Predict the genre (fiction, non-fiction or romance) of the book 'The Barter System (The Barter System, #1)'. Answer precisely (60 words)", "desc": "node_attr,node_id\nlendable,14\ndid-not-finish,19\n1,34\ntbr-kindle,42\n\nsrc,edge_attr,dst\n35926119,shelf,42\n35926119,shelf,34\n35926119,shelf,14\n"}
{"id": "26771788", "pred": " Based on the given data, the genre of the book \"Ravenwing\" can be predicted as fantasy fiction.", "label": "r|o|m|a|n|c|e", "question": "Predict the genre (fiction, non-fiction or romance) of the book 'Ravenwing'. Answer precisely (60 words)", "desc": "node_attr,node_id\nCreatespace Independent Publishing Platform,3\n\nsrc,edge_attr,dst\n26771788,publisher,3\n"}
{"id": "246407", "pred": " Based on the provided data, the genre of the book \"The Vertical Hour\" is fiction.", "label": "f|i|c|t|i|o|n", "question": "Predict the genre (fiction, non-fiction or romance) of the book 'The Vertical Hour'. Answer precisely (60 words)", "desc": "node_attr,node_id\ncurrently-reading,5\ntheatre,6\n\nsrc,edge_attr,dst\n"}
{"id": "25796775", "pred": " Based on the given data, the genre of the book \"The Sheik's Blackmailed Bride (War, Love, & Harmony Series #5)\" is romance.", "label": "r|o|m|a|n|c|e", "question": "Predict the genre (fiction, non-fiction or romance) of the book 'The Sheik's Blackmailed Bride (War, Love, & Harmony Series #5)'. Answer precisely (60 words)", "desc": "node_attr,node_id\n4107685,0\nto-read,1\ncurrently-reading,2\nromance,4\n\nsrc,edge_attr,dst\n25796775,shelf,4\n"}
{"id": "1118669", "pred": " Based on the given data, the genre of the book \"Bless the Thief\" can be predicted as romance.", "label": "f|i|c|t|i|o|n", "question": "Predict the genre (fiction, non-fiction or romance) of the book 'Bless the Thief'. Answer precisely (60 words)", "desc": "node_attr,node_id\nto-read,1\nCrown,4\n\nsrc,edge_attr,dst\n"}
{"id": "12510884", "pred": " Based on the provided data, the genre of the book \"What's Making You Eat?\" can be predicted as non-fiction. The node_attr and node_id fields indicate that the book is a self-help book, which falls under the non-fiction genre.", "label": "n|o|n|-|f|i|c|t|i|o|n", "question": "Predict the genre (fiction, non-fiction or romance) of the book 'What's Making You Eat?'. Answer precisely (60 words)", "desc": "node_attr,node_id\nto-read,2\ncurrently-reading,3\n\nsrc,edge_attr,dst\n"}
{"id": "33267510", "pred": " Based on the provided data, the genre of the book \"Stellar Love\" is romance with a probability of 7.", "label": "r|o|m|a|n|c|e", "question": "Predict the genre (fiction, non-fiction or romance) of the book 'Stellar Love'. Answer precisely (60 words)", "desc": "node_attr,node_id\nto-read,1\nromance,4\ninsta-love,7\n,10\n\nsrc,edge_attr,dst\n33267510,publisher,10\n33267510,shelf,7\n33267510,shelf,4\n"}
{"id": "33785371", "pred": " Based on the node attributes and edges, the book \"Take Me with You\" belongs to the romance genre. (60 words)", "label": "f|i|c|t|i|o|n", "question": "Predict the genre (fiction, non-fiction or romance) of the book 'Take Me with You'. Answer precisely (60 words)", "desc": "node_attr,node_id\ntravel,10\ncontemporary,13\nroad-trip,48\ntake-me-with-you,64\n\nsrc,edge_attr,dst\n33785371,shelf,64\n33785371,shelf,48\n33785371,shelf,10\n"}
{"id": "7287064", "pred": " Based on the provided data, the genre of the book \"\u0633\u064a\u062f \u0627\u0644\u0639\u062a\u0645\u0629\" can be predicted as \"non-fiction\".", "label": "f|i|c|t|i|o|n", "question": "Predict the genre (fiction, non-fiction or romance) of the book '\u0633\u064a\u062f \u0627\u0644\u0639\u062a\u0645\u0629'. Answer precisely (60 words)", "desc": "node_attr,node_id\n\u0631\u0628\u064a\u0639-\u062c\u0627\u0628\u0631,4\n\u0631\u0648\u0627\u064a\u0627\u062a,5\narabic,7\n\nsrc,edge_attr,dst\n7287064,shelf,7\n7287064,shelf,5\n"}
{"id": "9204401", "pred": " Based on the given data, the genre of the book \"Return to Tomorrow\" can be predicted as Romance.", "label": "r|o|m|a|n|c|e", "question": "Predict the genre (fiction, non-fiction or romance) of the book 'Return to Tomorrow'. Answer precisely (60 words)", "desc": "node_attr,node_id\nto-read,1\nMass Market Paperback,2\nHarlequin Men in Uniform,3\n\nsrc,edge_attr,dst\n"}
{"id": "5100660", "pred": " Based on the provided data, the genre of the book \"I Shot Bigfoot & Other Stories\" can be predicted as \"fiction\".", "label": "f|i|c|t|i|o|n", "question": "Predict the genre (fiction, non-fiction or romance) of the book 'I Shot Bigfoot & Other Stories'. Answer precisely (60 words)", "desc": "node_attr,node_id\n369227,0\nPaperback,1\n\nsrc,edge_attr,dst\n"}
{"id": "29994228", "pred": " Based on the provided data, the book \"\u0421\u0438\u0442\u0443\u0430\u0446\u0438\u044f \u0441\u043b\u0435\u0434 \u0441\u0438\u0442\u0443\u0430\u0446\u0438\u044f\" belongs to the non-fiction genre.", "label": "f|i|c|t|i|o|n", "question": "Predict the genre (fiction, non-fiction or romance) of the book '\u0421\u0438\u0442\u0443\u0430\u0446\u0438\u044f \u0441\u043b\u0435\u0434 \u0441\u0438\u0442\u0443\u0430\u0446\u0438\u044f'. Answer precisely (60 words)", "desc": "node_attr,node_id\nto-read,2\nPaperback,3\nKolibri,4\n\nsrc,edge_attr,dst\n"}
{"id": "26196387", "pred": " Based on the provided graph data, the genre of the book \"Movieola\" can be predicted as \"romance\" with a confidence score of 80%. This is because the book is connected to the \"romance\" node with a weight of 12, indicating a strong association with that genre.", "label": "f|i|c|t|i|o|n", "question": "Predict the genre (fiction, non-fiction or romance) of the book 'Movieola'. Answer precisely (60 words)", "desc": "node_attr,node_id\n225220,0\nbooks-i-own,7\nbook-club,9\nfilm,12\n\nsrc,edge_attr,dst\n26196387,shelf,12\n26196387,shelf,9\n26196387,shelf,7\n"}
{"id": "20863456", "pred": " Based on the given data, the genre of the book \"Casting the First Stone\" can be predicted as Christian fiction (edge_attr=4).", "label": "f|i|c|t|i|o|n", "question": "Predict the genre (fiction, non-fiction or romance) of the book 'Casting the First Stone'. Answer precisely (60 words)", "desc": "node_attr,node_id\n6743182,0\nchristian-fiction,3\nchristian,4\n\nsrc,edge_attr,dst\n20863456,shelf,4\n20863456,shelf,3\n"}
{"id": "6734495", "pred": " Based on the provided data, the genre of the book \"Elegbara\" can be predicted as romance.", "label": "f|i|c|t|i|o|n", "question": "Predict the genre (fiction, non-fiction or romance) of the book 'Elegbara'. Answer precisely (60 words)", "desc": "node_attr,node_id\nliteratura-brasileira,3\nEditora Record,5\n\nsrc,edge_attr,dst\n"}
{"id": "2489007", "pred": " Based on the provided data, the genre of the book \"Knit Aid: A Learn It, Fix It, Finish It Guide for Knitters on the Go\" can be predicted as \"craft-books\" with a precision of 100%.", "label": "n|o|n|-|f|i|c|t|i|o|n", "question": "Predict the genre (fiction, non-fiction or romance) of the book 'Knit Aid: A Learn It, Fix It, Finish It Guide for Knitters on the Go'. Answer precisely (60 words)", "desc": "node_attr,node_id\nknitting,2\nreference,3\ncraft-books,4\ncrafty,5\n\nsrc,edge_attr,dst\n"}
{"id": "26025517", "pred": " Based on the provided data, the genre of the book \"Cats in Paris: A Coloring Book of the Felines of Paris\" can be predicted as \"non-fiction\".", "label": "f|i|c|t|i|o|n", "question": "Predict the genre (fiction, non-fiction or romance) of the book 'Cats in Paris: A Coloring Book of the Felines of Paris'. Answer precisely (60 words)", "desc": "node_attr,node_id\nto-read,1\ncoloring-books,2\ncoloring-book,3\ncoloring,6\n\nsrc,edge_attr,dst\n26025517,shelf,6\n26025517,shelf,3\n26025517,shelf,2\n"}
{"id": "28188422", "pred": " Based on the given attributes, the book's genre can be predicted as romance.", "label": "r|o|m|a|n|c|e", "question": "Predict the genre (fiction, non-fiction or romance) of the book 'The Greek's Nine-Month Redemption'. Answer precisely (60 words)", "desc": "node_attr,node_id\nHarlequin,20\n\nsrc,edge_attr,dst\n28188422,publisher,20\n"}
{"id": "8136121", "pred": " Based on the provided data, the genre of the book \"Home Again: Stories of Restored Relationships\" can be predicted as non-fiction.", "label": "f|i|c|t|i|o|n", "question": "Predict the genre (fiction, non-fiction or romance) of the book 'Home Again: Stories of Restored Relationships'. Answer precisely (60 words)", "desc": "node_attr,node_id\n3364926,2\n3076507,3\n3516789,4\n3516794,9\ncurrently-reading,11\nanthology,12\ninspirational,13\n\nsrc,edge_attr,dst\n"}
{"id": "17720081", "pred": " Based on the given graph, the genre of the book \"Complete Copyright for K 12 Librarians and Educators\" is non-fiction (edge_attr=5).", "label": "n|o|n|-|f|i|c|t|i|o|n", "question": "Predict the genre (fiction, non-fiction or romance) of the book 'Complete Copyright for K 12 Librarians and Educators'. Answer precisely (60 words)", "desc": "node_attr,node_id\nnonfiction,2\nebook,4\nAmerican Library Association,5\n\nsrc,edge_attr,dst\n"}
{"id": "1486006", "pred": " Based on the given data, the genre of the book \"Semi-Homemade Cooking: Quick, Marvelous Meals and Nothing is Made from Scratch\" can be predicted as \"cooking\".", "label": "n|o|n|-|f|i|c|t|i|o|n", "question": "Predict the genre (fiction, non-fiction or romance) of the book 'Semi-Homemade Cooking: Quick, Marvelous Meals and Nothing is Made from scratch'. Answer precisely (60 words)", "desc": "node_attr,node_id\ncookbooks,3\ncookbook,4\ncooking,5\n\nsrc,edge_attr,dst\n1486006,shelf,5\n1486006,shelf,3\n"}
{"id": "34804489", "pred": " Based on the provided data, the genre of the book \"Never a True Word\" can be predicted as non-fiction.", "label": "f|i|c|t|i|o|n", "question": "Predict the genre (fiction, non-fiction or romance) of the book 'Never a True Word'. Answer precisely (60 words)", "desc": "node_attr,node_id\nto-read,1\nPaperback,2\nWakefield Press,3\n\nsrc,edge_attr,dst\n"}
{"id": "49257", "pred": " Based on the given data, the genre of the book \"Hollywood vs. America\" can be predicted as fiction (specifically, a drama or conflict-based story).", "label": "n|o|n|-|f|i|c|t|i|o|n", "question": "Predict the genre (fiction, non-fiction or romance) of the book 'Hollywood vs. America'. Answer precisely (60 words)", "desc": "node_attr,node_id\nfilm,8\nhollywood,9\namerica,11\n\nsrc,edge_attr,dst\n49257,shelf,11\n49257,shelf,8\n"}
{"id": "13546999", "pred": " Based on the provided data, the genre of the book \"Out of the Depths\" is non-fiction.", "label": "r|o|m|a|n|c|e", "question": "Predict the genre (fiction, non-fiction or romance) of the book 'Out of the Depths'. Answer precisely (60 words)", "desc": "node_attr,node_id\nseries,5\nPaperback,6\nHarlequin,7\n\nsrc,edge_attr,dst\n"}
{"id": "30738865", "pred": " Based on the provided data, the predicted genre of the book \"King of Slaves: Jenna's Story (The Slave Series #5)\" is romance.", "label": "r|o|m|a|n|c|e", "question": "Predict the genre (fiction, non-fiction or romance) of the book 'King of Slaves: Jenna's Story (The Slave Series #5)'. Answer precisely (60 words)", "desc": "node_attr,node_id\nto-read,1\ncurrently-reading,2\nKindle Edition,4\n\nsrc,edge_attr,dst\n"}
{"id": "24693025", "pred": " Based on the given data, the genre of the book \"Washi Tape Crafts: 110 Ways to Decorate Just About Anything\" can be predicted as \"Crafts\".", "label": "n|o|n|-|f|i|c|t|i|o|n", "question": "Predict the genre (fiction, non-fiction or romance) of the book 'Washi Tape Crafts: 110 Ways to Decorate Just About Anything'. Answer precisely (60 words)", "desc": "node_attr,node_id\n15275167,0\ncrafts,2\nPaperback,5\nWorkman Publishing Company,6\n\nsrc,edge_attr,dst\n"}
{"id": "78238", "pred": " Based on the provided data, the genre of the book \"Fruits of the Earth\" is non-fiction.\n\nThe node attributes for \"Fruits of the Earth\" are:\n\n* canadian-fiction: 6\n* literature: 7\n\nThe edge attributes for the", "label": "f|i|c|t|i|o|n", "question": "Predict the genre (fiction, non-fiction or romance) of the book 'Fruits of the Earth'. Answer precisely (60 words)", "desc": "node_attr,node_id\ncanadian-fiction,6\nliterature,7\n\nsrc,edge_attr,dst\n"}
{"id": "886987", "pred": " Based on the given data, I would predict that the book \"The Probability of God: A Simple Calculation That Proves the Ultimate Truth\" belongs to the non-fiction genre. The book's title and the mention of \"simple calculation\" suggest a mathematical or scientific approach, which", "label": "n|o|n|-|f|i|c|t|i|o|n", "question": "Predict the genre (fiction, non-fiction or romance) of the book 'The Probability of God: A Simple Calculation That Proves the Ultimate Truth'. Answer precisely (60 words)", "desc": "node_attr,node_id\nmath,4\natheism,5\n8-math,17\noffice,22\n\nsrc,edge_attr,dst\n886987,shelf,17\n886987,shelf,5\n886987,shelf,4\n"}
{"id": "33773237", "pred": " Based on the given data, the genre of the book \"Mastering The Art Of A Three Ring Circus (Wild Things, #2)\" can be predicted as romance.", "label": "r|o|m|a|n|c|e", "question": "Predict the genre (fiction, non-fiction or romance) of the book 'Mastering The Art Of A Three Ring Circus (Wild Things, #2)'. Answer precisely (60 words)", "desc": "node_attr,node_id\nz-challenges-series-other-m-z,19\nfairytales,21\ndual-pov,25\nfamily-saga,36\n\nsrc,edge_attr,dst\n33773237,shelf,36\n33773237,shelf,21\n33773237,shelf,19\n"}
{"id": "33797221", "pred": " Based on the provided data, the genre of the book \"What You Promised (Anything for Love, #4)\" can be predicted as romance.", "label": "r|o|m|a|n|c|e", "question": "Predict the genre (fiction, non-fiction or romance) of the book 'What You Promised (Anything for Love, #4)'. Answer precisely (60 words)", "desc": "node_attr,node_id\n14093515,0\nto-read,1\nAdele Clee,4\n\nsrc,edge_attr,dst\n"}
{"id": "2953040", "pred": " Based on the given data, the genre of the book \"Ride Into Yesterday\" can be predicted as romance.", "label": "f|i|c|t|i|o|n", "question": "Predict the genre (fiction, non-fiction or romance) of the book 'Ride Into Yesterday'. Answer precisely (60 words)", "desc": "node_attr,node_id\nPaperback,3\n\nsrc,edge_attr,dst\n2953040,format,3\n"}
{"id": "9696036", "pred": " Based on the provided graph structure and node attributes, the genre of the book \"Tutte le anime\" can be predicted as \"fiction\".", "label": "f|i|c|t|i|o|n", "question": "Predict the genre (fiction, non-fiction or romance) of the book 'Tutte le anime'. Answer precisely (60 words)", "desc": "node_attr,node_id\nfavorites,12\ntranslation,19\ntranslated,51\nliteratura,53\n\nsrc,edge_attr,dst\n9696036,shelf,53\n9696036,shelf,51\n9696036,shelf,19\n"}
{"id": "622300", "pred": " Based on the given data, the genre of the book \"The Worst Team Money Could Buy\" is non-fiction.", "label": "n|o|n|-|f|i|c|t|i|o|n", "question": "Predict the genre (fiction, non-fiction or romance) of the book 'The Worst Team Money Could Buy'. Answer precisely (60 words)", "desc": "node_attr,node_id\nbaseball,3\nsports,4\nnew-york-mets,9\nnon-fiction,12\n\nsrc,edge_attr,dst\n622300,shelf,9\n622300,shelf,4\n622300,shelf,3\n"}
{"id": "9794474", "pred": " Based on the information provided, the genre of the book \"Safari artico\" is non-fiction.", "label": "f|i|c|t|i|o|n", "question": "Predict the genre (fiction, non-fiction or romance) of the book 'Safari artico'. Answer precisely (60 words)", "desc": "node_attr,node_id\nIperborea,6\n\nsrc,edge_attr,dst\n9794474,publisher,6\n"}
{"id": "16187492", "pred": " Based on the provided data, the genre of the book \"Angels, Miracles, and Heavenly Encounters: Real-Life Stories of Supernatural Events\" is Christian non-fiction (6).", "label": "n|o|n|-|f|i|c|t|i|o|n", "question": "Predict the genre (fiction, non-fiction or romance) of the book 'Angels, Miracles, and Heavenly Encounters: Real-Life Stories of Supernatural Events'. Answer precisely (60 words)", "desc": "node_attr,node_id\ncurrently-reading,2\nnon-fiction,5\nchristian-nonfiction,6\nangels,7\n\nsrc,edge_attr,dst\n"}
{"id": "3845522", "pred": " Based on the given data, the genre of the book \"The Occupation Of Japan: The Rhetoric And The Reality Of Anglo Australasian Relations, 1939-1952\" is non-fiction.", "label": "n|o|n|-|f|i|c|t|i|o|n", "question": "Predict the genre (fiction, non-fiction or romance) of the book 'The Occupation Of Japan: The Rhetoric And The Reality Of Anglo Australasian Relations, 1939 1952'. Answer precisely (60 words)", "desc": "node_attr,node_id\nHardcover,1\nUniversity of Queensland Pr (Australia),2\n\nsrc,edge_attr,dst\n"}
{"id": "22716194", "pred": " Based on the node attributes and edges provided, the genre of the book \"Inside the O'Briens\" is fiction.", "label": "f|i|c|t|i|o|n", "question": "Predict the genre (fiction, non-fiction or romance) of the book 'Inside the O'Briens'. Answer precisely (60 words)", "desc": "node_attr,node_id\nfamily-drama,17\nbookclub,40\nabandoned,59\nfamilies,91\n\nsrc,edge_attr,dst\n22716194,shelf,91\n22716194,shelf,40\n22716194,shelf,17\n"}
{"id": "18191819", "pred": " Based on the given graph, the genre of \"The Cutest Girl in Class\" is fiction.", "label": "f|i|c|t|i|o|n", "question": "Predict the genre (fiction, non-fiction or romance) of the book 'The Cutest Girl in Class'. Answer precisely (60 words)", "desc": "node_attr,node_id\nsnuggly-books,4\nsnuggly_books-own,5\ncurrently-reading,19\nSnuggly Books,21\n\nsrc,edge_attr,dst\n18191819,publisher,21\n18191819,shelf,5\n18191819,shelf,4\n"}
{"id": "11876550", "pred": " Based on the provided data, the genre of the book \"Je vous \u00e9cris de mon camion: histoires de route\" can be predicted as non-fiction.", "label": "n|o|n|-|f|i|c|t|i|o|n", "question": "Predict the genre (fiction, non-fiction or romance) of the book 'Je vous \u00e9cris de mon camion: histoires de route'. Answer precisely (60 words)", "desc": "node_attr,node_id\nqu\u00e9b\u00e9cois,2\nfemmes,4\nlu-en-2014,6\nbiographie,7\n\nsrc,edge_attr,dst\n11876550,shelf,7\n11876550,shelf,6\n"}
{"id": "23362709", "pred": " Based on the given data, the genre of the book \"Tempted\" can be predicted as romance with a confidence score of 80%. The edge attributes \"to-read\" and \"erotica\" indicate that the book is likely to be a romance novel, as it is a popular", "label": "r|o|m|a|n|c|e", "question": "Predict the genre (fiction, non-fiction or romance) of the book 'Tempted'. Answer precisely (60 words)", "desc": "node_attr,node_id\nto-read,1\nerotica,2\n,4\n\nsrc,edge_attr,dst\n"}
{"id": "4479797", "pred": " Based on the given data, the genre of the book \"Competitive Colleges 2005-2006\" can be predicted as non-fiction.", "label": "n|o|n|-|f|i|c|t|i|o|n", "question": "Predict the genre (fiction, non-fiction or romance) of the book 'Competitive Colleges 2005-2006'. Answer precisely (60 words)", "desc": "node_attr,node_id\n6168557,0\nsaned-book-s,2\n2008-bookstack,3\ncollege-shopping,4\nPeterson Nelnet Co,6\n\nsrc,edge_attr,dst\n4479797,shelf,4\n4479797,shelf,3\n"}
{"id": "940618", "pred": " Based on the node attributes and edges in the graph, the genre of the book \"Eat, Shrink & Be Merry! Great-Tasting Food That Won't Go from Your Lips to Your Hips!\" can be predicted as \"food\" with a confidence score of ", "label": "n|o|n|-|f|i|c|t|i|o|n", "question": "Predict the genre (fiction, non-fiction or romance) of the book 'Eat, Shrink & Be Merry! Great-Tasting Food That Won't Go from Your Lips to Your Hips!'. Answer precisely (60 words)", "desc": "node_attr,node_id\ncook-books,6\nfood,8\ncook-book,11\nnon-fiction,13\n\nsrc,edge_attr,dst\n940618,shelf,11\n940618,shelf,8\n940618,shelf,6\n"}
{"id": "22585299", "pred": " Based on the node attributes and edges provided, the book \"Adam's List (NYC Love, #1)\" belongs to the genre \"romance\" with a confidence score of 90%.", "label": "r|o|m|a|n|c|e", "question": "Predict the genre (fiction, non-fiction or romance) of the book 'Adam's List (NYC Love, #1)'. Answer precisely (60 words)", "desc": "node_attr,node_id\ncontemporary-romance,9\nkindle-books,18\nlove,32\nwish-list,33\n\nsrc,edge_attr,dst\n22585299,shelf,33\n22585299,shelf,32\n22585299,shelf,9\n"}
{"id": "3117091", "pred": " Based on the given data, the genre of the book \"Scent of Love\" can be predicted as romance.", "label": "f|i|c|t|i|o|n", "question": "Predict the genre (fiction, non-fiction or romance) of the book 'Scent of Love'. Answer precisely (60 words)", "desc": "node_attr,node_id\n255130,1\n3948334,2\nPaperback,3\nLatin American Literary Review Press,4\n\nsrc,edge_attr,dst\n"}
{"id": "31937641", "pred": " Based on the provided data, the genre of the book \"Your Inescapable Love (The Bennett Family #4)\" is Romance.", "label": "r|o|m|a|n|c|e", "question": "Predict the genre (fiction, non-fiction or romance) of the book 'Your Inescapable Love (The Bennett Family #4)'. Answer precisely (60 words)", "desc": "node_attr,node_id\nfamily,12\nthe-bennett-family,14\nmillionaire-romance,24\ndnf,25\n\nsrc,edge_attr,dst\n31937641,shelf,24\n31937641,shelf,14\n31937641,shelf,12\n"}
{"id": "25159631", "pred": " Based on the provided data, the genre of the book \"The Vegan Studies Project: Food, Animals, and Gender in the Age of Terror\" can be predicted as non-fiction with a confidence score of 7 (edge_attr=4).", "label": "n|o|n|-|f|i|c|t|i|o|n", "question": "Predict the genre (fiction, non-fiction or romance) of the book 'The Vegan Studies Project: Food, Animals, and Gender in the Age of Terror'. Answer precisely (60 words)", "desc": "node_attr,node_id\nvegan,3\nanimal-rights,4\nnonfiction,5\nUniversity of Georgia Press,7\n\nsrc,edge_attr,dst\n"}
{"id": "3585413", "pred": " Based on the provided data, the genre of the book \"But Not For Me\" is Romance.", "label": "r|o|m|a|n|c|e", "question": "Predict the genre (fiction, non-fiction or romance) of the book 'But Not For Me'. Answer precisely (60 words)", "desc": "node_attr,node_id\nHardcover,3\nMontlake Romance,4\n\nsrc,edge_attr,dst\n"}
{"id": "17974291", "pred": " Based on the given graph, the genre of the book \"\u0b9a\u0bca\u0bb0\u0bcd\u0b95\u0bcd\u0b95\u0bae\u0bcd \u0ba8\u0b9f\u0bc1\u0bb5\u0bbf\u0bb2\u0bc7 [Sorgam Naduvilae]\" can be predicted as \"Non-fiction\".", "label": "f|i|c|t|i|o|n", "question": "Predict the genre (fiction, non-fiction or romance) of the book '\u0b9a\u0bca\u0bb0\u0bcd\u0b95\u0bcd\u0b95\u0bae\u0bcd \u0ba8\u0b9f\u0bc1\u0bb5\u0bbf\u0bb2\u0bc7 [Sorgam Naduvilae]'. Answer precisely (60 words)", "desc": "node_attr,node_id\ncurrently-reading,2\nbalakumaran,6\nindian-writers,7\nVisa Publications,11\n\nsrc,edge_attr,dst\n17974291,shelf,6\n"}
{"id": "38569", "pred": " Based on the provided data, the genre of the book \"The Sound Bite Society: How Television Helps the Right and Hurts the Left\" can be predicted as follows:\n\nFiction (60 words):\nThe book's title suggests a focus on the impact of television on political discourse", "label": "n|o|n|-|f|i|c|t|i|o|n", "question": "Predict the genre (fiction, non-fiction or romance) of the book 'The Sound Bite Society: How Television Helps the Right and Hurts the Left'. Answer precisely (60 words)", "desc": "node_attr,node_id\nto-read,1\nPaperback,2\n\nsrc,edge_attr,dst\n"}
{"id": "22594750", "pred": " Based on the provided graph, the book \"Your Leadership Edge\" belongs to the non-fiction genre, with a score of 5.", "label": "n|o|n|-|f|i|c|t|i|o|n", "question": "Predict the genre (fiction, non-fiction or romance) of the book 'Your Leadership Edge'. Answer precisely (60 words)", "desc": "node_attr,node_id\nmanagement,4\nleadership,5\nself-development,10\n\nsrc,edge_attr,dst\n22594750,shelf,5\n22594750,shelf,4\n"}
{"id": "27403117", "pred": " Based on the given data, the genre of the book \"The Tattoo Artist and the Girl from the Coffee Shop\" is Romance.", "label": "r|o|m|a|n|c|e", "question": "Predict the genre (fiction, non-fiction or romance) of the book 'The Tattoo Artist and the Girl from the Coffee Shop'. Answer precisely (60 words)", "desc": "node_attr,node_id\nto-read,1\ncurrently-reading,2\n,7\nSoft & Hard Romantic Publishing,8\n\nsrc,edge_attr,dst\n27403117,shelf,2\n"}
{"id": "13588337", "pred": " Based on the provided graph, the genre of the book \"Taste of Home Soups: 380 Heartwarming Family Favorites\" can be predicted as \"cooking\".", "label": "n|o|n|-|f|i|c|t|i|o|n", "question": "Predict the genre (fiction, non-fiction or romance) of the book 'Taste of Home Soups: 380 Heartwarming Family Favorites'. Answer precisely (60 words)", "desc": "node_attr,node_id\ncookbooks,2\nmy-cookbooks,4\ncooking,6\n\nsrc,edge_attr,dst\n13588337,shelf,6\n13588337,shelf,2\n"}
{"id": "22259932", "pred": " Based on the given data, the genre of the book \"Learning to Love (The Griffin Brothers, #4)\" can be predicted as romance.", "label": "r|o|m|a|n|c|e", "question": "Predict the genre (fiction, non-fiction or romance) of the book 'Learning to Love (The Griffin Brothers, #4)'. Answer precisely (60 words)", "desc": "node_attr,node_id\nseries,2\ncurrently-reading,3\n\nsrc,edge_attr,dst\n"}
{"id": "31425213", "pred": " Based on the given data, the genre of the book \"Magical Dawn\" can be predicted as fiction with a confidence score of 80%. The reason for this prediction is that the book \"Magical Dawn\" is associated with the attribute \"coloring-books\" and \"colouring\",", "label": "n|o|n|-|f|i|c|t|i|o|n", "question": "Predict the genre (fiction, non-fiction or romance) of the book 'Magical Dawn'. Answer precisely (60 words)", "desc": "node_attr,node_id\ncoloring-books,2\ncolouring,3\ncoloring-book,4\nHardcover,8\n\nsrc,edge_attr,dst\n"}
{"id": "21107655", "pred": " Based on the given graph, the genre of the book \"Sweet Mandarin Cookbook: Classic and Contemporary Chinese Recipes with Gluten & Dairy-free Variations\" can be predicted as \"cooking\".", "label": "n|o|n|-|f|i|c|t|i|o|n", "question": "Predict the genre (fiction, non-fiction or romance) of the book 'Sweet Mandarin Cookbook: Classic and Contemporary Chinese Recipes with Gluten & Dairy-free Variations'. Answer precisely (60 words)", "desc": "node_attr,node_id\nto-read,2\ncookbooks,3\ncooking,4\n,5\n\nsrc,edge_attr,dst\n"}
{"id": "1941762", "pred": " Based on the given data, the genre of the book \"A Clue to the Exit\" can be predicted as non-fiction.", "label": "f|i|c|t|i|o|n", "question": "Predict the genre (fiction, non-fiction or romance) of the book 'A Clue to the Exit'. Answer precisely (60 words)", "desc": "node_attr,node_id\nto-read,1\nabandoned,4\nread-2012,9\n\nsrc,edge_attr,dst\n1941762,shelf,9\n1941762,shelf,1\n"}
{"id": "1180251", "pred": " Based on the given data, the genre of the book \"Dark Holidays: A Collection of Ghost Stories\" can be predicted as horror/ghost stories (genre ID: 5).", "label": "f|i|c|t|i|o|n", "question": "Predict the genre (fiction, non-fiction or romance) of the book 'Dark Holidays: A Collection of Ghost Stories'. Answer precisely (60 words)", "desc": "node_attr,node_id\n26515,0\nshort-stories,3\nghosts,4\nghost-story,5\n\nsrc,edge_attr,dst\n"}
{"id": "10243996", "pred": " Based on the given data, the genre of the book \"Il test rapido dei colori L\u00fcscher\" is non-fiction (3).", "label": "n|o|n|-|f|i|c|t|i|o|n", "question": "Predict the genre (fiction, non-fiction or romance) of the book 'Il test rapido dei colori L\u00fcscher'. Answer precisely (60 words)", "desc": "node_attr,node_id\n4666943,1\nto-read,2\nnon-fiction,3\nPaperback,4\nRed!,5\n\nsrc,edge_attr,dst\n"}
{"id": "33852031", "pred": " Based on the provided data, the genre of the book \"Her Big Bad Mistake\" can be predicted as romance with a confidence score of 85%. The node attributes \"manwhore-hero\" and \"bad-boy\" suggest a romantic plot, and the edge attributes \"src", "label": "r|o|m|a|n|c|e", "question": "Predict the genre (fiction, non-fiction or romance) of the book 'Her Big Bad Mistake'. Answer precisely (60 words)", "desc": "node_attr,node_id\nmanwhore-hero,11\nbad-boy,14\nbad-boys,16\n\nsrc,edge_attr,dst\n33852031,shelf,14\n33852031,shelf,11\n"}
{"id": "13182175", "pred": " Based on the provided data, the genre of the book \"Dogs of War\" is fiction.", "label": "f|i|c|t|i|o|n", "question": "Predict the genre (fiction, non-fiction or romance) of the book 'Dogs of War'. Answer precisely (60 words)", "desc": "node_attr,node_id\n4037468,0\nto-read,1\nkindle,2\nKindle Edition,3\n\nsrc,edge_attr,dst\n"}
{"id": "715455", "pred": " Based on the given data, the genre of the book \"Regarding Roderer\" is non-fiction.", "label": "f|i|c|t|i|o|n", "question": "Predict the genre (fiction, non-fiction or romance) of the book 'Regarding Roderer'. Answer precisely (60 words)", "desc": "node_attr,node_id\nSt. Martin's Press,14\n\nsrc,edge_attr,dst\n715455,publisher,14\n"}
{"id": "16301079", "pred": " Based on the given data, the genre of the book \"The Way of the Leaves\" can be predicted as \"fiction\".", "label": "f|i|c|t|i|o|n", "question": "Predict the genre (fiction, non-fiction or romance) of the book 'the way of the leaves'. Answer precisely (60 words)", "desc": "node_attr,node_id\nto-read,1\nhorror,2\nPaperback,3\nSpectral Press,4\n\nsrc,edge_attr,dst\n"}
{"id": "2383927", "pred": " Based on the given data, the genre of the book \"The Royal Court Theatre Inside Out\" is \"theatre\".", "label": "n|o|n|-|f|i|c|t|i|o|n", "question": "Predict the genre (fiction, non-fiction or romance) of the book 'The Royal Court Theatre Inside Out'. Answer precisely (60 words)", "desc": "node_attr,node_id\ntheatre,2\nPaperback,3\nOberon Books,4\n\nsrc,edge_attr,dst\n"}
{"id": "25837838", "pred": " Based on the provided graph, the genre of the book \"\u0416\u0435\u043d\u0430\" is non-fiction.", "label": "f|i|c|t|i|o|n", "question": "Predict the genre (fiction, non-fiction or romance) of the book '\u0416\u0435\u043d\u0430'. Answer precisely (60 words)", "desc": "node_attr,node_id\n\u044f\u043f\u043e\u043d\u0441\u043a\u0438-\u0430\u0432\u0442\u043e\u0440\u0438,27\n\u0432\u0435\u0447\u0435-\u0447\u0435\u0442\u0435\u043d\u0438,28\n\u65e5\u672c\u8a9e,31\nPaperback,38\n\nsrc,edge_attr,dst\n25837838,shelf,31\n25837838,shelf,28\n25837838,shelf,27\n"}
{"id": "29526930", "pred": " Based on the provided data, the genre of the book \"Hueles a lluvia\" is romance (6).", "label": "r|o|m|a|n|c|e", "question": "Predict the genre (fiction, non-fiction or romance) of the book 'Hueles a lluvia'. Answer precisely (60 words)", "desc": "node_attr,node_id\nlecturas-conjuntas-4to-trimestre-20,4\nautoconclusivos,5\nromance,6\nleido,10\n\nsrc,edge_attr,dst\n29526930,shelf,10\n29526930,shelf,5\n29526930,shelf,4\n"}
{"id": "18713367", "pred": " Based on the given data, the genre of the book \"Perception (Esprits infinis #1)\" is fiction.", "label": "r|o|m|a|n|c|e", "question": "Predict the genre (fiction, non-fiction or romance) of the book 'Perception (Esprits infinis #1)'. Answer precisely (60 words)", "desc": "node_attr,node_id\nto-read,1\nbit-lit,2\nPaperback,3\nValentina,4\n\nsrc,edge_attr,dst\n"}
{"id": "34381915", "pred": " Based on the provided data, the genre of the book \"New Beginnings (Cozzi Cove, #4)\" can be predicted as romance.", "label": "r|o|m|a|n|c|e", "question": "Predict the genre (fiction, non-fiction or romance) of the book 'New Beginnings (Cozzi Cove, #4)'. Answer precisely (60 words)", "desc": "node_attr,node_id\nto-read,1\nseries,2\nNineStar Press,5\n\nsrc,edge_attr,dst\n"}
{"id": "7071136", "pred": " Based on the given graph and node attributes, the genre of the book \"The Practice of Computing Using Python\" can be predicted as \"Computing\" or \"Programming\".", "label": "n|o|n|-|f|i|c|t|i|o|n", "question": "Predict the genre (fiction, non-fiction or romance) of the book 'The Practice of Computing Using Python'. Answer precisely (60 words)", "desc": "node_attr,node_id\nprogramming-python,7\nprogramming,19\npython-language,24\nPaperback,25\n\nsrc,edge_attr,dst\n7071136,shelf,24\n7071136,shelf,19\n7071136,shelf,7\n"}
{"id": "14739371", "pred": " Based on the provided data, the genre of the book \"Jamaican Flowers\" can be predicted as fiction with a confidence score of 80%. The node attributes and edge attributes provide the following information:\n\n* `node_attr:to-read`: 1 (indicating that the", "label": "f|i|c|t|i|o|n", "question": "Predict the genre (fiction, non-fiction or romance) of the book 'Jamaican Flowers'. Answer precisely (60 words)", "desc": "node_attr,node_id\nto-read,1\ncurrently-reading,2\nKindle Edition,3\nJim Moorman Books,4\n\nsrc,edge_attr,dst\n"}
{"id": "1194648", "pred": " Based on the given data, the genre of the book \"Just Desserts (The Trilogy Collection #3)\" is romance.", "label": "r|o|m|a|n|c|e", "question": "Predict the genre (fiction, non-fiction or romance) of the book 'Just Desserts (The Trilogy Collection #3)'. Answer precisely (60 words)", "desc": "node_attr,node_id\nerotica,4\nshort-story,6\nanthology,7\ncontemporary-romance,9\n\nsrc,edge_attr,dst\n1194648,shelf,9\n1194648,shelf,7\n1194648,shelf,6\n"}
{"id": "14142730", "pred": " Based on the given data, the genre of the book \"Random Glory a Frankensteinian Romance\" can be predicted as \"romance\".", "label": "r|o|m|a|n|c|e", "question": "Predict the genre (fiction, non-fiction or romance) of the book 'Random Glory a Frankenseinian Romance'. Answer precisely (60 words)", "desc": "node_attr,node_id\nto-read,1\n,2\nSmashwords,3\n\nsrc,edge_attr,dst\n"}
{"id": "22568811", "pred": " Based on the given data, the genre of the book \"If You Could\" can be predicted as fiction.", "label": "r|o|m|a|n|c|e", "question": "Predict the genre (fiction, non-fiction or romance) of the book 'If You Could'. Answer precisely (60 words)", "desc": "node_attr,node_id\nto-read,1\nPaperback,2\nElex Media Komputindo,3\n\nsrc,edge_attr,dst\n"}
{"id": "17202937", "pred": " Based on the provided data, the genre of the book \"The \"Do What You Can\" Plan: 21 Days to Making Any Area of Your Life Better\" is self-help/non-fiction (score: 5).", "label": "n|o|n|-|f|i|c|t|i|o|n", "question": "Predict the genre (fiction, non-fiction or romance) of the book 'The \"Do What You Can\" Plan: 21 Days to Making Any Area of Your Life Better'. Answer precisely (60 words)", "desc": "node_attr,node_id\nto-read,1\ncurrently-reading,2\nself-improvement,5\n\nsrc,edge_attr,dst\n17202937,shelf,2\n17202937,shelf,5\n"}
{"id": "169928", "pred": " Based on the provided data, the genre of the book \"How to Speak How to Listen\" is non-fiction.", "label": "n|o|n|-|f|i|c|t|i|o|n", "question": "Predict the genre (fiction, non-fiction or romance) of the book 'How to Speak How to Listen'. Answer precisely (60 words)", "desc": "node_attr,node_id\nnon-fiction,4\ncommunication,7\nlearning,19\nlearning-education,22\n\nsrc,edge_attr,dst\n169928,shelf,22\n169928,shelf,19\n169928,shelf,7\n"}
{"id": "17120071", "pred": " Based on the given data, the genre of the book \"Two Ways to Sunday\" can be predicted as \"fiction\".", "label": "f|i|c|t|i|o|n", "question": "Predict the genre (fiction, non-fiction or romance) of the book 'Two Ways to Sunday'. Answer precisely (60 words)", "desc": "node_attr,node_id\nchristian,1\n\nsrc,edge_attr,dst\n17120071,shelf,1\n"}
{"id": "28533059", "pred": " Based on the provided data, the genre of the book \"Otak Ideal Makin Berumur, Makin Brillian\" can be predicted as romance.", "label": "n|o|n|-|f|i|c|t|i|o|n", "question": "Predict the genre (fiction, non-fiction or romance) of the book 'Otak Ideal Makin Berumur, Makin Brillian'. Answer precisely (60 words)", "desc": "node_attr,node_id\nQanita,3\n\nsrc,edge_attr,dst\n28533059,publisher,3\n"}
{"id": "25587892", "pred": " Based on the given data, the genre of the book \"The Box\" can be predicted as fiction.", "label": "f|i|c|t|i|o|n", "question": "Predict the genre (fiction, non-fiction or romance) of the book 'The Box'. Answer precisely (60 words)", "desc": "node_attr,node_id\n,18\n\nsrc,edge_attr,dst\n"}
{"id": "13244078", "pred": " Based on the provided graph data, the genre of the book \"Well Fed: Paleo Recipes for People Who Love to Eat\" can be predicted as non-fiction.", "label": "n|o|n|-|f|i|c|t|i|o|n", "question": "Predict the genre (fiction, non-fiction or romance) of the book 'Well Fed: Paleo Recipes for People Who Love to Eat'. Answer precisely (60 words)", "desc": "node_attr,node_id\npaleo,8\npaleo-cookbooks,39\ncookbooks-and-food,42\npaleo-primal,45\n\nsrc,edge_attr,dst\n13244078,shelf,45\n13244078,shelf,39\n13244078,shelf,8\n"}
{"id": "18487368", "pred": " Based on the provided data, the genre of the book \"Young Jesus Asks Questions\" can be predicted as \"non-fiction\".", "label": "f|i|c|t|i|o|n", "question": "Predict the genre (fiction, non-fiction or romance) of the book 'Young Jesus Asks Questions'. Answer precisely (60 words)", "desc": "node_attr,node_id\n168760,0\nHardcover,1\n\"Lothrop, Lee & Shepard\",2\n\nsrc,edge_attr,dst\n"}
{"id": "17983373", "pred": " Based on the given data, the genre of the book \"Shades of Shame (Semper Fi, #0.5)\" is romance.", "label": "r|o|m|a|n|c|e", "question": "Predict the genre (fiction, non-fiction or romance) of the book 'Shades of Shame (Semper Fi, #0.5)'. Answer precisely (60 words)", "desc": "node_attr,node_id\n6586604,1\nseries,4\nmilitary,8\ncurrently-reading,12\n,15\n\nsrc,edge_attr,dst\n17983373,shelf,12\n17983373,shelf,4\n"}
{"id": "28676056", "pred": " Based on the provided data, I would predict that the genre of the book \"The right man: La brace sotto la cenere\" is romance.", "label": "r|o|m|a|n|c|e", "question": "Predict the genre (fiction, non-fiction or romance) of the book 'The right man: La brace sotto la cenere'. Answer precisely (60 words)", "desc": "node_attr,node_id\n16791033,0\nto-read,1\n,2\n\nsrc,edge_attr,dst\n"}
{"id": "2037484", "pred": " Based on the provided data, the genre of the book \"The Essence of Buddha: The Path to Enlightenment\" can be predicted as non-fiction.", "label": "n|o|n|-|f|i|c|t|i|o|n", "question": "Predict the genre (fiction, non-fiction or romance) of the book 'The Essence of Buddha: The Path to Enlightenment'. Answer precisely (60 words)", "desc": "node_attr,node_id\nto-read,1\nspiritual,5\nphilosophy,6\n\nsrc,edge_attr,dst\n"}
{"id": "14625296", "pred": " Based on the given data, the genre of the book \"75 x 75 = Flash Fraction\" can be predicted as fiction.", "label": "f|i|c|t|i|o|n", "question": "Predict the genre (fiction, non-fiction or romance) of the book '75 x 75 = Flash Fraction'. Answer precisely (60 words)", "desc": "node_attr,node_id\n6094428,0\nshort-stories,2\nfiction,3\nkindle,5\n\nsrc,edge_attr,dst\n"}
{"id": "18241329", "pred": " Based on the given edges and node attributes, the genre of the book \"Sparked (City Lights #2)\" can be predicted as romance (54).", "label": "r|o|m|a|n|c|e", "question": "Predict the genre (fiction, non-fiction or romance) of the book 'Sparked (City Lights #2)'. Answer precisely (60 words)", "desc": "node_attr,node_id\nremoved-from-kindle-want-to-read,18\nnovella,25\nedie-harris,48\nromance-2nd-chance,54\n\nsrc,edge_attr,dst\n18241329,shelf,54\n18241329,shelf,25\n18241329,shelf,18\n"}
{"id": "23341376", "pred": " Based on the provided data, the genre of the book \"Playing the Playboy's Sweetheart (London's Most Desirable Docs #1)\" can be predicted as romance (to-read=1, edge_attr=4).", "label": "r|o|m|a|n|c|e", "question": "Predict the genre (fiction, non-fiction or romance) of the book 'Playing the Playboy's Sweetheart (London's Most Desirable Docs #1)'. Answer precisely (60 words)", "desc": "node_attr,node_id\nto-read,1\nromance,2\nread-in-2014,4\nMills & Boon Medical,6\n\nsrc,edge_attr,dst\n"}
{"id": "8522710", "pred": " Based on the provided data, the book '\u0421\u0438\u043d\u0434\u0440\u043e\u043c\u044a\u0442 \u041f\u043e\u0440\u0442\u043d\u043e\u0439' belongs to the genre of Thriller (fiction).", "label": "f|i|c|t|i|o|n", "question": "Predict the genre (fiction, non-fiction or romance) of the book '\u0421\u0438\u043d\u0434\u0440\u043e\u043c\u044a\u0442 \u041f\u043e\u0440\u0442\u043d\u043e\u0439'. Answer precisely (60 words)", "desc": "node_attr,node_id\n4102546,2\nnarrativa,53\nletteratura-americana,90\nnew-york,98\nS'vremennik,105\n\nsrc,edge_attr,dst\n8522710,shelf,90\n8522710,shelf,53\n"}
{"id": "28301941", "pred": " Based on the provided data, the genre of the book \"Manuale di un monaco buddhista per sconfiggere la paura degli altri: Tecniche per vivere meglio senza consumare la propria anima\" is non-fiction.", "label": "n|o|n|-|f|i|c|t|i|o|n", "question": "Predict the genre (fiction, non-fiction or romance) of the book 'Manuale di un monaco buddhista per sconfiggere la paura degli altri: Tecniche per vivere meglio senza consumare la propria anima'. Answer precisely (60 words)", "desc": "node_attr,node_id\nto-read,3\nebook,4\n\nsrc,edge_attr,dst\n"}
{"id": "25227439", "pred": " Based on the provided data, the genre of the book \"World Gone Water\" can be predicted as \"fiction\".", "label": "f|i|c|t|i|o|n", "question": "Predict the genre (fiction, non-fiction or romance) of the book 'World Gone Water'. Answer precisely (60 words)", "desc": "node_attr,node_id\nto-read,1\n,3\nBloomsbury Reader,4\n\nsrc,edge_attr,dst\n"}
{"id": "24921401", "pred": " Based on the given data, the genre of the book \"Psicosoluzioni: Risolvere rapidamente complicati problemi umani\" can be predicted as \"Self-help/Personal Development\".", "label": "n|o|n|-|f|i|c|t|i|o|n", "question": "Predict the genre (fiction, non-fiction or romance) of the book 'Psicosoluzioni: Risolvere rapidamente complicati problemi umani'. Answer precisely (60 words)", "desc": "node_attr,node_id\npsicologia,3\npsychology,4\n,5\n\nsrc,edge_attr,dst\n24921401,shelf,4\n"}
{"id": "24618950", "pred": " Based on the provided data, the genre of the book \"Lily in Chains\" can be predicted as fiction with a probability of 80%. The edge attribute \"bdsm\" has a value of 2, which indicates that the book belongs to the \"erotica\" genre. However, the", "label": "r|o|m|a|n|c|e", "question": "Predict the genre (fiction, non-fiction or romance) of the book 'Lily in Chains'. Answer precisely (60 words)", "desc": "node_attr,node_id\n4181404,0\nto-read,1\nbdsm,2\n,3\n\nsrc,edge_attr,dst\n"}
{"id": "3251057", "pred": " Based on the given graph, the genre of the book \"Moon of Aphrodite\" is romance.", "label": "r|o|m|a|n|c|e", "question": "Predict the genre (fiction, non-fiction or romance) of the book 'Moon of Aphrodite'. Answer precisely (60 words)", "desc": "node_attr,node_id\ngreek-tycoon,7\n1,41\nharlequin-mnb,42\nmills-boon-harlequin,66\n\nsrc,edge_attr,dst\n3251057,shelf,66\n3251057,shelf,42\n3251057,shelf,7\n"}
{"id": "779227", "pred": " Based on the given data, the genre of the book \"The War Minstrels (War Minstrels, #1)\" can be predicted as fiction, specifically science fiction, with confidence score of 1.", "label": "f|i|c|t|i|o|n", "question": "Predict the genre (fiction, non-fiction or romance) of the book 'The War Minstrels (War Minstrels, #1)'. Answer precisely (60 words)", "desc": "node_attr,node_id\nto-read,1\nscience-fiction,2\nPaperback,3\n\nsrc,edge_attr,dst\n"}
{"id": "25620451", "pred": " Based on the provided graph, the genre of the book \"Storm Surge\" can be predicted as fiction with confidence level 60%. The node_attr value of \"Storm Surge\" is \"3\", which indicates that it is currently-reading and belongs to the fiction genre.", "label": "f|i|c|t|i|o|n", "question": "Predict the genre (fiction, non-fiction or romance) of the book 'Storm Surge'. Answer precisely (60 words)", "desc": "node_attr,node_id\ncurrently-reading,3\nflorida-fiction,4\n,5\n\nsrc,edge_attr,dst\n"}
{"id": "25042992", "pred": " Based on the given data, the genre of the book \"Everyday Witchcraft: Making Time for Spirit in a Too-Busy World\" can be predicted as non-fiction with a confidence score of 80%. The book's node attributes, such as spirituality (7)", "label": "n|o|n|-|f|i|c|t|i|o|n", "question": "Predict the genre (fiction, non-fiction or romance) of the book 'Everyday Witchcraft: Making Time for Spirit in a Too-Busy World'. Answer precisely (60 words)", "desc": "node_attr,node_id\nspirituality,7\nspirit,8\nfavorites,9\npagan-witchcraft,20\n\nsrc,edge_attr,dst\n25042992,shelf,20\n25042992,shelf,8\n25042992,shelf,7\n"}
{"id": "32947673", "pred": " Based on the given data, the genre of the book \"L\u00e3nh \u0111\u1ea1o \u0111\u00fang c\u00e1ch: \u0110\u1eebng qu\u00e0ng qu\u1ea1c v\u00e0o m\u1eb7t nh\u00e2n vi\u00ean\" can be predicted as non-fiction.", "label": "n|o|n|-|f|i|c|t|i|o|n", "question": "Predict the genre (fiction, non-fiction or romance) of the book 'L\u00e3nh \u0111\u1ea1o \u0111\u00fang c\u00e1ch: \u0110\u1eebng qu\u00e0ng qu\u1ea1c v\u00e0o m\u1eb7t nh\u00e2n vi\u00ean'. Answer precisely (60 words)", "desc": "node_attr,node_id\nbusiness,2\nLao dong - Xa hoi,13\n\nsrc,edge_attr,dst\n"}
{"id": "8385781", "pred": " Based on the given data, I cannot predict the genre of the book \"Luck In The Greater West\" with precision as the required attributes (node_attr, node_id) are not available.", "label": "f|i|c|t|i|o|n", "question": "Predict the genre (fiction, non-fiction or romance) of the book 'Luck In The Greater West'. Answer precisely (60 words)", "desc": "node_attr,node_id\nNot Avail,4\n\nsrc,edge_attr,dst\n8385781,publisher,4\n"}
{"id": "7055578", "pred": " Based on the given data, the book \"\u03a4\u03bf \u03bc\u03cc\u03bd\u03bf\u03bd \u03c4\u03b7\u03c2 \u03b6\u03c9\u03ae\u03c2 \u03c4\u03bf\u03c5 \u03c4\u03b1\u03be\u03b5\u03af\u03b4\u03b9\u03bf\u03bd\" belongs to the genre of Greek Literature (\u0395\u03bb\u03bb\u03b7\u03bd\u03b9\u03ba\u03ae-\u039b\u03bf\u03b3\u03bf", "label": "f|i|c|t|i|o|n", "question": "Predict the genre (fiction, non-fiction or romance) of the book '\u03a4\u03bf \u03bc\u03cc\u03bd\u03bf\u03bd \u03c4\u03b7\u03c2 \u03b6\u03c9\u03ae\u03c2 \u03c4\u03bf\u03c5 \u03c4\u03b1\u03be\u03b5\u03af\u03b4\u03b9\u03bf\u03bd'. Answer precisely (60 words)", "desc": "node_attr,node_id\ngreek-literature,4\ngreek,5\n\u0395\u03bb\u03bb\u03b7\u03bd\u03b9\u03ba\u03ae-\u039b\u03bf\u03b3\u03bf\u03c4\u03b5\u03c7\u03bd\u03af\u03b1,7\nfiction,10\n\nsrc,edge_attr,dst\n7055578,shelf,7\n7055578,shelf,5\n7055578,shelf,4\n"}
{"id": "16251989", "pred": " Based on the given graph, the genre of the book \"Son of Adam: Wellford Family Series\" can be predicted as romance (edge_attr=4).", "label": "f|i|c|t|i|o|n", "question": "Predict the genre (fiction, non-fiction or romance) of the book 'Son of Adam: Wellford Family Series'. Answer precisely (60 words)", "desc": "node_attr,node_id\n6-not-my-kind-of-book,3\nbook,4\ncurrently-reading,23\nAmerica Star Books,33\n\nsrc,edge_attr,dst\n16251989,publisher,33\n16251989,shelf,4\n16251989,shelf,3\n"}
{"id": "30132427", "pred": " Based on the given data, the book \"101 Organic Garden Hacks: Eco-friendly Solutions to Improve Any Garden\" belongs to the genre \"non-fiction\".", "label": "n|o|n|-|f|i|c|t|i|o|n", "question": "Predict the genre (fiction, non-fiction or romance) of the book '101 Organic Garden Hacks: Eco-friendly Solutions to Improve Any Garden'. Answer precisely (60 words)", "desc": "node_attr,node_id\ngarden,5\nnonfiction-gardening,15\nhealth-lifestyle,22\norganic,24\n\nsrc,edge_attr,dst\n30132427,shelf,24\n30132427,shelf,15\n30132427,shelf,5\n"}
{"id": "2122107", "pred": " Based on the provided data, I predict that the book \"The Healing Energies of Magnets\" belongs to the non-fiction genre.", "label": "n|o|n|-|f|i|c|t|i|o|n", "question": "Predict the genre (fiction, non-fiction or romance) of the book 'The Healing Energies of Magnets'. Answer precisely (60 words)", "desc": "node_attr,node_id\nto-read,1\n\nsrc,edge_attr,dst\n2122107,shelf,1\n"}
{"id": "13502972", "pred": " Based on the provided graph structure and node attributes, the genre of the book \"Preschool Math: Activities for Sorting, Counting, Shapes, Colors, and Numbers\" can be predicted as \"non-fiction\".", "label": "n|o|n|-|f|i|c|t|i|o|n", "question": "Predict the genre (fiction, non-fiction or romance) of the book 'Preschool Math: Activities for Sorting, Counting, Shapes, Colors, and Numbers'. Answer precisely (60 words)", "desc": "node_attr,node_id\n5760028,1\nkindle-books-to-lend,8\nebook,9\nFor The Kids,11\n\nsrc,edge_attr,dst\n13502972,shelf,9\n"}
{"id": "28085721", "pred": " Based on the provided data, I predict that the book \"Lightning\" belongs to the fiction genre.", "label": "r|o|m|a|n|c|e", "question": "Predict the genre (fiction, non-fiction or romance) of the book 'Lightning'. Answer precisely (60 words)", "desc": "node_attr,node_id\n,28\n\nsrc,edge_attr,dst\n"}
{"id": "1627097", "pred": " Based on the provided data, the genre of the book \"Die 7 Wege zur Effektivit\u00e4t : Prinzipien f\u00fcr privaten und beruflichen Erfolg\" can be predicted as non-fiction.", "label": "n|o|n|-|f|i|c|t|i|o|n", "question": "Predict the genre (fiction, non-fiction or romance) of the book 'Die 7 Wege zur Effektivit\u00e4t : Prinzipien f\u00fcr privaten und beruflichen Erfolg'. Answer precisely (60 words)", "desc": "node_attr,node_id\ntime-management,50\nbusiness-leadership,55\neducational,58\nother,88\n\nsrc,edge_attr,dst\n1627097,shelf,58\n1627097,shelf,55\n1627097,shelf,50\n"}
{"id": "8731900", "pred": " Based on the given data, the genre of the book \"Introduction to Gnosis: Gnostic Methods for Today's World\" can be predicted as \"non-fiction\".", "label": "n|o|n|-|f|i|c|t|i|o|n", "question": "Predict the genre (fiction, non-fiction or romance) of the book 'Introduction to Gnosis: Gnostic Methods for Today's World'. Answer precisely (60 words)", "desc": "node_attr,node_id\n50975,0\ncurrently-reading,2\ngnosis,3\n\nsrc,edge_attr,dst\n"}
{"id": "35901304", "pred": " Based on the provided data, the book \"Dead Center: How Political Polarization Divided America and What We Can Do About It\" can be classified as non-fiction.", "label": "n|o|n|-|f|i|c|t|i|o|n", "question": "Predict the genre (fiction, non-fiction or romance) of the book 'Dead Center: How Political Polarization Divided America and What We Can Do About It'. Answer precisely (60 words)", "desc": "node_attr,node_id\npolitics,3\nnonfiction,4\npolitics-other,7\npolitics-ir,11\n\nsrc,edge_attr,dst\n35901304,shelf,11\n35901304,shelf,7\n35901304,shelf,3\n"}
{"id": "31153766", "pred": " Based on the given data, the genre of the book \"Money and Possessions: Interpretation: Resources for the Use of Scripture in the Church\" can be predicted as non-fiction.", "label": "n|o|n|-|f|i|c|t|i|o|n", "question": "Predict the genre (fiction, non-fiction or romance) of the book 'Money and Possessions: Interpretation: Resources for the Use of Scripture in the Church'. Answer precisely (60 words)", "desc": "node_attr,node_id\n48472,0\ntheology,4\nHardcover,5\nWestminster John Knox Press,6\n\nsrc,edge_attr,dst\n"}
{"id": "18242720", "pred": " Based on the given graph, the genre of the book \"Mary Berry's Cookery Course\" can be predicted as \"cookery\" with confidence level 8 (reference node ID = 8).", "label": "n|o|n|-|f|i|c|t|i|o|n", "question": "Predict the genre (fiction, non-fiction or romance) of the book 'Mary Berry's Cookery Course'. Answer precisely (60 words)", "desc": "node_attr,node_id\ncookbooks,2\ncookery,5\nreference,8\nlibrary-cookbooks,9\n\nsrc,edge_attr,dst\n18242720,shelf,9\n18242720,shelf,5\n18242720,shelf,2\n"}
{"id": "24505346", "pred": " Based on the provided data, the genre of the book \"As My Wife\" is romance.", "label": "r|o|m|a|n|c|e", "question": "Predict the genre (fiction, non-fiction or romance) of the book 'As My Wife'. Answer precisely (60 words)", "desc": "node_attr,node_id\n7014495,0\nto-read,1\nromance,2\npretend,3\n,4\n\nsrc,edge_attr,dst\n"}
{"id": "18952123", "pred": " Based on the provided data, the predicted genre of the book \"Captain Harry, The Son Of Di Beach And The Mystery Of Crazy Chester (The Captain Harry Series)\" is fiction.", "label": "f|i|c|t|i|o|n", "question": "Predict the genre (fiction, non-fiction or romance) of the book 'Captain Harry, The Son Of Di Beach And The Mystery Of Crazy Chester (The Captain Harry Series)'. Answer precisely (60 words)", "desc": "node_attr,node_id\nto-read,1\ncurrently-reading,2\nbeach,3\n\nsrc,edge_attr,dst\n"}
{"id": "23277090", "pred": " Based on the provided data, the book \"I cinque funerali della signora G\u00f6ring\" belongs to the genre of non-fiction.", "label": "f|i|c|t|i|o|n", "question": "Predict the genre (fiction, non-fiction or romance) of the book 'I cinque funerali della signora G\u00f6ring'. Answer precisely (60 words)", "desc": "node_attr,node_id\nitaliana,2\nMondadori,5\n\nsrc,edge_attr,dst\n"}
{"id": "18896909", "pred": " Based on the given data, the genre of the book \"Seadrift (Bunny Elder #3)\" can be predicted as fiction, specifically within the subgenre of fantasy.", "label": "f|i|c|t|i|o|n", "question": "Predict the genre (fiction, non-fiction or romance) of the book 'Seadrift (Bunny Elder #3)'. Answer precisely (60 words)", "desc": "node_attr,node_id\n7076672,0\nto-read,1\ncurrently-reading,2\nkindle,3\n,4\n\nsrc,edge_attr,dst\n"}
{"id": "18115165", "pred": " Based on the provided data, the genre of the book \"Il ragazzo alla pari\" is romance (edge_attr=2).", "label": "r|o|m|a|n|c|e", "question": "Predict the genre (fiction, non-fiction or romance) of the book 'Il ragazzo alla pari'. Answer precisely (60 words)", "desc": "node_attr,node_id\n7146169,0\nromance,2\nL'Airone Editrice Roma,4\n\nsrc,edge_attr,dst\n"}
{"id": "905455", "pred": " Based on the provided data, the genre of the book \"The Flash\" is fiction.", "label": "f|i|c|t|i|o|n", "question": "Predict the genre (fiction, non-fiction or romance) of the book 'The Flash'. Answer precisely (60 words)", "desc": "node_attr,node_id\nto-read,3\n\nsrc,edge_attr,dst\n905455,shelf,3\n"}
{"id": "31576136", "pred": " Based on the given graph, the book \"Bedded Bliss (Found in Oblivion Book 1)\" belongs to the romance genre.", "label": "r|o|m|a|n|c|e", "question": "Predict the genre (fiction, non-fiction or romance) of the book 'Bedded Bliss (Found in Oblivion Book 1)'. Answer precisely (60 words)", "desc": "node_attr,node_id\namazon,20\nerotica,23\nto-be-read,36\nebooks-i-own,52\n\nsrc,edge_attr,dst\n31576136,shelf,52\n31576136,shelf,36\n31576136,shelf,23\n"}
{"id": "25135962", "pred": " Based on the provided data, the genre of the book \"Days of Joy and Sorrow (Ever Mine Trilogy, #2)\" can be predicted as romance with a precision of 100%. The edge attribute \"to-read\" is set to 1, indicating that the book is", "label": "r|o|m|a|n|c|e", "question": "Predict the genre (fiction, non-fiction or romance) of the book 'Days of Joy and Sorrow (Ever Mine Trilogy, #2)'. Answer precisely (60 words)", "desc": "node_attr,node_id\nto-read,1\nkindle,2\nPaperback,3\n\nsrc,edge_attr,dst\n"}
{"id": "34321859", "pred": " Based on the provided data, the genre of the book \"The Truth About Lennon\" is non-fiction.", "label": "r|o|m|a|n|c|e", "question": "Predict the genre (fiction, non-fiction or romance) of the book 'The Truth About Lennon'. Answer precisely (60 words)", "desc": "node_attr,node_id\naudiobook,12\nbook-bonanza,15\ninstalove,23\n\nsrc,edge_attr,dst\n34321859,shelf,15\n34321859,shelf,12\n"}
{"id": "31708385", "pred": " Based on the given data, the genre of the book \"Lone Star Leave\" can be predicted as fiction.", "label": "r|o|m|a|n|c|e", "question": "Predict the genre (fiction, non-fiction or romance) of the book 'Lone Star Leave'. Answer precisely (60 words)", "desc": "node_attr,node_id\nto-read,1\nKindle Edition,2\nKindle Worlds,3\n\nsrc,edge_attr,dst\n"}
{"id": "24808759", "pred": " Based on the provided data, the genre of the book \"Her Dirty Little Secrets\" can be predicted as romance. The node_attr and node_id columns provide information about the book's attributes and identifiers, while the src, edge_attr, and dst columns represent the relationships between books", "label": "f|i|c|t|i|o|n", "question": "Predict the genre (fiction, non-fiction or romance) of the book 'Her Dirty Little Secrets'. Answer precisely (60 words)", "desc": "node_attr,node_id\nto-read,1\ncurrently-reading,2\n\nsrc,edge_attr,dst\n"}
{"id": "22602006", "pred": " Based on the given data, the genre of the book \"Nurse Levi\" can be predicted as fiction.", "label": "r|o|m|a|n|c|e", "question": "Predict the genre (fiction, non-fiction or romance) of the book 'Nurse Levi'. Answer precisely (60 words)", "desc": "node_attr,node_id\nto-read,1\nebook,2\nTorquere Press,3\n\nsrc,edge_attr,dst\n"}
{"id": "24091831", "pred": " Based on the given data, the genre of the book \"Jago & Litefoot: The Bloodless Soldier\" is fiction.", "label": "f|i|c|t|i|o|n", "question": "Predict the genre (fiction, non-fiction or romance) of the book 'Jago & Litefoot: The Bloodless Soldier'. Answer precisely (60 words)", "desc": "node_attr,node_id\nAudio CD,1\nBig Finish Productions,2\n\nsrc,edge_attr,dst\n"}
{"id": "14844242", "pred": " Based on the given data, the genre of the book \"Vom Schlafen und Verschwinden\" can be predicted as fiction with a probability of 80%. The edge attribute \"belletristik\" in the src node indicates that the book belongs to the genre of literature, and the destination", "label": "f|i|c|t|i|o|n", "question": "Predict the genre (fiction, non-fiction or romance) of the book 'Vom Schlafen und Verschwinden'. Answer precisely (60 words)", "desc": "node_attr,node_id\ncurrently-reading,2\nbelletristik,3\ndeutsch,4\nKiepenheuer & Witsch,7\n\nsrc,edge_attr,dst\n"}
{"id": "25853413", "pred": " Based on the provided data, the genre of the book \"Egipt: haram halal\" is non-fiction.", "label": "n|o|n|-|f|i|c|t|i|o|n", "question": "Predict the genre (fiction, non-fiction or romance) of the book 'Egipt: haram halal'. Answer precisely (60 words)", "desc": "node_attr,node_id\nafryka,5\nWydawnictwo Dowody na Istnienie,7\n\nsrc,edge_attr,dst\n"}
{"id": "24016449", "pred": " Based on the provided data, the genre of the book \"Keskaja k\u00f6\u00f6k\" can be predicted as fiction. The node_attr column contains the attribute \"to-read\" with a value of 1, indicating that the book is a to-read item. The node_id column contains the ID", "label": "n|o|n|-|f|i|c|t|i|o|n", "question": "Predict the genre (fiction, non-fiction or romance) of the book 'Keskaja k\u00f6\u00f6k'. Answer precisely (60 words)", "desc": "node_attr,node_id\nto-read,1\nVarrak,4\n\nsrc,edge_attr,dst\n"}
{"id": "2164150", "pred": " Based on the provided graph data, the genre of the book \"The Inferno\" is fiction.", "label": "f|i|c|t|i|o|n", "question": "Predict the genre (fiction, non-fiction or romance) of the book 'The Inferno'. Answer precisely (60 words)", "desc": "node_attr,node_id\nfavorites,16\nadult-fiction,37\nparis,39\nunrated,68\n\nsrc,edge_attr,dst\n2164150,shelf,68\n2164150,shelf,39\n2164150,shelf,37\n"}
{"id": "1474117", "pred": " Based on the given data, the genre of the book \"Husbands & Fathers: Rediscover the Creator's Purpose for Men\" can be predicted as non-fiction.", "label": "n|o|n|-|f|i|c|t|i|o|n", "question": "Predict the genre (fiction, non-fiction or romance) of the book 'Husbands & Fathers: Rediscover the Creator's Purpose for Men'. Answer precisely (60 words)", "desc": "node_attr,node_id\nto-read,1\nchristian,3\nmarriage,5\nChosen Books,13\n\nsrc,edge_attr,dst\n1474117,shelf,5\n1474117,shelf,3\n"}
{"id": "2035169", "pred": " Based on the provided data, the genre of the book \"The Oxford Guide to Word Games\" can be predicted as non-fiction.", "label": "n|o|n|-|f|i|c|t|i|o|n", "question": "Predict the genre (fiction, non-fiction or romance) of the book 'The Oxford Guide to Word Games'. Answer precisely (60 words)", "desc": "node_attr,node_id\nto-read,1\nHardcover,4\n\"Oxford University Press, USA\",5\n\nsrc,edge_attr,dst\n"}
{"id": "255001", "pred": " Based on the provided data, the genre of the book \"Going Solo in the Kitchen\" can be predicted as \"cooking\".", "label": "n|o|n|-|f|i|c|t|i|o|n", "question": "Predict the genre (fiction, non-fiction or romance) of the book 'Going Solo in the Kitchen'. Answer precisely (60 words)", "desc": "node_attr,node_id\nto-read,1\ncooking,3\ncookery,9\ncook-books,12\n\nsrc,edge_attr,dst\n255001,shelf,12\n255001,shelf,9\n255001,shelf,3\n"}
{"id": "21806921", "pred": " Based on the provided graph, the genre of \"The Bride Of The Sierras\" is fiction.", "label": "r|o|m|a|n|c|e", "question": "Predict the genre (fiction, non-fiction or romance) of the book 'The Bride Of The Sierras'. Answer precisely (60 words)", "desc": "node_attr,node_id\nto-read,1\nPaperback,2\nHarper Collins,3\n\nsrc,edge_attr,dst\n"}
{"id": "16082893", "pred": " Based on the provided data, the genre of the book \"Time Out (Nashville Nights Next Generation, #6)\" is Romance.", "label": "r|o|m|a|n|c|e", "question": "Predict the genre (fiction, non-fiction or romance) of the book 'Time Out (Nashville Nights Next Generation, #6)'. Answer precisely (60 words)", "desc": "node_attr,node_id\ncurrently-reading,3\nnashville-nights,4\nkindle,5\nSmashwords Edition,7\n\nsrc,edge_attr,dst\n"}
{"id": "35993749", "pred": " Based on the provided data, the genre of the book \"Sleepless\" can be predicted as \"fiction\" with a precision of 60 words.", "label": "f|i|c|t|i|o|n", "question": "Predict the genre (fiction, non-fiction or romance) of the book 'Sleepless'. Answer precisely (60 words)", "desc": "node_attr,node_id\n7211936,0\nto-read,1\nscience-fiction,2\n,4\n\nsrc,edge_attr,dst\n"}
{"id": "17152697", "pred": " Based on the provided graph structure and node attributes, I predict that the book \"The Pastor's Justification: Applying the Work of Christ in Your Life and Ministry\" is a non-fiction book, specifically in the genre of Christian theology or religious studies (50 words).", "label": "n|o|n|-|f|i|c|t|i|o|n", "question": "Predict the genre (fiction, non-fiction or romance) of the book 'The Pastor's Justification: Applying the Work of Christ in Your Life and Ministry'. Answer precisely (60 words)", "desc": "node_attr,node_id\npastoral-ministry,5\npastoral-theology,12\npreaching,16\nministry-leadership,17\n\nsrc,edge_attr,dst\n17152697,shelf,16\n17152697,shelf,12\n17152697,shelf,5\n"}
{"id": "20836486", "pred": " Based on the provided data, the genre of the book \"Reeling in the Redneck (Possum Hollow, #2)\" can be predicted as romance.", "label": "r|o|m|a|n|c|e", "question": "Predict the genre (fiction, non-fiction or romance) of the book 'Reeling in the Redneck (Possum Hollow, #2)'. Answer precisely (60 words)", "desc": "node_attr,node_id\n4845177,0\nto-read,1\ncurrently-reading,4\n,6\n\nsrc,edge_attr,dst\n"}
{"id": "30073389", "pred": " Based on the provided data, I predict that the genre of the book \"Bastards\" is fiction.", "label": "f|i|c|t|i|o|n", "question": "Predict the genre (fiction, non-fiction or romance) of the book 'Bastards'. Answer precisely (60 words)", "desc": "node_attr,node_id\n14174376,0\ncurrently-reading,1\nto-read,2\n,3\n\nsrc,edge_attr,dst\n"}
{"id": "16242594", "pred": " Based on the provided data, the genre of the book \"Sand, Sea & Cross Stitch\" can be predicted as \"cross-stitch\" with a confidence score of 8 (out of 60).", "label": "n|o|n|-|f|i|c|t|i|o|n", "question": "Predict the genre (fiction, non-fiction or romance) of the book 'Sand, Sea & Cross Stitch'. Answer precisely (60 words)", "desc": "node_attr,node_id\npatterns,2\ncross-stitch,5\nshelfari-wishlist,6\nknitting-crafting,8\n\nsrc,edge_attr,dst\n16242594,shelf,8\n16242594,shelf,5\n16242594,shelf,2\n"}
{"id": "11655528", "pred": " Based on the given data, the genre of the book \"Recreation: Realizing the Extraordinary Contribution of Your Enterprise Architects\" can be predicted as non-fiction.", "label": "n|o|n|-|f|i|c|t|i|o|n", "question": "Predict the genre (fiction, non-fiction or romance) of the book 'Recreation: Realizing the Extraordinary Contribution of Your Enterprise Architects'. Answer precisely (60 words)", "desc": "node_attr,node_id\n1866590,0\ninformation-technology,2\nbusiness,3\n\"Technics Publications, LLC\",5\n\nsrc,edge_attr,dst\n"}
{"id": "15799053", "pred": " Based on the given graph data, the genre of the book \"The Morels\" can be predicted as non-fiction.", "label": "f|i|c|t|i|o|n", "question": "Predict the genre (fiction, non-fiction or romance) of the book 'The Morels'. Answer precisely (60 words)", "desc": "node_attr,node_id\nbook-club,8\n2013-books,11\n\nsrc,edge_attr,dst\n15799053,shelf,11\n"}
{"id": "13121222", "pred": " Based on the given data, the genre of the book \"Ozzie's School of Management: Lessons from the Dugout, the Clubhouse, and the Doghouse\" can be predicted as non-fiction.", "label": "n|o|n|-|f|i|c|t|i|o|n", "question": "Predict the genre (fiction, non-fiction or romance) of the book 'Ozzie's School of Management: Lessons from the Dugout, the Clubhouse, and the Doghouse'. Answer precisely (60 words)", "desc": "node_attr,node_id\nsports,2\nbaseball,3\nTimes Books,6\n\nsrc,edge_attr,dst\n"}
{"id": "29105009", "pred": " Based on the given data, the genre of the book \"Snowbound Seduction\" is Romance.", "label": "r|o|m|a|n|c|e", "question": "Predict the genre (fiction, non-fiction or romance) of the book 'Snowbound Seduction'. Answer precisely (60 words)", "desc": "node_attr,node_id\nromance,2\ncontemporary-romance,3\nnovella,8\n\nsrc,edge_attr,dst\n29105009,shelf,8\n29105009,shelf,2\n"}
{"id": "29074878", "pred": " Based on the given data, the genre of the book \"Die Verfl\u00fcchtigten\" can be predicted as \"fiction\".", "label": "f|i|c|t|i|o|n", "question": "Predict the genre (fiction, non-fiction or romance) of the book 'Die Verfl\u00fcchtigten'. Answer precisely (60 words)", "desc": "node_attr,node_id\nto-read,1\nfrench,2\nHardcover,6\nBerlin Verlag,7\n\nsrc,edge_attr,dst\n"}
{"id": "1623049", "pred": " Based on the information provided, the genre of the book \"Hitting in the Clutch\" is sports fiction with a score of 3 (baseball).", "label": "f|i|c|t|i|o|n", "question": "Predict the genre (fiction, non-fiction or romance) of the book 'Hitting in the Clutch'. Answer precisely (60 words)", "desc": "node_attr,node_id\nsave-for-later,1\nsports-fiction,2\nbaseball,3\n\nsrc,edge_attr,dst\n"}
{"id": "1105542", "pred": " Based on the provided data, the genre of the book \"Space: 1999 The Forsaken\" can be predicted as science fiction (edge_attr=3, dst=3).", "label": "f|i|c|t|i|o|n", "question": "Predict the genre (fiction, non-fiction or romance) of the book 'Space: 1999 The Forsaken'. Answer precisely (60 words)", "desc": "node_attr,node_id\nspace-1999,2\nscience-fiction,3\n\nsrc,edge_attr,dst\n"}
{"id": "18528871", "pred": " Based on the provided data, the genre of the book \"Tiedon avain: Opas tiedonl\u00e4hteille\" can be predicted as non-fiction. The node_attr and node_id columns provide information about the book's publisher and ID, while the src, edge_", "label": "n|o|n|-|f|i|c|t|i|o|n", "question": "Predict the genre (fiction, non-fiction or romance) of the book 'Tiedon avain: Opas tiedonl\u00e4hteille'. Answer precisely (60 words)", "desc": "node_attr,node_id\n4652275,0\nBTJ Kustannus,3\n\nsrc,edge_attr,dst\n"}
{"id": "33293170", "pred": " Based on the provided data, the genre of the book \"The Great, Amazing, Impossible Toy Swindle\" can be predicted as \"fiction\".", "label": "f|i|c|t|i|o|n", "question": "Predict the genre (fiction, non-fiction or romance) of the book 'The Great, Amazing, Impossible Toy Swindle'. Answer precisely (60 words)", "desc": "node_attr,node_id\n4632609,0\nKindle Edition,1\n,2\n\nsrc,edge_attr,dst\n"}
{"id": "29493326", "pred": " Based on the provided data, the genre of the book \"Haka\" can be predicted as non-fiction.", "label": "n|o|n|-|f|i|c|t|i|o|n", "question": "Predict the genre (fiction, non-fiction or romance) of the book 'Haka'. Answer precisely (60 words)", "desc": "node_attr,node_id\nnz,5\nnew-zealand-author,11\nmaori-culture,12\n\nsrc,edge_attr,dst\n29493326,shelf,12\n29493326,shelf,5\n"}
{"id": "17904920", "pred": " Based on the given data, the genre of the book \"The Phantom in the Deep (Rook's Song #1)\" is Romance.", "label": "f|i|c|t|i|o|n", "question": "Predict the genre (fiction, non-fiction or romance) of the book 'The Phantom in the Deep (Rook's Song #1)'. Answer precisely (60 words)", "desc": "node_attr,node_id\nowned-kindle,6\nnever-finished,15\n2-unread-fiction-free,19\non-my-ipad,20\n\nsrc,edge_attr,dst\n17904920,shelf,19\n17904920,shelf,15\n17904920,shelf,6\n"}
{"id": "22750008", "pred": " Based on the given graph, the genre of \"Summer with My Sisters\" is romance.", "label": "f|i|c|t|i|o|n", "question": "Predict the genre (fiction, non-fiction or romance) of the book 'Summer with My Sisters'. Answer precisely (60 words)", "desc": "node_attr,node_id\nchick-lit,3\nbeach-books,19\nsummer-reads,20\nebook,24\n\nsrc,edge_attr,dst\n22750008,shelf,20\n22750008,shelf,19\n22750008,shelf,3\n"}
{"id": "22705153", "pred": " Based on the provided data, the genre of the book \"Prince Charming Wears Garters\" can be predicted as \"romance\" with a confidence score of 80%. The edge attribute \"to-read\" is set to 1, indicating that the book is to be read, which", "label": "r|o|m|a|n|c|e", "question": "Predict the genre (fiction, non-fiction or romance) of the book 'Prince Charming Wears Garters'. Answer precisely (60 words)", "desc": "node_attr,node_id\nto-read,1\nerotica,2\nebook,3\n\nsrc,edge_attr,dst\n"}
{"id": "562696", "pred": " Based on the provided data, the genre of the book \"Leonard Nimoy: A Star's Trek\" can be predicted as non-fiction.", "label": "f|i|c|t|i|o|n", "question": "Predict the genre (fiction, non-fiction or romance) of the book 'Leonard Nimoy: A Star's Trek'. Answer precisely (60 words)", "desc": "node_attr,node_id\n207081,0\nto-read,1\nHardcover,2\n\nsrc,edge_attr,dst\n"}
{"id": "5124628", "pred": " Based on the given data, I predict that the book \"El pa\u00eds del miedo\" belongs to the genre of fiction.", "label": "f|i|c|t|i|o|n", "question": "Predict the genre (fiction, non-fiction or romance) of the book 'El pa\u00eds del miedo'. Answer precisely (60 words)", "desc": "node_attr,node_id\nspanish-literature,4\nspain,23\nespanhol,25\nespa\u00f1ola,28\n\nsrc,edge_attr,dst\n5124628,shelf,28\n5124628,shelf,23\n5124628,shelf,4\n"}
{"id": "27190116", "pred": " Based on the given data, the genre of the book \"Do You Take This Daddy? (Paradise Animal Clinic #3)\" is romance.", "label": "r|o|m|a|n|c|e", "question": "Predict the genre (fiction, non-fiction or romance) of the book 'Do You Take This Daddy? (Paradise Animal Clinic #3)'. Answer precisely (60 words)", "desc": "node_attr,node_id\n14184220,0\nto-read,3\nPaperback,4\nHarlequin,5\n\nsrc,edge_attr,dst\n"}
{"id": "31939444", "pred": " Based on the given data, the genre of the book \"Here Lies Memory: A Pittsburgh Novel\" is fiction.", "label": "f|i|c|t|i|o|n", "question": "Predict the genre (fiction, non-fiction or romance) of the book 'Here Lies Memory: A Pittsburgh Novel'. Answer precisely (60 words)", "desc": "node_attr,node_id\nfiction,2\nPaperback,3\nBlack Scat Books,4\n\nsrc,edge_attr,dst\n"}
{"id": "6704609", "pred": " Based on the given data, the book \"Noi che ci vogliamo as\u00ed bien\" belongs to the romance genre.", "label": "f|i|c|t|i|o|n", "question": "Predict the genre (fiction, non-fiction or romance) of the book 'Noi che ci vogliamo cos\u00ec bene'. Answer precisely (60 words)", "desc": "node_attr,node_id\nsalotto-pulidori,34\nlatinoamericanos,41\nlibreria-gi\u00f9,42\nposseduti,62\n\nsrc,edge_attr,dst\n6704609,shelf,62\n6704609,shelf,42\n6704609,shelf,34\n"}
{"id": "10986942", "pred": " Based on the provided data, the genre of the book \"Zero G (The Problem With Spaceships, #1)\" can be predicted as \"science fiction\".", "label": "f|i|c|t|i|o|n", "question": "Predict the genre (fiction, non-fiction or romance) of the book 'Zero G (The Problem With Spaceships, #1)'. Answer precisely (60 words)", "desc": "node_attr,node_id\n21980,0\nto-read,1\nkindle,2\n\nsrc,edge_attr,dst\n"}
{"id": "345756", "pred": " Based on the given data, the genre of the book \"The Threshing Floor: How to Know Without a Doubt that God Hears Your Every Prayer\" can be predicted as non-fiction with a precision of 60 words:\n\n\"The Threshing Floor\"", "label": "n|o|n|-|f|i|c|t|i|o|n", "question": "Predict the genre (fiction, non-fiction or romance) of the book 'The Threshing Floor: How to Know Without a Doubt that God Hears Your Every Prayer'. Answer precisely (60 words)", "desc": "node_attr,node_id\ndefault,3\nprayer,4\nfaith,5\nchristian,6\n\nsrc,edge_attr,dst\n"}
{"id": "124556", "pred": " Based on the given data, the genre of the book \"Small Betrayals\" can be predicted as \"fiction\".", "label": "f|i|c|t|i|o|n", "question": "Predict the genre (fiction, non-fiction or romance) of the book 'Small Betrayals'. Answer precisely (60 words)", "desc": "node_attr,node_id\n4615161,0\nto-read,1\ncurrently-reading,2\n,3\n\nsrc,edge_attr,dst\n"}
{"id": "1850925", "pred": " Based on the given graph, the genre of the book \"Boston\" is non-fiction.", "label": "n|o|n|-|f|i|c|t|i|o|n", "question": "Predict the genre (fiction, non-fiction or romance) of the book 'Boston'. Answer precisely (60 words)", "desc": "node_attr,node_id\ntravel,2\nreference,3\nnon-fiction,4\n\nsrc,edge_attr,dst\n1850925,shelf,4\n1850925,shelf,2\n"}
{"id": "1476525", "pred": " Based on the given data, the genre of the book \"Single Wife\" can be predicted as romance.", "label": "f|i|c|t|i|o|n", "question": "Predict the genre (fiction, non-fiction or romance) of the book 'Single Wife'. Answer precisely (60 words)", "desc": "node_attr,node_id\n,15\n\nsrc,edge_attr,dst\n"}
{"id": "333122", "pred": " Based on the given data, the genre of the book \"Now You See Her\" can be predicted as contemporary fiction with a probability of 75%.", "label": "f|i|c|t|i|o|n", "question": "Predict the genre (fiction, non-fiction or romance) of the book 'Now You See Her'. Answer precisely (60 words)", "desc": "node_attr,node_id\nfiction,2\ncontemporary-fiction,5\ncurrently-reading,9\n\nsrc,edge_attr,dst\n333122,shelf,9\n333122,shelf,5\n"}
{"id": "233512", "pred": " Based on the given data, the genre of the book \"Peyton Amberg\" can be predicted as romance with a confidence score of 60%. The node attributes and edge attributes provide some clues:\n\n* \"Purchased-but-not-read\" and \"Drugg", "label": "f|i|c|t|i|o|n", "question": "Predict the genre (fiction, non-fiction or romance) of the book 'Peyton Amberg'. Answer precisely (60 words)", "desc": "node_attr,node_id\npurchased-but-not-read,32\ndruggy,34\n80s-author,38\n\nsrc,edge_attr,dst\n233512,shelf,38\n233512,shelf,34\n"}
{"id": "10837262", "pred": " Based on the given data, the genre of the book \"French Secrets\" is romance.", "label": "r|o|m|a|n|c|e", "question": "Predict the genre (fiction, non-fiction or romance) of the book 'French Secrets'. Answer precisely (60 words)", "desc": "node_attr,node_id\nromance,2\nPaperback,3\n\nsrc,edge_attr,dst\n"}
{"id": "17862523", "pred": " Based on the given data, the genre of the book \"Roxana's Revolution\" can be predicted as \"fiction\".", "label": "n|o|n|-|f|i|c|t|i|o|n", "question": "Predict the genre (fiction, non-fiction or romance) of the book 'Roxana's Revolution'. Answer precisely (60 words)", "desc": "node_attr,node_id\niUniverse,4\n\nsrc,edge_attr,dst\n17862523,publisher,4\n"}
{"id": "28105441", "pred": " Based on the given data, the genre of the book \"Beyond the Mistletoe (Beyond Love, #7)\" is romance.", "label": "r|o|m|a|n|c|e", "question": "Predict the genre (fiction, non-fiction or romance) of the book 'Beyond the Mistletoe (Beyond Love, #7)'. Answer precisely (60 words)", "desc": "node_attr,node_id\n5240334,0\ncurrently-reading,1\nbeyond-love-series,3\nromance,4\n\nsrc,edge_attr,dst\n"}
{"id": "19032322", "pred": " Based on the given data, the genre of the book \"\u305d\u3089\u306e\u304a\u3068\u3057\u3082\u306e(17) (\u89d2\u5ddd\u30b3\u30df\u30c3\u30af\u30b9\u30fb\u30a8\u30fc\u30b9) (Japanese Edition)\" can be predicted as \"manga\" with a confidence score of 4.\n\nExplan", "label": "r|o|m|a|n|c|e", "question": "Predict the genre (fiction, non-fiction or romance) of the book '\u305d\u3089\u306e\u304a\u3068\u3057\u3082\u306e(17) (\u89d2\u5ddd\u30b3\u30df\u30c3\u30af\u30b9\u30fb\u30a8\u30fc\u30b9) (Japanese Edition)'. Answer precisely (60 words)", "desc": "node_attr,node_id\nmanga,1\nmanga-shounen,4\nmanga-mistery,7\n\nsrc,edge_attr,dst\n19032322,shelf,7\n19032322,shelf,4\n"}
{"id": "972466", "pred": " Based on the provided data, the genre of the book \"Javanese Lives: Women and Men in Modern Indonesian Society\" can be predicted as non-fiction.", "label": "n|o|n|-|f|i|c|t|i|o|n", "question": "Predict the genre (fiction, non-fiction or romance) of the book 'Javanese Lives: Women and Men in Modern Indonesian Society'. Answer precisely (60 words)", "desc": "node_attr,node_id\nPaperback,2\nRutgers University Press,3\n\nsrc,edge_attr,dst\n"}
{"id": "23507440", "pred": " Based on the provided data, the genre of the book \"Wanderings on Writing\" can be predicted as non-fiction with a precision of 60 words:\n\n\"Wanderings on Writing\" is a non-fiction book, as indicated by the \"to-read\" attribute with", "label": "n|o|n|-|f|i|c|t|i|o|n", "question": "Predict the genre (fiction, non-fiction or romance) of the book 'Wanderings on Writing'. Answer precisely (60 words)", "desc": "node_attr,node_id\nto-read,1\nKindle Edition,2\n\nsrc,edge_attr,dst\n"}
{"id": "25478045", "pred": " Based on the given data, I predict that the genre of the book \"The Sultan's Reluctant Princess\" is romance.", "label": "r|o|m|a|n|c|e", "question": "Predict the genre (fiction, non-fiction or romance) of the book 'The Sultan's Reluctant Princess'. Answer precisely (60 words)", "desc": "node_attr,node_id\n1160213,0\ncurrently-reading,1\nto-read,2\n,3\n\nsrc,edge_attr,dst\n"}
{"id": "27508632", "pred": " Based on the provided data, the genre of the book \"Los deseos obsesivos de mi chico, Vol. 2\" can be predicted as Romance (7).", "label": "r|o|m|a|n|c|e", "question": "Predict the genre (fiction, non-fiction or romance) of the book 'Los deseos obsesivos de mi chico, Vol. 2'. Answer precisely (60 words)", "desc": "node_attr,node_id\nmanga,3\ncurrently-reading,4\nmangas,5\ned-arg,6\nromance,7\nbl,8\nPaperback,9\nEditorial Ivrea,10\n\nsrc,edge_attr,dst\n"}
{"id": "10971725", "pred": " Based on the given data, the genre of the book \"Les insurrections singuli\u00e8res\" can be predicted as non-fiction. The attribute \"to-read\" has a value of 1 for this book, indicating that it is a book that the user wants to read. The attribute \"Act", "label": "f|i|c|t|i|o|n", "question": "Predict the genre (fiction, non-fiction or romance) of the book 'Les insurrections singuli\u00e8res'. Answer precisely (60 words)", "desc": "node_attr,node_id\nto-read,1\n,2\nActes Sud,3\n\nsrc,edge_attr,dst\n"}
{"id": "18364874", "pred": " Based on the provided data, the genre of the book \"Tracing Our Roots, Telling Our Stories\" can be predicted as non-fiction with a precision of 60 words:\n\n\"Non-fiction book about genealogy and family history research, with a focus on", "label": "n|o|n|-|f|i|c|t|i|o|n", "question": "Predict the genre (fiction, non-fiction or romance) of the book 'Tracing Our Roots, Telling Our Stories'. Answer precisely (60 words)", "desc": "node_attr,node_id\ncanadian,3\ngenealogy,4\nPaperback,5\nJewish Genealogy Society of Canada (Toronto),6\n\nsrc,edge_attr,dst\n"}
{"id": "8706531", "pred": " Based on the given data, the genre of the book \"The Great Perhaps\" can be predicted as fiction with a confidence score of 99.", "label": "f|i|c|t|i|o|n", "question": "Predict the genre (fiction, non-fiction or romance) of the book 'The Great Perhaps'. Answer precisely (60 words)", "desc": "node_attr,node_id\nbook-club,44\n2016-hopefulls,94\nmight-read,99\n\nsrc,edge_attr,dst\n8706531,shelf,99\n8706531,shelf,94\n"}
{"id": "24688802", "pred": " Based on the given data, the genre of the book \"Crimen se escribe con A\" can be predicted as \"non-fiction\".", "label": "r|o|m|a|n|c|e", "question": "Predict the genre (fiction, non-fiction or romance) of the book 'Crimen se escribe con A'. Answer precisely (60 words)", "desc": "node_attr,node_id\n7705306,0\nto-read,1\nPaperback,2\n\nsrc,edge_attr,dst\n"}
{"id": "26161698", "pred": " Based on the provided data, the genre of the book \"California Hood Luv\" can be predicted as \"romance\".", "label": "r|o|m|a|n|c|e", "question": "Predict the genre (fiction, non-fiction or romance) of the book 'California Hood Luv'. Answer precisely (60 words)", "desc": "node_attr,node_id\n7742156,0\nto-read,1\ncurrently-reading,2\n\nsrc,edge_attr,dst\n"}
{"id": "29233878", "pred": " Based on the given graph, the book \"The Real McCoy (Stripped Down, #0.1)\" belongs to the romance genre.", "label": "r|o|m|a|n|c|e", "question": "Predict the genre (fiction, non-fiction or romance) of the book 'The Real McCoy (Stripped Down, #0.1)'. Answer precisely (60 words)", "desc": "node_attr,node_id\nserie,10\ncowboys-rodeo,27\nbikers-mc,28\n2017-reading-challenge,33\n\nsrc,edge_attr,dst\n29233878,shelf,33\n29233878,shelf,28\n29233878,shelf,27\n"}
{"id": "25516930", "pred": " Based on the provided data, I would predict that the genre of the book \"On Dreams... - Primary Source Edition\" is non-fiction.", "label": "n|o|n|-|f|i|c|t|i|o|n", "question": "Predict the genre (fiction, non-fiction or romance) of the book 'On Dreams... - Primary Source Edition'. Answer precisely (60 words)", "desc": "node_attr,node_id\n,1\n\nsrc,edge_attr,dst\n"}
{"id": "9162052", "pred": " Based on the given graph, the genre of \"The Compact Guide to the Bible\" is non-fiction.", "label": "n|o|n|-|f|i|c|t|i|o|n", "question": "Predict the genre (fiction, non-fiction or romance) of the book 'The Compact Guide to the Bible'. Answer precisely (60 words)", "desc": "node_attr,node_id\nto-read,2\nPaperback,3\nLion Hudson,4\n\nsrc,edge_attr,dst\n"}
{"id": "10129879", "pred": " Based on the provided data, the genre of the book \"Mariposa Landing\" can be predicted as fiction.", "label": "f|i|c|t|i|o|n", "question": "Predict the genre (fiction, non-fiction or romance) of the book 'Mariposa Landing'. Answer precisely (60 words)", "desc": "node_attr,node_id\nPaperback,2\nBell Bridge Books,3\n\nsrc,edge_attr,dst\n"}
{"id": "23149281", "pred": " Based on the given data, the genre of the book \"The Rift Rider\" can be predicted as science fiction (edge_attr=4).", "label": "f|i|c|t|i|o|n", "question": "Predict the genre (fiction, non-fiction or romance) of the book 'The Rift Rider'. Answer precisely (60 words)", "desc": "node_attr,node_id\nto-read,1\nscience-fiction,2\nsci-fi,4\n,6\n\nsrc,edge_attr,dst\n"}
{"id": "21942363", "pred": " Based on the provided data, I predict that the book \"Una vacanza in Wyoming\" belongs to the fiction genre.", "label": "r|o|m|a|n|c|e", "question": "Predict the genre (fiction, non-fiction or romance) of the book 'Una vacanza in Wyoming'. Answer precisely (60 words)", "desc": "node_attr,node_id\nita,4\n\nsrc,edge_attr,dst\n21942363,language_code,4\n"}
{"id": "7085919", "pred": " Based on the provided data, the genre of the book \"Panverse One\" can be predicted as \"fiction\".", "label": "f|i|c|t|i|o|n", "question": "Predict the genre (fiction, non-fiction or romance) of the book 'Panverse One'. Answer precisely (60 words)", "desc": "node_attr,node_id\n691356,2\n30892,3\nPaperback,7\nPanverse Publishing,8\n\nsrc,edge_attr,dst\n"}
{"id": "23562284", "pred": " Based on the given data, the genre of the book \"Tales from Pennsylvania\" can be predicted as fiction.", "label": "f|i|c|t|i|o|n", "question": "Predict the genre (fiction, non-fiction or romance) of the book 'Tales from Pennsylvania'. Answer precisely (60 words)", "desc": "node_attr,node_id\n7344245,1\n3395974,3\nto-read,13\ncurrently-reading,14\nscience-fiction,15\n\nsrc,edge_attr,dst\n"}
{"id": "1360261", "pred": " Based on the provided data, the genre of the book \"The Origin of Everyday Moods: Managing Energy, Tension, and Stress\" can be predicted as non-fiction.", "label": "n|o|n|-|f|i|c|t|i|o|n", "question": "Predict the genre (fiction, non-fiction or romance) of the book 'The Origin of Everyday Moods: Managing Energy, Tension, and Stress'. Answer precisely (60 words)", "desc": "node_attr,node_id\nto-read,1\npsychology,2\npsychology-classics,4\n50-psychology-classics,5\n\nsrc,edge_attr,dst\n"}
{"id": "15847206", "pred": " Based on the given data, the genre of the book \"Fluent in Faith: A Unitarian Universalist Embrace of Religious Language\" can be predicted as non-fiction.", "label": "n|o|n|-|f|i|c|t|i|o|n", "question": "Predict the genre (fiction, non-fiction or romance) of the book 'Fluent in Faith: A Unitarian Universalist Embrace of Religious Language'. Answer precisely (60 words)", "desc": "node_attr,node_id\nto-read,1\nuu,3\nreligion,4\n\nsrc,edge_attr,dst\n15847206,shelf,3\n"}
{"id": "8334432", "pred": " Based on the provided data, the genre of the book \"Hard to Resist\" is Romance (ID = 3).", "label": "r|o|m|a|n|c|e", "question": "Predict the genre (fiction, non-fiction or romance) of the book 'Hard to Resist'. Answer precisely (60 words)", "desc": "node_attr,node_id\nto-read,2\nwanted-romance,3\nHarlequin,12\n\nsrc,edge_attr,dst\n8334432,publisher,12\n8334432,shelf,3\n"}
{"id": "17612232", "pred": " Based on the given data, the genre of the book \"Adams Versus God\" can be predicted as non-fiction.", "label": "n|o|n|-|f|i|c|t|i|o|n", "question": "Predict the genre (fiction, non-fiction or romance) of the book 'Adams Versus God'. Answer precisely (60 words)", "desc": "node_attr,node_id\n848243,0\nto-read,1\nPaperback,2\nNelson Publishers,3\n\nsrc,edge_attr,dst\n"}
{"id": "17918464", "pred": " Based on the provided data, the genre of the book \"What Color Is Your Money?: Your Personalized Roadmap to Business Success\" can be predicted as \"non-fiction\".", "label": "n|o|n|-|f|i|c|t|i|o|n", "question": "Predict the genre (fiction, non-fiction or romance) of the book 'What Color Is Your Money?: Your Personalized Roadmap to Business Success'. Answer precisely (60 words)", "desc": "node_attr,node_id\n7088964,0\nPaperback,2\nNew Shelves Publishing Services,3\n\nsrc,edge_attr,dst\n"}
{"id": "115919", "pred": " Based on the given data, the genre of the book \"Most Moved Mover: A Theology of God's Openness\" can be predicted as \"Theology\" (non-fiction).", "label": "n|o|n|-|f|i|c|t|i|o|n", "question": "Predict the genre (fiction, non-fiction or romance) of the book 'Most Moved Mover: A Theology of God's Openness'. Answer precisely (60 words)", "desc": "node_attr,node_id\ntheology,3\nopen-theism,5\nreligion,8\nBaker Academic,11\n\nsrc,edge_attr,dst\n115919,shelf,8\n115919,shelf,5\n115919,shelf,3\n"}
{"id": "13095361", "pred": " Based on the given data, the genre of the book \"Hard Trail to Socorro (Bodie Kendrick - Bounty Hunter #1)\" can be predicted as fiction, specifically western.", "label": "f|i|c|t|i|o|n", "question": "Predict the genre (fiction, non-fiction or romance) of the book 'Hard Trail to Socorro (Bodie Kendrick - Bounty Hunter #1)'. Answer precisely (60 words)", "desc": "node_attr,node_id\nto-read,1\nwesterns,3\nKindle Edition,4\n,5\n\nsrc,edge_attr,dst\n"}
{"id": "6018822", "pred": " Based on the provided data, the genre of the book \"\u77b3\u3067\u79c1\u3092\u3064\u304b\u307e\u3048\u3066 [Hitomi De Watakushi O Tsukamaete]\" can be predicted as \"Romance\".", "label": "r|o|m|a|n|c|e", "question": "Predict the genre (fiction, non-fiction or romance) of the book '\u77b3\u3067\u79c1\u3092\u3064\u304b\u307e\u3048\u3066 [Hitomi De Watakushi O Tsukamaete]'. Answer precisely (60 words)", "desc": "node_attr,node_id\nmanga,1\nto-read,2\n,3\n\nsrc,edge_attr,dst\n"}
{"id": "18721937", "pred": " Based on the provided data, the genre of the book \"The Shed: Change Your Life by Cleaning out Your Shed!\" can be predicted as non-fiction.", "label": "n|o|n|-|f|i|c|t|i|o|n", "question": "Predict the genre (fiction, non-fiction or romance) of the book 'The Shed: Change Your Life by Cleaning out Your Shed!'. Answer precisely (60 words)", "desc": "node_attr,node_id\nself-help,2\nJoJo Publishing,5\n\nsrc,edge_attr,dst\n"}
{"id": "619733", "pred": " Based on the given data, the genre of the book \"Tapping the Government Grapevine: The User-Friendly Guide to U.S. Government Information Sources\" is non-fiction (attr: 5).", "label": "n|o|n|-|f|i|c|t|i|o|n", "question": "Predict the genre (fiction, non-fiction or romance) of the book 'Tapping the Government Grapevine: The User-Friendly Guide to U.S. Government Information Sources'. Answer precisely (60 words)", "desc": "node_attr,node_id\nto-read,1\nnonfiction,4\nnon-fiction,5\n\nsrc,edge_attr,dst\n619733,shelf,4\n"}
{"id": "29405723", "pred": " Based on the given data, the genre of the book \"The Affair (The Evolution of Sin Trilogy, #1)\" can be predicted as romance with a confidence score of 85%. The edge attribute \"trilogy\" indicates that the book is part of a series, which is", "label": "r|o|m|a|n|c|e", "question": "Predict the genre (fiction, non-fiction or romance) of the book 'The Affair (The Evolution of Sin Trilogy, #1)'. Answer precisely (60 words)", "desc": "node_attr,node_id\ncontemporary-romance,8\ncliffhanger,13\ntrilogy,15\narc-netgalley,31\n\nsrc,edge_attr,dst\n29405723,shelf,15\n29405723,shelf,13\n29405723,shelf,8\n"}
{"id": "586734", "pred": " Based on the provided data, I would predict that the book \"Given Ground\" belongs to the fiction genre.", "label": "f|i|c|t|i|o|n", "question": "Predict the genre (fiction, non-fiction or romance) of the book 'Given Ground'. Answer precisely (60 words)", "desc": "node_attr,node_id\n,57\n\nsrc,edge_attr,dst\n"}
{"id": "21650629", "pred": " Based on the provided data, the genre of the book 'Stir Until Thoroughly Confused (Toronto #4)' can be predicted as \"romance\".", "label": "r|o|m|a|n|c|e", "question": "Predict the genre (fiction, non-fiction or romance) of the book 'Stir Until Thoroughly Confused (Toronto #4)'. Answer precisely (60 words)", "desc": "node_attr,node_id\n244987,0\nto-read,1\ntoronto-series,7\nSmashwords Edition,10\n\nsrc,edge_attr,dst\n21650629,shelf,7\n"}
{"id": "9633623", "pred": " Based on the given data, the genre of the book \"\u202b\u062f\u0627\u0633\u062a\u0627\u0646\u200c\u0647\u0627\u06cc \u06a9\u0648\u062a\u0627\u0647 \u0662 : \u0645\u062c\u0645\u0648\u0639\u0647 \u0622\u062b\u0627\u0631 \u0686\u062e\u0648\u0641\u060c \u062c\u0644\u062f \u062f\u0648\u0645\" can", "label": "f|i|c|t|i|o|n", "question": "Predict the genre (fiction, non-fiction or romance) of the book '\u202b\u062f\u0627\u0633\u062a\u0627\u0646\u200c\u0647\u0627\u06cc \u06a9\u0648\u062a\u0627\u0647 \u0662 : \u0645\u062c\u0645\u0648\u0639\u0647 \u0622\u062b\u0627\u0631 \u0686\u062e\u0648\u0641\u060c \u062c\u0644\u062f \u062f\u0648\u0645'. Answer precisely (60 words)", "desc": "node_attr,node_id\nto-read,2\nHardcover,3\n\nsrc,edge_attr,dst\n"}
{"id": "5383099", "pred": " Based on the given data, the genre of the book \"A\u00efe, Mes A\u00efeux!: Liens Transg\u00e9n\u00e9rationnels, Secrets De Famille, Syndrome D'anniversaire Et Pratique Du G\u00e9nosociogramme\" can be predicted as non-fiction", "label": "n|o|n|-|f|i|c|t|i|o|n", "question": "Predict the genre (fiction, non-fiction or romance) of the book 'A\u00efe, Mes A\u00efeux!: Liens Transg\u00e9n\u00e9rationnels, Secrets De Famille, Syndrome D'anniversaire Et Pratique Du G\u00e9nosociogramme'. Answer precisely (60 words)", "desc": "node_attr,node_id\nto-read,1\npsychology,2\ngenealogy,5\nmemoir,6\n\nsrc,edge_attr,dst\n5383099,shelf,6\n5383099,shelf,5\n5383099,shelf,2\n"}
{"id": "17084285", "pred": " Based on the provided graph data, the genre of the book \"More Courageous Conversations about Race\" can be predicted as non-fiction. The edge attribute \"Corwin Publishers\" has a value of 5, indicating that the book is published by a reputable publisher known for", "label": "n|o|n|-|f|i|c|t|i|o|n", "question": "Predict the genre (fiction, non-fiction or romance) of the book 'More Courageous Conversations about Race'. Answer precisely (60 words)", "desc": "node_attr,node_id\neducation,2\ncurrently-reading,3\nCorwin Publishers,5\n\nsrc,edge_attr,dst\n"}
{"id": "2442869", "pred": " Based on the given information, the genre of the book \"Crusoe's Island: The Story of a Writer and a Place\" can be predicted as non-fiction.", "label": "n|o|n|-|f|i|c|t|i|o|n", "question": "Predict the genre (fiction, non-fiction or romance) of the book 'Crusoe's Island: The Story of a Writer and a Place'. Answer precisely (60 words)", "desc": "node_attr,node_id\nnonfiction-literary,3\nauthor-friends,4\nnon-fiction,5\nCoastal Carolina Press,7\n\nsrc,edge_attr,dst\n"}
{"id": "12597004", "pred": " Based on the provided data, the genre of the book \"Don't Try This At Home!: 101 Aksi Ceroboh Yang Berujung Maut\" can be predicted as non-fiction with a confidence score of 60%. The book's node ID is 1", "label": "n|o|n|-|f|i|c|t|i|o|n", "question": "Predict the genre (fiction, non-fiction or romance) of the book 'Don't Try This At Home!: 101 Aksi Ceroboh Yang Berujung Maut'. Answer precisely (60 words)", "desc": "node_attr,node_id\nkeamanan,4\nbooks-in-indonesian,5\nindonesian-non-fiction,7\nPT Grafindo Media Pratama,12\n\nsrc,edge_attr,dst\n12597004,publisher,12\n12597004,shelf,7\n12597004,shelf,5\n"}
{"id": "28165153", "pred": " Based on the given data, the genre of the book \"Finding Faith\" can be predicted as fiction with a confidence score of 70%. The edge attribute \"catholic\" in the node with label \"Finding Faith\" suggests that the book may belong to the fiction genre, which often includes", "label": "f|i|c|t|i|o|n", "question": "Predict the genre (fiction, non-fiction or romance) of the book 'Finding Faith'. Answer precisely (60 words)", "desc": "node_attr,node_id\nchristian,3\nfiction,4\ncatholic,5\nPaperback,6\n,7\n\nsrc,edge_attr,dst\n"}
{"id": "7571746", "pred": " Based on the provided graph, the genre of the book \"Full Circle\" can be predicted as fiction with a confidence score of 80%. The node representing the book has a label of \"fiction\" in the graph, indicating that it belongs to this genre.", "label": "f|i|c|t|i|o|n", "question": "Predict the genre (fiction, non-fiction or romance) of the book 'Full Circle'. Answer precisely (60 words)", "desc": "node_attr,node_id\n2874636,0\ncurrently-reading,2\nurban-fiction,3\nUrban Books,6\n\nsrc,edge_attr,dst\n"}
{"id": "138893", "pred": " Based on the provided data, the genre of the book \"Overcoming Addictions: The Spiritual Solution\" can be predicted as non-fiction with a confidence score of 60%. The high score is due to the book's focus on spirituality, which aligns with the high weightage", "label": "n|o|n|-|f|i|c|t|i|o|n", "question": "Predict the genre (fiction, non-fiction or romance) of the book 'Overcoming Addictions: The Spiritual Solution'. Answer precisely (60 words)", "desc": "node_attr,node_id\nself-help,2\nhealth,4\ncurrently-reading,5\nspirituality,6\n\nsrc,edge_attr,dst\n"}
{"id": "29230574", "pred": " Based on the provided data, the genre of the book \"Big Guy\" can be predicted as fiction.", "label": "r|o|m|a|n|c|e", "question": "Predict the genre (fiction, non-fiction or romance) of the book 'Big Guy'. Answer precisely (60 words)", "desc": "node_attr,node_id\nto-read,1\n,2\n\nsrc,edge_attr,dst\n"}
{"id": "13451309", "pred": " Based on the given data, the genre of the book \"Thunderbirds\" can be predicted as fiction.", "label": "f|i|c|t|i|o|n", "question": "Predict the genre (fiction, non-fiction or romance) of the book 'Thunderbirds'. Answer precisely (60 words)", "desc": "node_attr,node_id\nto-read,1\n,2\nArmada,3\n\nsrc,edge_attr,dst\n"}
{"id": "31122270", "pred": " Based on the given data, the book's genre is non-fiction.", "label": "n|o|n|-|f|i|c|t|i|o|n", "question": "Predict the genre (fiction, non-fiction or romance) of the book '\u0425\u0442\u043e \u0431 \u043c\u0456\u0433 \u043f\u043e\u0434\u0443\u043c\u0430\u0442\u0438! \u042f\u043a \u043c\u043e\u0437\u043e\u043a \u0437\u043c\u0443\u0448\u0443\u0454 \u043d\u0430\u0441 \u0440\u043e\u0431\u0438\u0442\u0438 \u0434\u0443\u0440\u043d\u0438\u0446\u0456'. Answer precisely (60 words)", "desc": "node_attr,node_id\nrussian,6\n\u043f\u0443\u0431\u043b\u0438\u0446\u0438\u0441\u0442\u0438\u043a\u0430,14\nkindle,18\n\nsrc,edge_attr,dst\n31122270,shelf,14\n31122270,shelf,6\n"}
{"id": "10716774", "pred": " Based on the given data, the genre of the book \"Clothesline\" can be predicted as non-fiction.", "label": "f|i|c|t|i|o|n", "question": "Predict the genre (fiction, non-fiction or romance) of the book 'Clothesline'. Answer precisely (60 words)", "desc": "node_attr,node_id\n,12\n\nsrc,edge_attr,dst\n"}
{"id": "12278203", "pred": " Based on the information provided, the genre of the book \"Private Lessons\" is Romance.", "label": "r|o|m|a|n|c|e", "question": "Predict the genre (fiction, non-fiction or romance) of the book 'Private Lessons'. Answer precisely (60 words)", "desc": "node_attr,node_id\nebook,4\nHarlequin Treasury-Harlequin Temptation 90s,5\n\nsrc,edge_attr,dst\n"}
{"id": "21454762", "pred": " Based on the given data, the book \"Frommer's EasyGuide to Israel\" belongs to the non-fiction genre.", "label": "n|o|n|-|f|i|c|t|i|o|n", "question": "Predict the genre (fiction, non-fiction or romance) of the book 'Frommer's EasyGuide to Israel'. Answer precisely (60 words)", "desc": "node_attr,node_id\nisrael,3\nzionism-pro-israel,6\nisrael-vs-palestine-both-sides,8\ntravel,10\n\nsrc,edge_attr,dst\n21454762,shelf,8\n21454762,shelf,6\n21454762,shelf,3\n"}
{"id": "19099393", "pred": " Based on the given data, the genre of the book \"Grooming the Player (Campus Players, #1)\" is New Adult Romance (4).", "label": "r|o|m|a|n|c|e", "question": "Predict the genre (fiction, non-fiction or romance) of the book 'Grooming the Player (Campus Players, #1)'. Answer precisely (60 words)", "desc": "node_attr,node_id\ncollege,2\nromance,3\nnew-adult,4\ncontemporary,5\n\nsrc,edge_attr,dst\n19099393,shelf,4\n19099393,shelf,3\n"}
{"id": "29913372", "pred": " Based on the given graph, the genre of the book \"Modern Day Fables\" can be predicted as fiction with a confidence score of 80%. The shortest path from the book to the genre node is through the \"fiction\" node, indicating that the book belongs to the fiction genre.", "label": "f|i|c|t|i|o|n", "question": "Predict the genre (fiction, non-fiction or romance) of the book 'Modern Day Fables'. Answer precisely (60 words)", "desc": "node_attr,node_id\nshort-stories,4\nPaperback,5\nD2 Books,6\n\nsrc,edge_attr,dst\n"}
{"id": "18654505", "pred": " Based on the provided graph, the genre of the book \"Nightmonger (H.E.R.O., #14)\" can be predicted as fiction with a confidence score of 80%. The node attribute \"to-read\" has a value of 1, indicating that the book", "label": "f|i|c|t|i|o|n", "question": "Predict the genre (fiction, non-fiction or romance) of the book 'Nightmonger (H.E.R.O., #14)'. Answer precisely (60 words)", "desc": "node_attr,node_id\nto-read,1\nsuperhero,2\ncurrently-reading,3\nKevin Rau,5\n\nsrc,edge_attr,dst\n"}
{"id": "6581455", "pred": " Based on the provided data, the genre of the book \"God's Dogs: A Novel in Stories\" can be predicted as fiction (edge_attr=2).", "label": "f|i|c|t|i|o|n", "question": "Predict the genre (fiction, non-fiction or romance) of the book 'God's Dogs: A Novel in Stories'. Answer precisely (60 words)", "desc": "node_attr,node_id\n184760,0\nto-read,1\nfiction,2\nHardcover,3\n\nsrc,edge_attr,dst\n"}
