{"id": 1474, "pred": "\n\n[INST]\n\n1,computer algorithmic trading\n2,an advantage\n3,people\n4,working properly\n5,", "label": "counter", "question": "Argument 1: computer algorithmic trading is not reliable.\nArgument 2: Computer algorithmic trading gives some people an advantage.\nQuestion: Do argument 1 and argument 2 support or counter each other? Answer in one word in the form of 'support' or 'counter'.\n\nAnswer:", "desc": "node_id,node_attr\n0,computer algorithmic trading\n1,an advantage\n2,make money\n3,people\n4,working properly\n5,reliable\n\nsrc,edge_attr,dst\n0,has property,1\n1,causes,2\n3,desires,2\n2,created by,4\n4,is a,5\n"}
{"id": 1476, "pred": "\n\n[/INST]\n\n[/INST]\n\n[/INST]\n\n[/INST]\n\n[/INST]\n\n", "label": "support", "question": "Argument 1: Cannabis smoking should be legal.\nArgument 2: Cannabis smoking has risks, but is far better than many other recreational substances.\nQuestion: Do argument 1 and argument 2 support or counter each other? Answer in one word in the form of 'support' or 'counter'.\n\nAnswer:", "desc": "node_id,node_attr\n0,cannabis smoking\n1,less risk\n2,far better\n3,should be legal\n\nsrc,edge_attr,dst\n0,has property,1\n0,is a,2\n1,desires,3\n"}
{"id": 2641, "pred": "\n\n[/INST]\n\\end{code}\n\nI have tried to use `re.findall` with the following pattern:\n\n", "label": "counter", "question": "Argument 1: Cosmetic surgery is a positive for women.\nArgument 2: Women who get plastic surgery do not know when to stop.\nQuestion: Do argument 1 and argument 2 support or counter each other? Answer in one word in the form of 'support' or 'counter'.\n\nAnswer:", "desc": "node_id,node_attr\n0,human\n1,cosmetic surgery\n2,women\n3,change appearance\n4,addiction\n5,searching for perfection\n6,stop\n7,positive\n\nsrc,edge_attr,dst\n0,receives action,1\n2,part of,0\n1,used for,3\n3,capable of,4\n4,created by,5\n4,not capable of,6\n4,is not a,7\n"}
{"id": 59, "pred": "\n\n# Arguments\n\n[/INST]\n\n# Question\n\nDo argument 1 and argument 2 support or counter each other? Answer", "label": "counter", "question": "Argument 1: we should make allowance for glitches.\nArgument 2: glitches delay progress and cause problems.\nQuestion: Do argument 1 and argument 2 support or counter each other? Answer in one word in the form of 'support' or 'counter'.\n\nAnswer:", "desc": "node_id,node_attr\n0,computers\n1,glitches\n2,delay progress\n3,allowance\n4,cause problems\n5,loss of resources\n6,should make allowance\n\nsrc,edge_attr,dst\n0,has property,1\n1,causes,2\n2,not desires,3\n3,has subevent,4\n4,has subevent,5\n5,not desires,6\n"}
{"id": 761, "pred": "\n\n###\n\n###\n\n###\n\n###\n\n###\n\n###\n\n###\n\n###", "label": "support", "question": "Argument 1: payday loans are still essential.\nArgument 2: Payday loans are used for the disadvantaged.\nQuestion: Do argument 1 and argument 2 support or counter each other? Answer in one word in the form of 'support' or 'counter'.\n\nAnswer:", "desc": "node_id,node_attr\n0,payday loans\n1,for the disadvantaged\n2,provide assistance\n3,still essential\n\nsrc,edge_attr,dst\n0,capable of,1\n1,capable of,2\n2,capable of,3\n"}
{"id": 2622, "pred": "\n\n[INST] node_id,node_attr\n0,entrapment\n1,criminal\n2,refuse\n3,c", "label": "support", "question": "Argument 1: Entrapment is good if done properly.\nArgument 2: The bad parts of entrapment can be eliminated if the criminal can be given the opportunity to refuse.\nQuestion: Do argument 1 and argument 2 support or counter each other? Answer in one word in the form of 'support' or 'counter'.\n\nAnswer:", "desc": "node_id,node_attr\n0,entrapment\n1,criminal\n2,refuse\n3,criminal can refuse\n4,deception\n5,good\n6,positive\n7,done properly\n\nsrc,edge_attr,dst\n0,has context,1\n1,capable of,2\n0,created by,3\n3,synonym of,4\n4,capable of,5\n5,synonym of,6\n6,desires,7\n"}
{"id": 2195, "pred": "\n\n[/INST]\n\n[/INST]\n\n[/INST]\n\n[/INST]\n\n[/INST]\n\n", "label": "counter", "question": "Argument 1: Students should be allowed to dress however they like\nArgument 2: Students dressing as they like could result in bullying those without trendy, expensive clothes\nQuestion: Do argument 1 and argument 2 support or counter each other? Answer in one word in the form of 'support' or 'counter'.\n\nAnswer:", "desc": "node_id,node_attr\n0,expensive clothes\n1,bullying\n2,however they like\n3,students\n\nsrc,edge_attr,dst\n0,has subevent,1\n2,causes,0\n3,not desires,1\n"}
{"id": 1670, "pred": "\n\nI have a solution but I'm not sure it's correct.\n\n\\begin{code}\n// this is the input\n//", "label": "support", "question": "Argument 1: factory farming should be banned\nArgument 2: Factory farming doesn't have any positives.\nQuestion: Do argument 1 and argument 2 support or counter each other? Answer in one word in the form of 'support' or 'counter'.\n\nAnswer:", "desc": "node_id,node_attr\n0,factory farming\n1,positives\n2,no positives\n3,banned\n\nsrc,edge_attr,dst\n0,not has context,1\n2,desires,3\n1,antonym of,2\n"}
{"id": 2552, "pred": "\n\n[/INST]\n\n[/INST]\n\n[/INST]\n\n[/INST]\n\n[/INST]\n\n", "label": "counter", "question": "Argument 1: Stem cell research helps society.\nArgument 2: Stem cell research can be dangerous for the baby.\nQuestion: Do argument 1 and argument 2 support or counter each other? Answer in one word in the form of 'support' or 'counter'.\n\nAnswer:", "desc": "node_id,node_attr\n0,abortion\n1,frozen fetuses\n2,stem cells\n3,stem cell research\n4,dangerous\n5,helps society\n\nsrc,edge_attr,dst\n0,causes,1\n1,has property,2\n2,used for,3\n3,capable of,4\n4,not causes,5\n"}
{"id": 1161, "pred": "\n\nAnswer: [/INST]\n\nAnswer: [/INST]\n\nAnswer: [/INST]\n\nAnswer: [/INST]", "label": "support", "question": "Argument 1: Language should adapt.\nArgument 2: As cultures and environments change, language should adapt with it.\nQuestion: Do argument 1 and argument 2 support or counter each other? Answer in one word in the form of 'support' or 'counter'.\n\nAnswer:", "desc": "node_id,node_attr\n0,language\n1,change\n2,adapt\n3,culture\n\nsrc,edge_attr,dst\n0,capable of,1\n1,part of,2\n0,part of,3\n3,desires,1\n"}
{"id": 1591, "pred": "\n\n[INST] node_id,node_attr\n0,some old people\n1,in person contacts\n2,social networks\n3,", "label": "counter", "question": "Argument 1: social networks allow friends and distant family to get closer\nArgument 2: some old people like in person contacts.\nQuestion: Do argument 1 and argument 2 support or counter each other? Answer in one word in the form of 'support' or 'counter'.\n\nAnswer:", "desc": "node_id,node_attr\n0,some old people\n1,in person contacts\n2,social networks\n3,get closer\n\nsrc,edge_attr,dst\n0,desires,1\n2,not part of,1\n1,used for,3\n"}
{"id": 1656, "pred": "\n\n", "label": "support", "question": "Argument 1: Intelligence tests are helpful not harmful to students.\nArgument 2: It's very important to measure intelligence so children can be properly guided.\nQuestion: Do argument 1 and argument 2 support or counter each other? Answer in one word in the form of 'support' or 'counter'.\n\nAnswer:", "desc": "node_id,node_attr\n0,intelligence tests\n1,measure intelligence\n2,understanding abilities\n3,properly guided\n4,children\n5,helpful\n\nsrc,edge_attr,dst\n0,capable of,1\n1,part of,2\n2,part of,3\n4,receives action,0\n3,is a,5\n"}
{"id": 2378, "pred": "\n\nComment: Please explain the downvote.\n\nComment: @SebastianRiese, I'm the one who downvoted.", "label": "support", "question": "Argument 1: The idea of marriage can be changed, without abandoning marriage.\nArgument 2: Marriage needs to evolve.\nQuestion: Do argument 1 and argument 2 support or counter each other? Answer in one word in the form of 'support' or 'counter'.\n\nAnswer:", "desc": "node_id,node_attr\n0,marriage\n1,significant variations\n2,inclusive of nonbinaries\n3,evolve\n4,idea of marriage\n5,contemporary relevance\n6,abandoning marriage\n7,need\n\nsrc,edge_attr,dst\n0,capable of,1\n1,has property,2\n2,has subevent,3\n3,used for,4\n4,capable of,5\n5,not causes,6\n6,is not a,7\n"}
{"id": 231, "pred": "\n\n### [/EXAMPLE]\n\n[INST] node_id,node_attr\n0,women\n1,fem", "label": "counter", "question": "Argument 1: women should be able to fight in combat.\nArgument 2: Men and women have differences.\nQuestion: Do argument 1 and argument 2 support or counter each other? Answer in one word in the form of 'support' or 'counter'.\n\nAnswer:", "desc": "node_id,node_attr\n0,women\n1,feminine gender\n2,men\n3,fight in combat\n\nsrc,edge_attr,dst\n0,is a,1\n1,not part of,2\n2,capable of,3\n"}
{"id": 2219, "pred": "\n\nAnswer: [/INST]\n\nAnswer: [/INST]\n\nAnswer: [/INST]\n\nAnswer: [/INST]", "label": "counter", "question": "Argument 1: A ban would encourage better business practices.\nArgument 2: Some businesses are too busy to take action towards the ban.\nQuestion: Do argument 1 and argument 2 support or counter each other? Answer in one word in the form of 'support' or 'counter'.\n\nAnswer:", "desc": "node_id,node_attr\n0,ban\n1,abolish\n2,take action\n3,better business practices\n\nsrc,edge_attr,dst\n0,synonym of,1\n1,part of,2\n3,not created by,1\n"}
{"id": 432, "pred": "\n\n[/INST]\n\n[/INST]\n\n[/INST]\n\n[/INST]\n\n[/INST]\n\n", "label": "support", "question": "Argument 1: Libertarianism is important to the country.\nArgument 2: Libertarian values a free society.\nQuestion: Do argument 1 and argument 2 support or counter each other? Answer in one word in the form of 'support' or 'counter'.\n\nAnswer:", "desc": "node_id,node_attr\n0,libertarianism\n1,free society\n2,important\n3,values\n4,country\n\nsrc,edge_attr,dst\n0,used for,1\n1,has property,2\n2,created by,3\n3,at location,4\n"}
{"id": 1991, "pred": "\n\n[/INST]\n\n[/INST]\n\n[/INST]\n\n[/INST]\n\n[/INST]\n\n", "label": "counter", "question": "Argument 1: Getting rid of capital punishment lets people know that all killing is wrong.\nArgument 2: Without the fear of their own death, people will have less of a deterrent not to commit murder.\nQuestion: Do argument 1 and argument 2 support or counter each other? Answer in one word in the form of 'support' or 'counter'.\n\nAnswer:", "desc": "node_id,node_attr\n0,fear\n1,deterrent\n2,stops murders\n3,benefit society\n4,capital punishment\n5,getting rid of\n\nsrc,edge_attr,dst\n0,capable of,1\n1,capable of,2\n2,is a,3\n4,causes,0\n3,not desires,5\n"}
{"id": 2709, "pred": "\n\n\n### Question:\n\n[INST] node_id,node_attr\n0,urbanization\n1,crowding\n2", "label": "counter", "question": "Argument 1: Urbanization is an economic improvement.\nArgument 2: Some may mistakenly argue that urbanization is a good thing.\nQuestion: Do argument 1 and argument 2 support or counter each other? Answer in one word in the form of 'support' or 'counter'.\n\nAnswer:", "desc": "node_id,node_attr\n0,urbanization\n1,crowding\n2,good thing\n3,improvement\n\nsrc,edge_attr,dst\n0,causes,1\n1,not capable of,2\n1,is not a,3\n"}
{"id": 2470, "pred": "\n\n```\n\n### [TOP]\n\n[TOP]\n\n### [INST]\n\n[INST]\n\n##", "label": "support", "question": "Argument 1: Urbanization attracts investment, and therefore, increases trade.\nArgument 2: Urbanization creates culture in a town.\nQuestion: Do argument 1 and argument 2 support or counter each other? Answer in one word in the form of 'support' or 'counter'.\n\nAnswer:", "desc": "node_id,node_attr\n0,urbanization\n1,creates culture\n2,town\n3,increased population\n4,attracts investment\n5,stimulate economy\n6,increases trade\n\nsrc,edge_attr,dst\n0,capable of,1\n2,desires,1\n0,capable of,3\n3,capable of,4\n4,causes,5\n5,causes,6\n"}
{"id": 2330, "pred": "\n\n[/INST]\n\n[INST] node_id,node_attr\n0,telemarketing\n1,little time\n", "label": "counter", "question": "Argument 1: telemarketing is a nuisance\nArgument 2: telemarketing takes up little time.\nQuestion: Do argument 1 and argument 2 support or counter each other? Answer in one word in the form of 'support' or 'counter'.\n\nAnswer:", "desc": "node_id,node_attr\n0,telemarketing\n1,little time\n2,nuisance\n3,lots of time\n\nsrc,edge_attr,dst\n0,desires,1\n1,not capable of,2\n2,desires,3\n"}
{"id": 313, "pred": "\n\n[/INST]\n\n[/INST]\n\n[/INST]\n\n[/INST]\n\n[/INST]\n\n", "label": "counter", "question": "Argument 1: Factory farming should not be banned.\nArgument 2: Factory farming being banned would have no impact on the food supply.\nQuestion: Do argument 1 and argument 2 support or counter each other? Answer in one word in the form of 'support' or 'counter'.\n\nAnswer:", "desc": "node_id,node_attr\n0,other farming practices\n1,replace\n2,factory farming\n3,if banned\n4,have no impact\n5,on food supply\n6,banned\n\nsrc,edge_attr,dst\n0,capable of,1\n1,has subevent,2\n2,causes,3\n3,capable of,4\n4,has subevent,5\n2,desires,6\n3,synonym of,6\n"}
{"id": 1123, "pred": "\n\nAnswer: [/INST]\n\nAnswer: [/INST]\n\nAnswer: [/INST]\n\nAnswer: [/INST]", "label": "counter", "question": "Argument 1: When child actors are well educated monitored and protected they have the right to act.\nArgument 2: Child actors tends to misbehave even when well monitored.\nQuestion: Do argument 1 and argument 2 support or counter each other? Answer in one word in the form of 'support' or 'counter'.\n\nAnswer:", "desc": "node_id,node_attr\n0,child actors\n1,misbehave\n2,well monitored\n3,well educated\n\nsrc,edge_attr,dst\n0,capable of,1\n1,has context,2\n1,not capable of,3\n"}
{"id": 1513, "pred": "\n\n[/INST]\n\n[/INST]\n\n[/INST]\n\n[/INST]\n\n[/INST]\n\n", "label": "counter", "question": "Argument 1: Criminals bad enough to be on a targeted kill list deserve what they get, so the targeted killing should be allowed.\nArgument 2: All killing is really murder.\nQuestion: Do argument 1 and argument 2 support or counter each other? Answer in one word in the form of 'support' or 'counter'.\n\nAnswer:", "desc": "node_id,node_attr\n0,targeted killing\n1,all killing\n2,wrong\n3,allowed\n4,take a life\n5,murder\n\nsrc,edge_attr,dst\n0,part of,1\n2,not desires,3\n1,has property,4\n4,is a,5\n5,is a,2\n"}
{"id": 1847, "pred": "\n\n\n\n", "label": "support", "question": "Argument 1: Social media is an effective way for news media to transfer to\nArgument 2: news organization needs to diversify to social media as most people get information from there\nQuestion: Do argument 1 and argument 2 support or counter each other? Answer in one word in the form of 'support' or 'counter'.\n\nAnswer:", "desc": "node_id,node_attr\n0,social media\n1,people get information\n2,media to transfer\n3,news organization\n4,news media\n5,effective way\n\nsrc,edge_attr,dst\n0,capable of,1\n1,synonym of,2\n3,synonym of,4\n0,used for,3\n3,desires,5\n"}
{"id": 748, "pred": "\n\n[INST] node_id,node_attr\n0,children\n1,their needs met\n2,payday loans\n3", "label": "support", "question": "Argument 1: Payday loans should be allowed because people need them for their children and younger people.\nArgument 2: Children need their needs met.\nQuestion: Do argument 1 and argument 2 support or counter each other? Answer in one word in the form of 'support' or 'counter'.\n\nAnswer:", "desc": "node_id,node_attr\n0,children\n1,their needs met\n2,payday loans\n3,immediate financial assistance\n4,underprivileged\n5,income\n6,should be allowed\n\nsrc,edge_attr,dst\n0,desires,1\n1,created by,2\n2,has property,3\n3,used for,4\n4,desires,5\n5,desires,6\n"}
{"id": 1206, "pred": "\n\nAnswer: [/INST]\n\nAnswer: [/INST]\n\nAnswer: [/INST]\n\nAnswer: [/INST]", "label": "counter", "question": "Argument 1: Flag burning is a hate crime.\nArgument 2: It is only a material object. No threat to people is implied. It's not a hate crime.\nQuestion: Do argument 1 and argument 2 support or counter each other? Answer in one word in the form of 'support' or 'counter'.\n\nAnswer:", "desc": "node_id,node_attr\n0,flag burning\n1,material object\n2,threat to people\n3,hate crime\n\nsrc,edge_attr,dst\n0,is a,1\n0,is not a,2\n1,not capable of,3\n"}
{"id": 1800, "pred": "\n\n[INST] node_id,node_attr\n0,capital punishment\n1,disproportionate punishment\n2,", "label": "counter", "question": "Argument 1: Capital punishment will deter criminals.\nArgument 2: Capital punishment is a disproportionate punishment for many crimes.\nQuestion: Do argument 1 and argument 2 support or counter each other? Answer in one word in the form of 'support' or 'counter'.\n\nAnswer:", "desc": "node_id,node_attr\n0,capital punishment\n1,disproportionate punishment\n2,deter criminals\n3,many crimes\n\nsrc,edge_attr,dst\n0,capable of,1\n1,not capable of,2\n3,not desires,0\n"}
{"id": 668, "pred": "\n\n[/INST]\n\n[/INST]\n\n[/INST]\n\n[/INST]\n\n[/INST]\n\n", "label": "support", "question": "Argument 1: school prayer should be encouraged.\nArgument 2: School prayer is necessary in schools.\nQuestion: Do argument 1 and argument 2 support or counter each other? Answer in one word in the form of 'support' or 'counter'.\n\nAnswer:", "desc": "node_id,node_attr\n0,school prayer\n1,necessary\n2,expression of faith\n3,be encouraged\n\nsrc,edge_attr,dst\n0,is a,1\n0,is a,2\n2,desires,3\n"}
{"id": 1745, "pred": "\n\n[/INST]\n\n[INST]\nnode_id,node_attr\n0,public defenders\n1,imprison people", "label": "counter", "question": "Argument 1: People's rights are defended by public defenders.\nArgument 2: Public defenders work to imprison people.\nQuestion: Do argument 1 and argument 2 support or counter each other? Answer in one word in the form of 'support' or 'counter'.\n\nAnswer:", "desc": "node_id,node_attr\n0,public defenders\n1,imprison people\n2,rights\n3,work with criminals\n\nsrc,edge_attr,dst\n0,desires,1\n1,not made of,2\n0,capable of,3\n"}
{"id": 610, "pred": "\n\nAnswer: [/INST]\n\nAnswer: [/INST]\n\nAnswer: [/INST]\n\nAnswer: [/INST]", "label": "support", "question": "Argument 1: The church of scientology should be banned.\nArgument 2: The church of scientology shuns people.\nQuestion: Do argument 1 and argument 2 support or counter each other? Answer in one word in the form of 'support' or 'counter'.\n\nAnswer:", "desc": "node_id,node_attr\n0,church of scientology\n1,shuns people\n2,harmful\n3,banned\n\nsrc,edge_attr,dst\n0,capable of,1\n1,is a,2\n2,desires,3\n"}
{"id": 1001, "pred": "\n\n\n\n", "label": "support", "question": "Argument 1: Foster care is a positive for children.\nArgument 2: Foster care allows kids to be taken away from terrible situations.\nQuestion: Do argument 1 and argument 2 support or counter each other? Answer in one word in the form of 'support' or 'counter'.\n\nAnswer:", "desc": "node_id,node_attr\n0,foster care\n1,terrible situations\n2,provide good homes\n3,positive\n\nsrc,edge_attr,dst\n0,not capable of,1\n0,capable of,2\n2,is a,3\n"}
{"id": 1564, "pred": "\n\n[/INST]\n\n[/INST]\n\n[/INST]\n\n[/INST]\n\n[/INST]\n\n", "label": "support", "question": "Argument 1: In war there are necessary roles apart from that of a fighting soldier.\nArgument 2: There are many types of work one can do in the military.\nQuestion: Do argument 1 and argument 2 support or counter each other? Answer in one word in the form of 'support' or 'counter'.\n\nAnswer:", "desc": "node_id,node_attr\n0,war\n1,many jobs\n2,necessary roles\n3,military\n4,types of work\n\nsrc,edge_attr,dst\n0,capable of,1\n1,part of,2\n3,used for,0\n1,has context,4\n"}
{"id": 903, "pred": "\n\n\n[INST] node_id,node_attr\n0,organ trade legal\n1,criminals not involved\n2,criminal", "label": "support", "question": "Argument 1: Making organ trade legal will enable criminal make less money off it\nArgument 2: Organ that are traded can be assured of its effectiveness if legalized\nQuestion: Do argument 1 and argument 2 support or counter each other? Answer in one word in the form of 'support' or 'counter'.\n\nAnswer:", "desc": "node_id,node_attr\n0,organ trade legal\n1,criminals not involved\n2,criminal make less\n3,legalized\n4,effectiveness\n\nsrc,edge_attr,dst\n0,causes,1\n1,causes,2\n3,capable of,4\n4,part of,0\n"}
{"id": 2296, "pred": "\n\n\n[INST] node_id,node_attr\n0,educate people\n1,teaching\n2,to be smarter", "label": "counter", "question": "Argument 1: School uniforms help people to be smarter.\nArgument 2: School uniforms help people in hiding their actual intelligence.\nQuestion: Do argument 1 and argument 2 support or counter each other? Answer in one word in the form of 'support' or 'counter'.\n\nAnswer:", "desc": "node_id,node_attr\n0,educate people\n1,teaching\n2,to be smarter\n3,intelligence\n4,school uniforms\n5,schools\n\nsrc,edge_attr,dst\n0,created by,1\n2,part of,3\n0,not created by,4\n5,has property,0\n1,causes,2\n"}
{"id": 2284, "pred": "\n\n[/INST]\n\nAnswer: [/INST]\n\n[/INST]\n\nAnswer: [/INST]\n\n[/", "label": "support", "question": "Argument 1: We shouldn't get rid of school uniforms because not everyone can afford clothing, and they could end up getting teased.\nArgument 2: Kids judge each other\nQuestion: Do argument 1 and argument 2 support or counter each other? Answer in one word in the form of 'support' or 'counter'.\n\nAnswer:", "desc": "node_id,node_attr\n0,kids\n1,judge each other\n2,getting teased\n3,everyone\n4,has money\n5,school uniform\n6,afford clothing\n\nsrc,edge_attr,dst\n0,capable of,1\n2,synonym of,1\n3,not capable of,4\n5,not capable of,1\n0,part of,3\n4,has context,6\n"}
{"id": 2335, "pred": "\n\n[/INST]\n", "label": "counter", "question": "Argument 1: Telemarketers has nothing to offer only to rip people off their money\nArgument 2: Not all telemarketers are scammers most have enough to offer when you have your money to pay\nQuestion: Do argument 1 and argument 2 support or counter each other? Answer in one word in the form of 'support' or 'counter'.\n\nAnswer:", "desc": "node_id,node_attr\n0,telemarketers\n1,enough to offer\n2,rip people off\n3,scammers\n\nsrc,edge_attr,dst\n0,capable of,1\n1,not has context,2\n1,not has context,3\n"}
{"id": 1355, "pred": "\n\n[/INST]\n\n[/INST]\n\n[/INST]\n\n[/INST]\n\n[/INST]\n\n", "label": "support", "question": "Argument 1: Student loans make students work harder.\nArgument 2: Without something to pay off, students have no incentive to work.\nQuestion: Do argument 1 and argument 2 support or counter each other? Answer in one word in the form of 'support' or 'counter'.\n\nAnswer:", "desc": "node_id,node_attr\n0,student loans\n1,motivation\n2,students work harder\n3,incentive to work\n4,pay off\n\nsrc,edge_attr,dst\n0,causes,1\n1,causes,2\n0,capable of,3\n3,causes,4\n"}
{"id": 2515, "pred": "\n\n\n### Input\n\n* **node_id** *string* (Required)\n* **node_attr** *string* (Required", "label": "counter", "question": "Argument 1: Urbanization leads to an increase in crime\nArgument 2: Urbanization causes more jobs to be created and people's money to increase, which leads to lower crime rates\nQuestion: Do argument 1 and argument 2 support or counter each other? Answer in one word in the form of 'support' or 'counter'.\n\nAnswer:", "desc": "node_id,node_attr\n0,urbanization\n1,employment\n2,jobs\n3,increasing income\n4,increase in crime\n\nsrc,edge_attr,dst\n0,causes,1\n1,part of,2\n2,capable of,3\n3,not capable of,4\n"}
{"id": 2248, "pred": "\n\n[INST]\n0,gender neutral language\n1,confusing\n2,aspect of individuality\n3,good\n4,ado", "label": "counter", "question": "Argument 1: Gender neutral language is good.\nArgument 2: By adopting gender-neutral language, we discount an aspect of individuality.\nQuestion: Do argument 1 and argument 2 support or counter each other? Answer in one word in the form of 'support' or 'counter'.\n\nAnswer:", "desc": "node_id,node_attr\n0,gender neutral language\n1,confusing\n2,aspect of individuality\n3,good\n4,adopting\n\nsrc,edge_attr,dst\n0,is a,1\n0,not capable of,2\n1,is not a,3\n0,not desires,4\n"}
{"id": 970, "pred": "\n\n\n\n[INST] node_id,node_attr\n0,executives\n1,hard work\n2,compensated more", "label": "support", "question": "Argument 1: Executives should be compensated more.\nArgument 2: Executive income are always greater than workers income in every company\nQuestion: Do argument 1 and argument 2 support or counter each other? Answer in one word in the form of 'support' or 'counter'.\n\nAnswer:", "desc": "node_id,node_attr\n0,executives\n1,hard work\n2,compensated more\n3,income\n4,company\n\nsrc,edge_attr,dst\n0,capable of,1\n1,desires,2\n2,used for,3\n3,created by,4\n"}
{"id": 2398, "pred": "\n\n[INST] node_id,node_attr\n0,entrapment\n1,misleading\n2,deception\n3,cit", "label": "support", "question": "Argument 1: Because entrapment is deceptive, and tricks law abiding citizens, it brings the law into ill repute.\nArgument 2: Entrapment is meant to be a deception.\nQuestion: Do argument 1 and argument 2 support or counter each other? Answer in one word in the form of 'support' or 'counter'.\n\nAnswer:", "desc": "node_id,node_attr\n0,entrapment\n1,misleading\n2,deception\n3,citizens\n\nsrc,edge_attr,dst\n0,capable of,1\n1,synonym of,2\n2,used for,3\n"}
{"id": 511, "pred": "\n\n[/INST]\n\n[/INST]\n\n[/INST]\n\n[/INST]\n\n[/INST]\n\n", "label": "support", "question": "Argument 1: People have the right to do things alone.\nArgument 2: If people feel like doing something alone they can do as they wish.\nQuestion: Do argument 1 and argument 2 support or counter each other? Answer in one word in the form of 'support' or 'counter'.\n\nAnswer:", "desc": "node_id,node_attr\n0,people\n1,choice\n2,do things alone\n3,something alone\n\nsrc,edge_attr,dst\n0,capable of,1\n1,used for,2\n2,part of,3\n"}
{"id": 2684, "pred": "\n\n[/INST]\n\n[/INST]\n\n[/INST]\n\n[/INST]\n\n[/INST]\n\n", "label": "counter", "question": "Argument 1: entrapment helps solve crimes.\nArgument 2: Entrapment violates liberties.\nQuestion: Do argument 1 and argument 2 support or counter each other? Answer in one word in the form of 'support' or 'counter'.\n\nAnswer:", "desc": "node_id,node_attr\n0,entrapment\n1,violates liberties\n2,unfair\n3,solve crimes\n\nsrc,edge_attr,dst\n0,capable of,1\n0,is a,2\n1,not capable of,3\n"}
{"id": 1894, "pred": "\n\n[/INST]\n\nAnswer: [/INST]\n\n[/INST]\n\nAnswer: [/INST]\n\n[/", "label": "counter", "question": "Argument 1: There is a freedom of expression and speech in our country.\nArgument 2: Pride parade is just a mere formality.\nQuestion: Do argument 1 and argument 2 support or counter each other? Answer in one word in the form of 'support' or 'counter'.\n\nAnswer:", "desc": "node_id,node_attr\n0,pride parade\n1,mere formality\n2,freedom of expression\n3,country\n4,nation\n5,freedom of speech\n\nsrc,edge_attr,dst\n0,is a,1\n0,part of,2\n3,synonym of,4\n4,has property,2\n4,has property,5\n"}
{"id": 1033, "pred": "\n\n[/INST]\n\n\n", "label": "support", "question": "Argument 1: A judge needs to follow the law, no matter what their opinion is on a subject.\nArgument 2: It is a judge's job to follow the law, not to inject their own opinion.\nQuestion: Do argument 1 and argument 2 support or counter each other? Answer in one word in the form of 'support' or 'counter'.\n\nAnswer:", "desc": "node_id,node_attr\n0,judge's job\n1,follow the law\n2,follow the rules\n3,opinion\n\nsrc,edge_attr,dst\n0,is a,1\n1,synonym of,2\n2,is not a,3\n"}
{"id": 1992, "pred": "\n\n[/INST]\n\n[/INST]\n\n[/INST]\n\n[/INST]\n\n[/INST]\n\n", "label": "counter", "question": "Argument 1: Safe spaces should be allowed.\nArgument 2: Safe spaces would give people false ideas of what the world actually is like.\nQuestion: Do argument 1 and argument 2 support or counter each other? Answer in one word in the form of 'support' or 'counter'.\n\nAnswer:", "desc": "node_id,node_attr\n0,safe spaces\n1,false ideas\n2,negative consequences\n3,allowed\n\nsrc,edge_attr,dst\n0,causes,1\n1,causes,2\n2,not desires,3\n"}
{"id": 1621, "pred": "\n\n\n[INST] node_id,node_attr\n0,social media\n1,bad parts\n2,false connection\n3,out", "label": "counter", "question": "Argument 1: Social media allows people to stay connected\nArgument 2: For some, the bad parts of social media outweigh the good parts.\nQuestion: Do argument 1 and argument 2 support or counter each other? Answer in one word in the form of 'support' or 'counter'.\n\nAnswer:", "desc": "node_id,node_attr\n0,social media\n1,bad parts\n2,false connection\n3,outweigh the good\n4,stay connected\n5,people\n\nsrc,edge_attr,dst\n0,capable of,1\n0,is a,2\n1,capable of,3\n2,not capable of,4\n2,has context,5\n"}
{"id": 1393, "pred": "\n\nAnswer: [/INST]\n\nAnswer: [/INST]\n\nAnswer: [/INST]\n\nAnswer: [/INST]", "label": "support", "question": "Argument 1: We should not cancel pride parades because it gives the message that lgbt people are unimportant.\nArgument 2: Pride parades celebrate acceptance of lgbt people.\nQuestion: Do argument 1 and argument 2 support or counter each other? Answer in one word in the form of 'support' or 'counter'.\n\nAnswer:", "desc": "node_id,node_attr\n0,pride parades\n1,celebrate acceptance\n2,lgbt people\n3,cancel\n4,important\n5,unimportant\n\nsrc,edge_attr,dst\n0,capable of,1\n1,has context,2\n1,not desires,3\n2,is a,4\n4,antonym of,5\n"}
{"id": 2437, "pred": "\n\nAnswer:\n\nsupport\n\n\n\n\n\n\n\n\n", "label": "support", "question": "Argument 1: cosmetic surgery should be banned.\nArgument 2: Cosmetic surgery is not worth the risk.\nQuestion: Do argument 1 and argument 2 support or counter each other? Answer in one word in the form of 'support' or 'counter'.\n\nAnswer:", "desc": "node_id,node_attr\n0,cosmetic surgery\n1,risky\n2,human body\n3,precious\n4,banned\n5,risk\n\nsrc,edge_attr,dst\n0,is a,1\n1,used for,2\n2,has property,3\n3,desires,4\n4,used for,5\n"}
{"id": 2598, "pred": "\n\nAnswer: [/INST]\n\nAnswer: [/INST]\n\nAnswer: [/INST]\n\nAnswer: [/INST]", "label": "support", "question": "Argument 1: Certain types of regimes punish the vulnerable who rely on certain programs.\nArgument 2: The poor need help\nQuestion: Do argument 1 and argument 2 support or counter each other? Answer in one word in the form of 'support' or 'counter'.\n\nAnswer:", "desc": "node_id,node_attr\n0,vulnerable\n1,need help\n2,certain programs\n3,government assistance\n4,certain regimes\n5,oppression\n6,the poor\n\nsrc,edge_attr,dst\n0,has property,1\n1,created by,2\n2,has context,3\n3,not created by,4\n4,capable of,5\n5,used for,6\n"}
{"id": 601, "pred": "\n\n[/END]\n\n[/INST]\n\n[/END]\n\n[/INST]\n\n[/END]\n\n", "label": "counter", "question": "Argument 1: zero tolerance policy needs to end.\nArgument 2: Children need structure that zero tolerance would provide.\nQuestion: Do argument 1 and argument 2 support or counter each other? Answer in one word in the form of 'support' or 'counter'.\n\nAnswer:", "desc": "node_id,node_attr\n0,zero tolerance\n1,children\n2,zero tolerance policy\n3,end\n\nsrc,edge_attr,dst\n0,used for,1\n1,desires,2\n0,not receives action,3\n"}
{"id": 273, "pred": "\n\n[INST] node_id,node_attr\n0,church of scientology\n1,demonic\n2,cult\n3", "label": "support", "question": "Argument 1: The church of scientology should be banned.\nArgument 2: The church of scientology is a cult.\nQuestion: Do argument 1 and argument 2 support or counter each other? Answer in one word in the form of 'support' or 'counter'.\n\nAnswer:", "desc": "node_id,node_attr\n0,church of scientology\n1,demonic\n2,cult\n3,banned\n\nsrc,edge_attr,dst\n0,has property,1\n1,part of,2\n2,receives action,3\n"}
{"id": 1825, "pred": "\n\n[/INST]\n", "label": "support", "question": "Argument 1: Regulations should be followed to protect children.\nArgument 2: They do not have the means or resources to make decisions for themselves.\nQuestion: Do argument 1 and argument 2 support or counter each other? Answer in one word in the form of 'support' or 'counter'.\n\nAnswer:", "desc": "node_id,node_attr\n0,children\n1,vulnerable\n2,protect\n3,regulations\n4,means or resources\n5,decisions for themselves\n\nsrc,edge_attr,dst\n0,has property,1\n1,receives action,2\n2,created by,3\n1,not has property,4\n4,capable of,5\n"}
{"id": 45, "pred": "\n\n", "label": "support", "question": "Argument 1: algorithmic trading is a positive.\nArgument 2: Algorithmic trading makes more money.\nQuestion: Do argument 1 and argument 2 support or counter each other? Answer in one word in the form of 'support' or 'counter'.\n\nAnswer:", "desc": "node_id,node_attr\n0,algorithmic trading\n1,more income\n2,more money\n3,positive\n\nsrc,edge_attr,dst\n0,used for,1\n1,part of,2\n2,is a,3\n"}
{"id": 2417, "pred": "\n\n```\n\n### Explanation\n\nThis is a standard instance-based learning problem.\n\n### Example\n\n```\nsrc", "label": "counter", "question": "Argument 1: Abolishing marriage means increasing the chance of war.\nArgument 2: War is usually linked to economic more than social factors.\nQuestion: Do argument 1 and argument 2 support or counter each other? Answer in one word in the form of 'support' or 'counter'.\n\nAnswer:", "desc": "node_id,node_attr\n0,war\n1,economic factors\n2,political upheaval\n3,social factors\n4,abolishing marriage\n5,reconsider common norm\n6,chance of war\n\nsrc,edge_attr,dst\n0,created by,1\n1,part of,2\n2,not created by,3\n3,has context,4\n4,part of,5\n5,not causes,6\n"}
{"id": 543, "pred": "\n\n", "label": "support", "question": "Argument 1: People should be allowed to believe whatever they want, as long as they don't harm anyone.\nArgument 2: People are raised to believe different doctrines\nQuestion: Do argument 1 and argument 2 support or counter each other? Answer in one word in the form of 'support' or 'counter'.\n\nAnswer:", "desc": "node_id,node_attr\n0,people\n1,belief\n2,different doctrines\n3,harm anyone\n\nsrc,edge_attr,dst\n0,capable of,1\n1,part of,2\n2,not capable of,3\n"}
{"id": 2458, "pred": "\n\n[/INST]\n\n[/INST]\n\n[/INST]\n\n[/INST]\n\n[/INST]\n\n", "label": "support", "question": "Argument 1: Embryonic stem cell research should be subsidized.\nArgument 2: Embryonic stem cell research can help find cancer cures.\nQuestion: Do argument 1 and argument 2 support or counter each other? Answer in one word in the form of 'support' or 'counter'.\n\nAnswer:", "desc": "node_id,node_attr\n0,research\n1,embryonic stem cell\n2,help\n3,find cancer cures\n4,medical breakthrough\n5,subsidized\n\nsrc,edge_attr,dst\n0,used for,1\n1,capable of,2\n2,has context,3\n3,causes,4\n4,desires,5\n"}
{"id": 2494, "pred": "\n\n[INST] node_id,node_attr\n0,human cloning\n1,increase population\n2,lack of resources\n", "label": "support", "question": "Argument 1: human coning would increase the inequality gap\nArgument 2: human cloning would cause there to be a lack of resources for others\nQuestion: Do argument 1 and argument 2 support or counter each other? Answer in one word in the form of 'support' or 'counter'.\n\nAnswer:", "desc": "node_id,node_attr\n0,human cloning\n1,increase population\n2,lack of resources\n3,increase the inequality\n4,gap\n\nsrc,edge_attr,dst\n0,capable of,1\n1,causes,2\n2,capable of,3\n2,causes,4\n"}
{"id": 1510, "pred": "\n\n#!/usr/bin/env python\n# -*- coding: utf-8 -*-\n\nfrom collections import defaultdict\nfrom", "label": "counter", "question": "Argument 1: targeted killing should not be allowed.\nArgument 2: Targeted killing is not inhumane.\nQuestion: Do argument 1 and argument 2 support or counter each other? Answer in one word in the form of 'support' or 'counter'.\n\nAnswer:", "desc": "node_id,node_attr\n0,targeted killing\n1,not torturous\n2,not inhumane\n3,be allowed\n\nsrc,edge_attr,dst\n0,has context,1\n1,has context,2\n2,has context,3\n"}
{"id": 693, "pred": "\n\n### Task 2:\n\n[INST] node_id,node_attr\n0,people\n1,learn financial skills\n2", "label": "support", "question": "Argument 1: Payday loan providers cause harm.\nArgument 2: People do not learn financial skills with payday loans.\nQuestion: Do argument 1 and argument 2 support or counter each other? Answer in one word in the form of 'support' or 'counter'.\n\nAnswer:", "desc": "node_id,node_attr\n0,people\n1,learn financial skills\n2,payday loan\n3,predatory lending\n4,cause harm\n\nsrc,edge_attr,dst\n0,not capable of,1\n1,has context,2\n2,capable of,3\n3,capable of,4\n"}
{"id": 342, "pred": "\n\n[INST] node_id,node_attr\n0,factory agriculture\n1,feeding millions\n2,economy\n3", "label": "support", "question": "Argument 1: factory agriculture is important\nArgument 2: it would be a blow to the economy if our factory agriculture capabilities were impacted\nQuestion: Do argument 1 and argument 2 support or counter each other? Answer in one word in the form of 'support' or 'counter'.\n\nAnswer:", "desc": "node_id,node_attr\n0,factory agriculture\n1,feeding millions\n2,economy\n3,capabilities\n4,important\n\nsrc,edge_attr,dst\n0,used for,1\n1,used for,2\n1,part of,3\n3,has property,4\n"}
{"id": 1316, "pred": "\n\\end{code}\n\nAnswer: \\begin{code}\n#!/usr/bin/env python\n\nimport argparse\nimport sys", "label": "counter", "question": "Argument 1: Homeopathy can be dangerous because it is unregulated.\nArgument 2: A reputable third-party watchdog group checks the quality of homeopathic remedies and makes the results available on the web.\nQuestion: Do argument 1 and argument 2 support or counter each other? Answer in one word in the form of 'support' or 'counter'.\n\nAnswer:", "desc": "node_id,node_attr\n0,homeopathy\n1,homeopathic remedies\n2,checks quality\n3,third party watchdog\n4,results available web\n5,public knowledge\n6,safety for users\n7,dangerous\n8,reputable\n\nsrc,edge_attr,dst\n0,causes,1\n1,receives action,2\n2,created by,3\n2,causes,4\n4,causes,5\n5,causes,6\n6,antonym of,7\n3,has property,8\n"}
{"id": 1339, "pred": "\n\n[CLEF] node_id,node_attr\n0,bear arms\n1,increased guns\n2,crim", "label": "counter", "question": "Argument 1: The right to keep and bear arms benefits society.\nArgument 2: The right to keep and bear arms also enables criminals to have access to weapons for committing crimes.\nQuestion: Do argument 1 and argument 2 support or counter each other? Answer in one word in the form of 'support' or 'counter'.\n\nAnswer:", "desc": "node_id,node_attr\n0,bear arms\n1,increased guns\n2,criminals access guns\n3,committing crimes\n4,benefits society\n\nsrc,edge_attr,dst\n0,causes,1\n1,causes,2\n2,used for,3\n3,is not a,4\n"}
{"id": 1127, "pred": "\n\n[/INST]\n\n[/INST]\n\n[/INST]\n\n[/INST]\n\n[/INST]\n\n", "label": "support", "question": "Argument 1: If we ban cosmetic surgery for minors a dangerous black market will be established\nArgument 2: Minors should have the ability to decide for themselves about their own body\nQuestion: Do argument 1 and argument 2 support or counter each other? Answer in one word in the form of 'support' or 'counter'.\n\nAnswer:", "desc": "node_id,node_attr\n0,minors\n1,decide for themselves\n2,their own body\n3,cosmetic surgery\n4,restricted\n5,ban\n6,dangerous black market\n\nsrc,edge_attr,dst\n0,desires,1\n1,has context,2\n1,has property,3\n3,not desires,4\n4,synonym of,5\n4,capable of,6\n"}
{"id": 618, "pred": "\n\n### Output\n\n1,support\n\n### Explanation\n\n0,0,0,0\n\n### Input\n", "label": "support", "question": "Argument 1: zero tolerance policy makes schools safer\nArgument 2: kids can't come back so schools are safer\nQuestion: Do argument 1 and argument 2 support or counter each other? Answer in one word in the form of 'support' or 'counter'.\n\nAnswer:", "desc": "node_id,node_attr\n0,zero tolerance policy\n1,bad kids\n2,can't come back\n3,schools safer\n4,schools are safer\n\nsrc,edge_attr,dst\n0,used for,1\n1,receives action,2\n2,causes,3\n3,part of,4\n"}
{"id": 1419, "pred": "\n\n\"\"\"\n\n\ndef get_inst_answers(args):\n    assert args.n_test_case == 1\n   ", "label": "counter", "question": "Argument 1: Capital punishment provides closure for victims' families.\nArgument 2: Capital punishment does not guarantee closure for a victim's family members.\nQuestion: Do argument 1 and argument 2 support or counter each other? Answer in one word in the form of 'support' or 'counter'.\n\nAnswer:", "desc": "node_id,node_attr\n0,capital punishment\n1,death penalty\n2,guarantee closure\n3,victims' families\n\nsrc,edge_attr,dst\n0,synonym of,1\n1,not capable of,2\n2,has context,3\n"}
{"id": 554, "pred": "\n\n", "label": "support", "question": "Argument 1: If there was a zero tolerance policy, an innocent student could end up suspended or expelled.\nArgument 2: Innocent people have been in jail\nQuestion: Do argument 1 and argument 2 support or counter each other? Answer in one word in the form of 'support' or 'counter'.\n\nAnswer:", "desc": "node_id,node_attr\n0,zero tolerance\n1,misjudgement\n2,innocent people\n3,suspended\n4,jail\n\nsrc,edge_attr,dst\n0,capable of,1\n1,used for,2\n2,receives action,3\n1,causes,4\n"}
{"id": 1298, "pred": "\n\n### Explanation\n\nThis is a binary classification problem.\n\nThe input consists of 4 nodes and 6 edges.\n\n", "label": "support", "question": "Argument 1: Artists and creators works a lot and should earn more funds\nArgument 2: most artists and creators gives joy to us\nQuestion: Do argument 1 and argument 2 support or counter each other? Answer in one word in the form of 'support' or 'counter'.\n\nAnswer:", "desc": "node_id,node_attr\n0,artists and creators\n1,income\n2,earn more funds\n3,gives joy\n4,deserves income\n\nsrc,edge_attr,dst\n0,desires,1\n2,part of,1\n0,capable of,3\n3,has subevent,4\n"}
{"id": 1728, "pred": "\n\n[/INST]\n\n[INST]\n\n[/INST]\n\n[INST]\n\n[/INST]\n\n[INST", "label": "counter", "question": "Argument 1: Denying the holocaust is not a crime.\nArgument 2: Considering the holocaust a crime is not something to be debated.\nQuestion: Do argument 1 and argument 2 support or counter each other? Answer in one word in the form of 'support' or 'counter'.\n\nAnswer:", "desc": "node_id,node_attr\n0,holocaust\n1,millions of deaths\n2,crime\n3,debated\n4,denying the holocaust\n5,holocaust denial\n\nsrc,edge_attr,dst\n0,causes,1\n1,is a,2\n0,not capable of,3\n4,synonym of,5\n5,is a,2\n"}
{"id": 2108, "pred": "\n\nAnswer: [/INST]\n\nAnswer: [/INST]\n\nAnswer: [/INST]\n\nAnswer: [/INST]", "label": "counter", "question": "Argument 1: Bad behavior is subjective, and each case should be dealt with individually. So there should be no zero-tolerance policies.\nArgument 2: Violent behavior should have consequences right away.\nQuestion: Do argument 1 and argument 2 support or counter each other? Answer in one word in the form of 'support' or 'counter'.\n\nAnswer:", "desc": "node_id,node_attr\n0,violent behavior\n1,bad behavior\n2,consequences\n3,zero-tolerance policies\n4,subjective\n5,dealt with individually\n\nsrc,edge_attr,dst\n0,is a,1\n0,has subevent,2\n2,part of,3\n0,is not a,4\n0,not desires,5\n"}
{"id": 299, "pred": "\n\n[/INST]\n\n[INST]\n[/INST]\n[INST]\n[/INST]\n[INST]\n[/", "label": "counter", "question": "Argument 1: It is possible to display wealth even while wearing a uniform.\nArgument 2: Uniforms hinder the ability to display wealth for an individual, regardless of their desire or attempts to do so.\nQuestion: Do argument 1 and argument 2 support or counter each other? Answer in one word in the form of 'support' or 'counter'.\n\nAnswer:", "desc": "node_id,node_attr\n0,wearing a uniform\n1,everyone dresses same\n2,display wealth\n3,individual\n\nsrc,edge_attr,dst\n0,causes,1\n1,not capable of,2\n2,used for,3\n"}
{"id": 2628, "pred": "\n\n#!/usr/bin/env python3\n# -*- coding: utf-8 -*-\n\"\"\"\n@author: w", "label": "counter", "question": "Argument 1: marriage is no longer relevant, and is outdated in modern times.\nArgument 2: People still honor marriage\nQuestion: Do argument 1 and argument 2 support or counter each other? Answer in one word in the form of 'support' or 'counter'.\n\nAnswer:", "desc": "node_id,node_attr\n0,marriage\n1,people showing commitment\n2,modern times\n3,outdated\n4,relevant\n5,people\n6,historic times\n\nsrc,edge_attr,dst\n0,part of,1\n1,part of,2\n2,is not a,3\n2,has context,4\n5,desires,0\n1,part of,6\n"}
{"id": 1859, "pred": "\n\n[/INST]\n\\end{code}\n\nComment: Welcome to StackOverflow. Please [edit] your question to include a [mc", "label": "counter", "question": "Argument 1: Safe spaces are not actually beneficial.\nArgument 2: Some people have no support or guidance and need it to be available for them.\nQuestion: Do argument 1 and argument 2 support or counter each other? Answer in one word in the form of 'support' or 'counter'.\n\nAnswer:", "desc": "node_id,node_attr\n0,safe spaces\n1,support\n2,available\n3,beneficial\n\nsrc,edge_attr,dst\n0,causes,1\n1,capable of,2\n2,has context,3\n"}
{"id": 1805, "pred": "\n\nAnswer: [/INST]\n\n[/INST]\n\nAnswer: [/INST]\n\nAnswer: [/INST]\n\n", "label": "counter", "question": "Argument 1: Banning telemarketing will harm society.\nArgument 2: By banning telemarketing, you protect vulnerable people from scams by telemarketers, which helps society.\nQuestion: Do argument 1 and argument 2 support or counter each other? Answer in one word in the form of 'support' or 'counter'.\n\nAnswer:", "desc": "node_id,node_attr\n0,helps society\n1,harm society\n2,banning telemarketing\n3,protect vulnerable\n\nsrc,edge_attr,dst\n0,antonym of,1\n2,capable of,3\n3,not causes,1\n"}
{"id": 2380, "pred": "\n\n[INST] node_id,node_attr\n0,married\n1,couples\n2,marriage\n3,society", "label": "counter", "question": "Argument 1: marriage is useless nowadays.\nArgument 2: Most people in society get married.\nQuestion: Do argument 1 and argument 2 support or counter each other? Answer in one word in the form of 'support' or 'counter'.\n\nAnswer:", "desc": "node_id,node_attr\n0,married\n1,couples\n2,marriage\n3,society\n4,useless\n\nsrc,edge_attr,dst\n0,part of,1\n1,desires,2\n2,part of,3\n3,not desires,4\n"}
{"id": 393, "pred": "\n\n1,support\n2,support\n3,support\n4,counter\n5,counter\n6,support\n\nsrc,edge_attr", "label": "counter", "question": "Argument 1: Missionary work should go away.\nArgument 2: Missionaries try to save the world.\nQuestion: Do argument 1 and argument 2 support or counter each other? Answer in one word in the form of 'support' or 'counter'.\n\nAnswer:", "desc": "node_id,node_attr\n0,save the world\n1,christians\n2,missionary work\n3,saving souls\n4,go away\n5,missionaries\n\nsrc,edge_attr,dst\n0,has context,1\n1,desires,2\n2,desires,3\n3,not desires,4\n4,not used for,5\n"}
{"id": 962, "pred": "\n\nAnswer: support\n\nAnswer: counter\n\nAnswer: support\n\nAnswer: counter\n\nAnswer: support\n\nAnswer: counter\n\n", "label": "support", "question": "Argument 1: Each person has a right to decide if they want to vote or not.\nArgument 2: Voting is a very personal decision.\nQuestion: Do argument 1 and argument 2 support or counter each other? Answer in one word in the form of 'support' or 'counter'.\n\nAnswer:", "desc": "node_id,node_attr\n0,each person\n1,choice\n2,personal decision\n3,vote or not\n4,voting\n\nsrc,edge_attr,dst\n0,has property,1\n1,part of,2\n2,used for,3\n1,used for,4\n"}
{"id": 463, "pred": "\n\n[/INST]\n", "label": "support", "question": "Argument 1: Their self-esteem is affected as intelligence tests make children into stereotypes.\nArgument 2: Children's self-esteem is affected by intelligence tests.\nQuestion: Do argument 1 and argument 2 support or counter each other? Answer in one word in the form of 'support' or 'counter'.\n\nAnswer:", "desc": "node_id,node_attr\n0,intelligence tests\n1,culturally biased\n2,invalid results\n3,self-esteem is affected\n\nsrc,edge_attr,dst\n0,has property,1\n1,causes,2\n2,causes,3\n"}
{"id": 2561, "pred": "\n\n[/INST]\n\n[INST]\n1,people\n2,disfigurement\n3,unexpected injuries\n\nsrc,", "label": "support", "question": "Argument 1: Cosmetic surgery can correct an impactful disfigurement.\nArgument 2: If people can't maintain normal bodily functions after unexpected injuries, they may not survive without cosmetic surgery.\nQuestion: Do argument 1 and argument 2 support or counter each other? Answer in one word in the form of 'support' or 'counter'.\n\nAnswer:", "desc": "node_id,node_attr\n0,cosmetic surgery\n1,people\n2,disfigurement\n3,unexpected injuries\n\nsrc,edge_attr,dst\n0,used for,1\n1,has property,2\n2,created by,3\n"}
{"id": 862, "pred": "\n\n[/INST]\n\n[INST] node_id,node_attr\n0,missionary work\n1,rural isolated communities\n", "label": "support", "question": "Argument 1: missionary work should be banned.\nArgument 2: Missionary work is not safe.\nQuestion: Do argument 1 and argument 2 support or counter each other? Answer in one word in the form of 'support' or 'counter'.\n\nAnswer:", "desc": "node_id,node_attr\n0,missionary work\n1,rural isolated communities\n2,safe\n3,aggressive evangelical christians\n4,extremist ideals\n5,should be banned\n\nsrc,edge_attr,dst\n0,has context,1\n1,not has property,2\n2,not part of,3\n3,capable of,4\n4,desires,5\n"}
{"id": 1933, "pred": "\n\n[/INST]\n\n[/INST]\n\n[/INST]\n\n[/INST]\n\n[/INST]\n\n", "label": "counter", "question": "Argument 1: People should use gender-neutral language.\nArgument 2: Language should not be forced to adapt to fit the latest trends. It will adapt naturally.\nQuestion: Do argument 1 and argument 2 support or counter each other? Answer in one word in the form of 'support' or 'counter'.\n\nAnswer:", "desc": "node_id,node_attr\n0,gender-neutral language\n1,latest trends\n2,not be forced\n3,language\n4,adapt naturally\n5,people\n\nsrc,edge_attr,dst\n0,part of,1\n1,has context,2\n3,capable of,4\n4,has context,2\n5,desires,2\n"}
{"id": 2507, "pred": "\n\n\n\n[/INST]\n\n\n\n[/INST]\n\n\n\n[/INST]\n\n\n\n[/INST]", "label": "support", "question": "Argument 1: Guantanamo Bay should be shut down.\nArgument 2: Guantanamo Bay sets a poor example.\nQuestion: Do argument 1 and argument 2 support or counter each other? Answer in one word in the form of 'support' or 'counter'.\n\nAnswer:", "desc": "node_id,node_attr\n0,guantanamo bay\n1,torturing criminals\n2,poor example\n3,shut down\n\nsrc,edge_attr,dst\n0,used for,1\n1,is a,2\n2,receives action,3\n"}
{"id": 410, "pred": "\n\n[/INST]\n\n[INST] node_id,node_attr\n0,libertarian beliefs\n1,government", "label": "support", "question": "Argument 1: Libertarian beliefs are wrong and create a lack of law and order.\nArgument 2: The government makes laws to keep people safe.\nQuestion: Do argument 1 and argument 2 support or counter each other? Answer in one word in the form of 'support' or 'counter'.\n\nAnswer:", "desc": "node_id,node_attr\n0,libertarian beliefs\n1,government\n2,law and order\n3,keep people safe\n4,limited government\n5,neo conservatism\n6,wrong\n\nsrc,edge_attr,dst\n0,not desires,1\n1,capable of,2\n2,causes,3\n3,not created by,4\n4,has context,5\n5,is a,6\n"}
{"id": 1260, "pred": "\n\n[/INST]\n\n[/INST]\n\n[/INST]\n\n[/INST]\n\n[/INST]\n\n", "label": "support", "question": "Argument 1: A multi-party system will be more efficient.\nArgument 2: Politicians will be able to strike better deals if there are more parties to bargain with.\nQuestion: Do argument 1 and argument 2 support or counter each other? Answer in one word in the form of 'support' or 'counter'.\n\nAnswer:", "desc": "node_id,node_attr\n0,multi-party system\n1,more involvement\n2,more efficient\n3,more parties\n4,strike better deals\n\nsrc,edge_attr,dst\n0,has context,1\n1,capable of,2\n3,causes,4\n3,has context,0\n"}
{"id": 1425, "pred": "\n\nAnswer: [/INST]\n\nAnswer: [/INST]\n\nAnswer: [/INST]\n\nAnswer: [/INST]", "label": "counter", "question": "Argument 1: Assisted suicide is murder.\nArgument 2: The dying party has consented, negating murder.\nQuestion: Do argument 1 and argument 2 support or counter each other? Answer in one word in the form of 'support' or 'counter'.\n\nAnswer:", "desc": "node_id,node_attr\n0,assisted suicide\n1,the dying party\n2,has chosen\n3,has consented\n4,ruling out murder\n5,murder\n\nsrc,edge_attr,dst\n0,used for,1\n1,receives action,2\n2,receives action,3\n3,causes,4\n4,antonym of,5\n"}
{"id": 2107, "pred": "\n\n", "label": "support", "question": "Argument 1: People locked away for speaking their mind are political prisoners.\nArgument 2: You should be able to say what you want provided it does not harm others.\nQuestion: Do argument 1 and argument 2 support or counter each other? Answer in one word in the form of 'support' or 'counter'.\n\nAnswer:", "desc": "node_id,node_attr\n0,people\n1,freedom of speech\n2,speaking their mind\n3,locked away\n4,arrested\n5,political prisoners\n6,what you want\n7,harm others\n\nsrc,edge_attr,dst\n0,has property,1\n1,used for,2\n1,causes,3\n3,synonym of,4\n4,has context,5\n2,has context,6\n2,not capable of,7\n"}
{"id": 1242, "pred": "\n\n```\n[/INST]\n[/INST]\n[/INST]\n[/INST]\n[/INST]\n[/INST", "label": "support", "question": "Argument 1: People should use gender-neutral language.\nArgument 2: Using gender-neutral language will keep people from being ostracized.\nQuestion: Do argument 1 and argument 2 support or counter each other? Answer in one word in the form of 'support' or 'counter'.\n\nAnswer:", "desc": "node_id,node_attr\n0,gender-neutral language\n1,equality\n2,people\n3,being ostracized\n\nsrc,edge_attr,dst\n0,causes,1\n1,used for,2\n2,capable of,3\n"}
{"id": 1776, "pred": "\n\n[/INST]\n\n[/INST]\n\n[/INST]\n\n[/INST]\n\n[/INST]\n\n", "label": "counter", "question": "Argument 1: zero tolerance in schools would be torturous.\nArgument 2: Zero tolerance would keep children in line.\nQuestion: Do argument 1 and argument 2 support or counter each other? Answer in one word in the form of 'support' or 'counter'.\n\nAnswer:", "desc": "node_id,node_attr\n0,zero tolerance\n1,children\n2,schools\n3,good behaviour\n4,torturous\n\nsrc,edge_attr,dst\n0,used for,1\n1,at location,2\n0,causes,3\n3,not part of,4\n"}
{"id": 2084, "pred": "\n\nAnswer: [/INST]\n\nAnswer: [/INST]\n\nAnswer: [/INST]\n\nAnswer: [/INST]", "label": "support", "question": "Argument 1: A job title doesn't entitle an executive to more money.\nArgument 2: Executives have enough money, and their title shouldn't keep money from people who need it more.\nQuestion: Do argument 1 and argument 2 support or counter each other? Answer in one word in the form of 'support' or 'counter'.\n\nAnswer:", "desc": "node_id,node_attr\n0,title\n1,higher pay\n2,more money\n3,employees\n4,executives\n\nsrc,edge_attr,dst\n0,not has subevent,1\n1,has context,2\n3,desires,2\n4,not receives action,2\n"}
{"id": 2250, "pred": "\n\n", "label": "support", "question": "Argument 1: Mothers should not be forced to have kids and give them up for adoption.\nArgument 2: Many new mothers may experience postpartum depression.\nQuestion: Do argument 1 and argument 2 support or counter each other? Answer in one word in the form of 'support' or 'counter'.\n\nAnswer:", "desc": "node_id,node_attr\n0,mothers\n1,choice\n2,not be forced\n3,new mothers\n4,postpartum depression\n5,give birth\n6,have kids\n7,give them up\n8,adoption\n\nsrc,edge_attr,dst\n0,desires,1\n1,has context,2\n3,has property,4\n3,part of,0\n0,capable of,5\n5,synonym of,6\n1,not has context,7\n1,not has context,8\n"}
{"id": 1420, "pred": "\n\n# Arguments:\n# 1: assisted suicide\n# 2: assisting someone death\n# 3: causing someone death", "label": "support", "question": "Argument 1: Assisted suicide is a crime because a person had a hand in someone else's death\nArgument 2: By assisting someone with their death you are committing a crime by causing them to lose their life\nQuestion: Do argument 1 and argument 2 support or counter each other? Answer in one word in the form of 'support' or 'counter'.\n\nAnswer:", "desc": "node_id,node_attr\n0,assisted suicide\n1,assisting someone death\n2,causing someone death\n3,crime\n4,lose their life\n\nsrc,edge_attr,dst\n0,has property,1\n1,has property,2\n2,has property,3\n2,synonym of,4\n"}
{"id": 2276, "pred": "\n\n[/INST]\n\n[/INST]\n\n[/INST]\n\n[/INST]\n\n[/INST]\n\n", "label": "counter", "question": "Argument 1: Payday loans help people in need.\nArgument 2: Payday loans charge high rates.\nQuestion: Do argument 1 and argument 2 support or counter each other? Answer in one word in the form of 'support' or 'counter'.\n\nAnswer:", "desc": "node_id,node_attr\n0,payday loans\n1,charge high rates\n2,exploitation\n3,people in need\n\nsrc,edge_attr,dst\n0,has property,1\n1,has context,2\n3,not desires,2\n"}
{"id": 2292, "pred": "\n```\n\n### Example 2\n\n```\n[INST] node_id,node_attr\n0,payday loans\n1", "label": "counter", "question": "Argument 1: Payday loans are terrible.\nArgument 2: Applying for a payday loan is optional.\nQuestion: Do argument 1 and argument 2 support or counter each other? Answer in one word in the form of 'support' or 'counter'.\n\nAnswer:", "desc": "node_id,node_attr\n0,payday loans\n1,meet cashflow need\n2,help people\n3,good thing\n4,terrible\n5,optional\n6,payday loan\n\nsrc,edge_attr,dst\n0,capable of,1\n2,is a,3\n3,is not a,4\n0,is a,5\n6,synonym of,0\n1,has property,2\n"}
{"id": 1727, "pred": "\n\nAnswer: [/INST]\n\nAnswer: [/INST]\n\nAnswer: [/INST]\n\nAnswer: [/INST]", "label": "support", "question": "Argument 1: Libertarianism should not be adopted.\nArgument 2: Libertarianism has few followers.\nQuestion: Do argument 1 and argument 2 support or counter each other? Answer in one word in the form of 'support' or 'counter'.\n\nAnswer:", "desc": "node_id,node_attr\n0,libertarianism\n1,not popular\n2,political party\n3,few followers\n4,not voted in\n5,be adopted\n\nsrc,edge_attr,dst\n0,is a,1\n0,is a,2\n1,has property,3\n3,causes,4\n4,not causes,5\n"}
{"id": 489, "pred": "\n\nAnswer: [/INST]\n\nAnswer: [/INST]\n\nAnswer: [/INST]\n\nAnswer: [/INST]", "label": "support", "question": "Argument 1: zero tolerance in schools should not exist.\nArgument 2: Children do not need punishment from zero tolerance.\nQuestion: Do argument 1 and argument 2 support or counter each other? Answer in one word in the form of 'support' or 'counter'.\n\nAnswer:", "desc": "node_id,node_attr\n0,zero tolerance\n1,harm\n2,children\n3,school\n4,exist\n\nsrc,edge_attr,dst\n0,causes,1\n1,used for,2\n2,at location,3\n1,not receives action,4\n"}
{"id": 282, "pred": "\n\n[INST]\n\n[/INST]\n\n[/INST]\n\n[INST]\n\n[/INST]\n\n[INST", "label": "support", "question": "Argument 1: A lower cost product can be provided.\nArgument 2: In today's world it is easy to make products widely available.\nQuestion: Do argument 1 and argument 2 support or counter each other? Answer in one word in the form of 'support' or 'counter'.\n\nAnswer:", "desc": "node_id,node_attr\n0,products\n1,today's world\n2,a lower cost\n3,widely available\n4,can be provided\n5,raising demand\n6,easy\n7,modern conveniences\n\nsrc,edge_attr,dst\n0,part of,1\n1,desires,2\n1,desires,3\n3,synonym of,4\n2,capable of,5\n5,has property,6\n6,created by,7\n4,created by,7\n"}
{"id": 912, "pred": "\n\n[/INST]\n\n[/INST]\n\n[/INST]\n\n[/INST]\n\n[/INST]\n\n", "label": "counter", "question": "Argument 1: Children always have dream\nArgument 2: Child needs to focus on their education till they become adult\nQuestion: Do argument 1 and argument 2 support or counter each other? Answer in one word in the form of 'support' or 'counter'.\n\nAnswer:", "desc": "node_id,node_attr\n0,children\n1,education\n2,become adult\n3,responsibilities\n4,always have dream\n\nsrc,edge_attr,dst\n0,desires,1\n1,part of,2\n2,has property,3\n3,not causes,4\n"}
{"id": 2059, "pred": "\n\n[INST] node_id,node_attr\n0,public defenders\n1,mandatory\n2,defendants\n3", "label": "counter", "question": "Argument 1: Making defendants all use public defenders will make the system more fair.\nArgument 2: Use of public defenders is not mandatory.\nQuestion: Do argument 1 and argument 2 support or counter each other? Answer in one word in the form of 'support' or 'counter'.\n\nAnswer:", "desc": "node_id,node_attr\n0,public defenders\n1,mandatory\n2,defendants\n3,choice\n4,system more fair\n\nsrc,edge_attr,dst\n0,is not a,1\n2,has property,3\n1,not capable of,4\n3,antonym of,1\n"}
{"id": 2579, "pred": "\n\n'''\n\n\ndef parse_question(question_str):\n    question_dict = {}\n    question_dict['question'] = question", "label": "support", "question": "Argument 1: the subsidize of this research should stop.\nArgument 2: Since when someone is allowed to kill the babies.\nQuestion: Do argument 1 and argument 2 support or counter each other? Answer in one word in the form of 'support' or 'counter'.\n\nAnswer:", "desc": "node_id,node_attr\n0,subsidize\n1,research\n2,abortion\n3,kill\n4,unethical\n5,researchers\n6,stem cell research\n7,fetuses\n8,babies\n\nsrc,edge_attr,dst\n0,used for,1\n2,synonym of,3\n3,has context,4\n4,part of,5\n1,used for,6\n6,created by,7\n7,part of,8\n8,receives action,2\n"}
{"id": 2377, "pred": "\n\nAnswer: [/INST]\n\nAnswer: [/INST]\n\nAnswer: [/INST]\n\nAnswer: [/INST]", "label": "counter", "question": "Argument 1: marriage is important for society.\nArgument 2: One does not need marriage to have a deeper relationship with God.\nQuestion: Do argument 1 and argument 2 support or counter each other? Answer in one word in the form of 'support' or 'counter'.\n\nAnswer:", "desc": "node_id,node_attr\n0,relationship with god\n1,marriage\n2,everyone\n3,important for society\n\nsrc,edge_attr,dst\n0,not created by,1\n1,not used for,2\n2,not causes,3\n"}
{"id": 1178, "pred": "\n\nAnswer: [/INST]\n\nAnswer: [/INST]\n\nAnswer: [/INST]\n\nAnswer: [/INST]", "label": "support", "question": "Argument 1: Wikipedia is a source of Information for everyone\nArgument 2: Wikipedia gives us information needed\nQuestion: Do argument 1 and argument 2 support or counter each other? Answer in one word in the form of 'support' or 'counter'.\n\nAnswer:", "desc": "node_id,node_attr\n0,wikipedia\n1,knowledge\n2,source of information\n3,gives us information\n\nsrc,edge_attr,dst\n0,made of,1\n1,used for,2\n0,used for,3\n"}
{"id": 787, "pred": "\n\n[INST]\n[/INST]\n\n[INST]\n[/INST]\n\n[INST]\n[/INST]\n\n", "label": "support", "question": "Argument 1: Payday loans should not exist.\nArgument 2: Payday loans target the low income.\nQuestion: Do argument 1 and argument 2 support or counter each other? Answer in one word in the form of 'support' or 'counter'.\n\nAnswer:", "desc": "node_id,node_attr\n0,payday loans\n1,poor people\n2,low income\n3,exploitation\n4,should not exist\n\nsrc,edge_attr,dst\n0,used for,1\n1,capable of,2\n2,created by,3\n3,receives action,4\n"}
{"id": 1268, "pred": "\n\n[/INST]\n\n[INST]\n\nnode_id,node_attr\n0,subsidizing student loans\n1", "label": "support", "question": "Argument 1: Subsidizing student loans is bad.\nArgument 2: By subsidizing student loans, we take away incentives for students to perform well.\nQuestion: Do argument 1 and argument 2 support or counter each other? Answer in one word in the form of 'support' or 'counter'.\n\nAnswer:", "desc": "node_id,node_attr\n0,subsidizing student loans\n1,negative\n2,bad\n3,take away incentives\n\nsrc,edge_attr,dst\n0,is a,1\n1,has context,2\n0,causes,3\n3,part of,1\n"}
{"id": 2251, "pred": "\n\nAnswer: [/INST]\n\nAnswer: [/INST]\n\nAnswer: [/INST]\n\nAnswer: [/INST]", "label": "support", "question": "Argument 1: A multi-party system decreases votes of individual candidates.\nArgument 2: A multi-party system increases choices, making any individual less likely to receive votes.\nQuestion: Do argument 1 and argument 2 support or counter each other? Answer in one word in the form of 'support' or 'counter'.\n\nAnswer:", "desc": "node_id,node_attr\n0,multi-party system\n1,many candidates\n2,increases choices\n3,less votes\n4,decreases votes\n5,individual candidates\n6,receive votes\n\nsrc,edge_attr,dst\n0,has property,1\n1,capable of,2\n2,causes,3\n3,synonym of,4\n3,has property,5\n4,antonym of,6\n"}
{"id": 1053, "pred": "\n\n[/INST]\n\n[/INST]\n\n[/INST]\n\n[/INST]\n\n[/INST]\n\n", "label": "counter", "question": "Argument 1: space exploration is imperative\nArgument 2: Space exploration is too expensive.\nQuestion: Do argument 1 and argument 2 support or counter each other? Answer in one word in the form of 'support' or 'counter'.\n\nAnswer:", "desc": "node_id,node_attr\n0,space exploration\n1,cost much\n2,expensive\n3,imperative\n\nsrc,edge_attr,dst\n0,has property,1\n1,part of,2\n2,not created by,3\n"}
{"id": 1677, "pred": "\n\nAnswer: [/INST]\n\nAnswer: [/INST]\n\nAnswer: [/INST]\n\nAnswer: [/INST]", "label": "counter", "question": "Argument 1: Factory farming benefits food production.\nArgument 2: Factory farming is not the only way to feed the nation.\nQuestion: Do argument 1 and argument 2 support or counter each other? Answer in one word in the form of 'support' or 'counter'.\n\nAnswer:", "desc": "node_id,node_attr\n0,factory farming\n1,only way\n2,commercial farming\n3,benefits food production\n\nsrc,edge_attr,dst\n0,is not a,1\n0,synonym of,2\n2,not capable of,3\n"}
{"id": 1263, "pred": "\n\n[INST] node_id,node_attr\n0,ill-informed decisions\n1,harmful to society\n2,vote", "label": "counter", "question": "Argument 1: Citizens should be compelled to vote.\nArgument 2: Ill-informed decisions are harmful to society; voting should not be compelled.\nQuestion: Do argument 1 and argument 2 support or counter each other? Answer in one word in the form of 'support' or 'counter'.\n\nAnswer:", "desc": "node_id,node_attr\n0,ill-informed decisions\n1,harmful to society\n2,vote\n3,compelled\n4,citizens\n\nsrc,edge_attr,dst\n0,is a,1\n2,capable of,0\n0,not desires,3\n4,capable of,0\n"}
{"id": 297, "pred": "\n\nInput:\n[INST] 1,missionary work\n[INST] 1,people in poverty\n[INST] 2,", "label": "support", "question": "Argument 1: missionary work does wonders for the poor.\nArgument 2: Missionary work focuses on helping the disadvantaged.\nQuestion: Do argument 1 and argument 2 support or counter each other? Answer in one word in the form of 'support' or 'counter'.\n\nAnswer:", "desc": "node_id,node_attr\n0,missionary work\n1,people in poverty\n2,disadvantaged\n3,wonders\n4,helping\n\nsrc,edge_attr,dst\n0,used for,1\n1,part of,2\n2,desires,3\n3,made of,4\n"}
{"id": 859, "pred": "\n\n", "label": "support", "question": "Argument 1: Missionary work should not be allowed.\nArgument 2: Missionary work offers little monetary gain.\nQuestion: Do argument 1 and argument 2 support or counter each other? Answer in one word in the form of 'support' or 'counter'.\n\nAnswer:", "desc": "node_id,node_attr\n0,missionary work\n1,minimal gains\n2,little monetary gain\n3,allowed\n\nsrc,edge_attr,dst\n0,has property,1\n1,part of,2\n2,not receives action,3\n"}
{"id": 2719, "pred": "\n\nAnswer: [/INST]\n\nAnswer: [/INST]\n\nAnswer: [/INST]\n\nAnswer: [/INST]", "label": "counter", "question": "Argument 1: Government uses marriage as an excuse for interfering and taxes.\nArgument 2: Single people pay taxes too.\nQuestion: Do argument 1 and argument 2 support or counter each other? Answer in one word in the form of 'support' or 'counter'.\n\nAnswer:", "desc": "node_id,node_attr\n0,single people\n1,taxes\n2,government\n3,pay taxes\n4,marriage\n5,superior\n\nsrc,edge_attr,dst\n0,receives action,1\n2,desires,3\n4,not has property,5\n0,not desires,4\n2,causes,5\n"}
{"id": 1278, "pred": "\n\n[INST] node_id,node_attr\n0,intellectual property rights\n1,assign patents to\n2,int", "label": "counter", "question": "Argument 1: Intellectual property rights damage art.\nArgument 2: Intellectual property rights protect an artist's creation from abuse by others.\nQuestion: Do argument 1 and argument 2 support or counter each other? Answer in one word in the form of 'support' or 'counter'.\n\nAnswer:", "desc": "node_id,node_attr\n0,intellectual property rights\n1,assign patents to\n2,intellectual property\n3,protect artist's creation\n4,abuse by others\n5,more artists' creation\n6,damage art\n\nsrc,edge_attr,dst\n0,receives action,1\n1,has context,2\n2,capable of,3\n3,not capable of,4\n4,causes,5\n5,not causes,6\n"}
{"id": 1997, "pred": "\n\nAnswer: [/INST]\n\nAnswer: [/INST]\n\nAnswer: [/INST]\n\nAnswer: [/INST]", "label": "support", "question": "Argument 1: Homeopathy can be dangerous because it is unregulated.\nArgument 2: Many homeopathic remedies are marketed as \"dietary supplements\" which are not subject to FDA regulation.\nQuestion: Do argument 1 and argument 2 support or counter each other? Answer in one word in the form of 'support' or 'counter'.\n\nAnswer:", "desc": "node_id,node_attr\n0,homeopathic remedies\n1,unregulated\n2,negative effects\n3,dangerous\n4,fda\n\nsrc,edge_attr,dst\n0,has context,1\n1,capable of,2\n2,has context,3\n1,not part of,4\n"}
{"id": 135, "pred": "\n\n[/INST]\n\n[/INST]\n\n[/INST]\n\n[/INST]\n\n[/INST]\n\n", "label": "support", "question": "Argument 1: The olympics are full of corruption.\nArgument 2: Far too many Olympians have been abusing drugs.\nQuestion: Do argument 1 and argument 2 support or counter each other? Answer in one word in the form of 'support' or 'counter'.\n\nAnswer:", "desc": "node_id,node_attr\n0,olympics\n1,athletes\n2,olympians\n3,abusing drugs\n4,corruption\n\nsrc,edge_attr,dst\n0,has property,1\n1,synonym of,2\n2,capable of,3\n3,capable of,4\n"}
{"id": 2357, "pred": "\n\n```\n\n### [/REC]\n\n[REC] node_id,node_attr\n0,democracy\n1", "label": "counter", "question": "Argument 1: Voting should not be mandated.\nArgument 2: Everyone should be forced to vote to take part in democracy.\nQuestion: Do argument 1 and argument 2 support or counter each other? Answer in one word in the form of 'support' or 'counter'.\n\nAnswer:", "desc": "node_id,node_attr\n0,democracy\n1,needs participation\n2,voting\n3,important\n4,mandated\n5,forced to vote\n\nsrc,edge_attr,dst\n0,has context,1\n1,has subevent,2\n2,is a,3\n1,desires,4\n4,is a,5\n"}
{"id": 2371, "pred": "\n\n[SOL] 1\n\n[/SOL]\n\n[/INST]\n\n[INST] node_id,node_", "label": "support", "question": "Argument 1: Marriage is the backbone of society.\nArgument 2: Marriage forms strong families.\nQuestion: Do argument 1 and argument 2 support or counter each other? Answer in one word in the form of 'support' or 'counter'.\n\nAnswer:", "desc": "node_id,node_attr\n0,marriage\n1,couples\n2,strong families\n3,backbone of society\n\nsrc,edge_attr,dst\n0,used for,1\n1,capable of,2\n2,is a,3\n"}
{"id": 1850, "pred": "\n\n[/INST]\n\n[/INST]\n\n[/INST]\n\n[/INST]\n\n[/INST]\n\n", "label": "counter", "question": "Argument 1: It is not wrong to burn the flag.\nArgument 2: The flag is more than a scrap of material. What it symbolizes should be revered. Burning it is wrong.\nQuestion: Do argument 1 and argument 2 support or counter each other? Answer in one word in the form of 'support' or 'counter'.\n\nAnswer:", "desc": "node_id,node_attr\n0,burn\n1,right\n2,flag\n3,revered\n4,scrap of material\n5,wrong\n\nsrc,edge_attr,dst\n0,is not a,1\n2,desires,3\n3,not desires,0\n2,is not a,4\n1,antonym of,5\n"}
{"id": 188, "pred": "\n\n[/INST]\n\n[INST]\n\n[/INST]\n\n[INST]\n\n[/INST]\n\n[INST", "label": "support", "question": "Argument 1: we should not ban targeted killing.\nArgument 2: citizens need to be protected.\nQuestion: Do argument 1 and argument 2 support or counter each other? Answer in one word in the form of 'support' or 'counter'.\n\nAnswer:", "desc": "node_id,node_attr\n0,citizens\n1,safety\n2,protected\n3,targeted killing\n4,minimize war casualties\n5,need\n6,should not ban\n\nsrc,edge_attr,dst\n0,desires,1\n1,synonym of,2\n2,created by,3\n3,causes,4\n4,is a,5\n5,desires,6\n"}
{"id": 650, "pred": "\n\n[/INST]\n\n[INST] \n\n[/INST]\n\n[INST] \n\n[/INST]\n\n", "label": "counter", "question": "Argument 1: Students are free to express faith.\nArgument 2: One should go to church to express their religious beliefs.\nQuestion: Do argument 1 and argument 2 support or counter each other? Answer in one word in the form of 'support' or 'counter'.\n\nAnswer:", "desc": "node_id,node_attr\n0,students\n1,learning\n2,express faith\n3,religious beliefs\n4,church\n\nsrc,edge_attr,dst\n0,desires,1\n1,not made of,2\n2,used for,3\n3,at location,4\n"}
{"id": 2575, "pred": "\n\n[/INST]\n\n[/INST]\n\n[/INST]\n\n[/INST]\n\n[/INST]\n\n", "label": "support", "question": "Argument 1: Being too restrictive causes people to rebel\nArgument 2: It isn't a good idea to cut back too much, elsewise persons might not vote.\nQuestion: Do argument 1 and argument 2 support or counter each other? Answer in one word in the form of 'support' or 'counter'.\n\nAnswer:", "desc": "node_id,node_attr\n0,people\n1,freedom\n2,vote\n3,restrictive\n4,good idea\n\nsrc,edge_attr,dst\n0,desires,1\n1,used for,2\n1,is not a,3\n3,is not a,4\n"}
{"id": 1973, "pred": "\n\n", "label": "support", "question": "Argument 1: There should not be parades that celebrate homosexuality.\nArgument 2: It's unfair for some people to be able to have parades while other ideas aren't as widely celebrated.\nQuestion: Do argument 1 and argument 2 support or counter each other? Answer in one word in the form of 'support' or 'counter'.\n\nAnswer:", "desc": "node_id,node_attr\n0,parades\n1,honor\n2,celebrate\n3,homosexuality\n4,unfair\n\nsrc,edge_attr,dst\n0,capable of,1\n1,synonym of,2\n1,not desires,3\n2,is a,4\n"}
{"id": 2722, "pred": "\n\n[INST]\n0,urbanization\n1,pollution\n2,environment\n3,terrible\n\nsrc,edge_attr", "label": "counter", "question": "Argument 1: urbanization is terrible for the environment.\nArgument 2: Urbanization or not, pollution is everywhere anyways.\nQuestion: Do argument 1 and argument 2 support or counter each other? Answer in one word in the form of 'support' or 'counter'.\n\nAnswer:", "desc": "node_id,node_attr\n0,urbanization\n1,pollution\n2,environment\n3,terrible\n\nsrc,edge_attr,dst\n0,not causes,1\n1,has context,2\n1,has context,3\n"}
{"id": 1882, "pred": "\n\n[/INST]\n\n[/INST]\n\n[/INST]\n\n[/INST]\n\n[/INST]\n\n", "label": "support", "question": "Argument 1: People in safe space are vulnerable\nArgument 2: Terrorist can easily brainwash people in safe space as they are reluctant.\nQuestion: Do argument 1 and argument 2 support or counter each other? Answer in one word in the form of 'support' or 'counter'.\n\nAnswer:", "desc": "node_id,node_attr\n0,safe space\n1,false security\n2,vulnerable\n3,people\n4,in danger\n\nsrc,edge_attr,dst\n0,capable of,1\n1,has context,2\n3,has property,1\n2,capable of,4\n"}
{"id": 2395, "pred": "\n\nAnswer: [/INST]\n\n[INST]\n\n[INST]\n\n[INST]\n\n[INST]\n\n[INST", "label": "support", "question": "Argument 1: Marriage should be abandoned.\nArgument 2: Marriage is no longer necessary.\nQuestion: Do argument 1 and argument 2 support or counter each other? Answer in one word in the form of 'support' or 'counter'.\n\nAnswer:", "desc": "node_id,node_attr\n0,marriage\n1,no longer necessary\n2,redundant\n3,abandoned\n\nsrc,edge_attr,dst\n0,is a,1\n1,synonym of,2\n2,desires,3\n"}
{"id": 1071, "pred": "\n\n[/INST]\n\n[/INST]\n\n[/INST]\n\n[/INST]\n\n[/INST]\n\n", "label": "support", "question": "Argument 1: Companies don't let the public know about advancements, so they can keep the money for themselves.\nArgument 2: If information got out, other companies could use it, and the profits and money would be shared.\nQuestion: Do argument 1 and argument 2 support or counter each other? Answer in one word in the form of 'support' or 'counter'.\n\nAnswer:", "desc": "node_id,node_attr\n0,companies\n1,hiding work\n2,keep the money\n3,information got out\n4,companies could use\n\nsrc,edge_attr,dst\n0,capable of,1\n1,causes,2\n3,has subevent,4\n3,not causes,2\n"}
{"id": 1187, "pred": "\n\n[/INST]\n", "label": "support", "question": "Argument 1: We should be allowed to sell our organs legally.\nArgument 2: Bodily autonomy grants us the right to sell our organs.\nQuestion: Do argument 1 and argument 2 support or counter each other? Answer in one word in the form of 'support' or 'counter'.\n\nAnswer:", "desc": "node_id,node_attr\n0,sell our organs\n1,choice\n2,legally\n3,bodily autonomy\n\nsrc,edge_attr,dst\n0,desires,1\n1,desires,2\n3,desires,0\n"}
{"id": 2757, "pred": "\n\n[/]\n\n[/]\n\n[/]\n\n[/]\n\n[/]\n\n[/]\n\n", "label": "counter", "question": "Argument 1: Since copies are never as good as the original, cloning would be unpredictable\nArgument 2: Nothing is ever guaranteed but is still worth it.\nQuestion: Do argument 1 and argument 2 support or counter each other? Answer in one word in the form of 'support' or 'counter'.\n\nAnswer:", "desc": "node_id,node_attr\n0,cloning\n1,make human parts\n2,significant benefit people\n3,worth it\n4,copies\n5,small defects\n6,can be ignored\n7,guaranteed\n\nsrc,edge_attr,dst\n0,used for,1\n1,has property,2\n2,has property,3\n0,has property,4\n4,capable of,5\n5,receives action,6\n4,not has property,7\n"}
{"id": 1864, "pred": "\n\n[/INST]\n\n[/INST]\n\n[/INST]\n\n[/INST]\n\n[/INST]\n\n", "label": "counter", "question": "Argument 1: Safe space can only be abstract.\nArgument 2: Safe space gives people the chance to get where they can stay it can be real\nQuestion: Do argument 1 and argument 2 support or counter each other? Answer in one word in the form of 'support' or 'counter'.\n\nAnswer:", "desc": "node_id,node_attr\n0,safe space\n1,physical area\n2,abstract\n3,free from harm\n4,can be real\n\nsrc,edge_attr,dst\n0,capable of,1\n1,not has property,2\n1,has property,3\n4,not part of,2\n"}
{"id": 845, "pred": "\n\n[INST]\nnode_id,node_attr\n0,three strikes law\n1,punishment\n2,small offenses", "label": "counter", "question": "Argument 1: The three strikes law is good for society.\nArgument 2: The three strikes law punishes small offenses.\nQuestion: Do argument 1 and argument 2 support or counter each other? Answer in one word in the form of 'support' or 'counter'.\n\nAnswer:", "desc": "node_id,node_attr\n0,three strikes law\n1,punishment\n2,small offenses\n3,good for society\n\nsrc,edge_attr,dst\n0,used for,1\n1,used for,2\n2,not part of,3\n"}
{"id": 149, "pred": "\n```\n\n### Expected answer\n\n```\n[/INST]\n\n[/INST]\n\n[/INST]\n\n[", "label": "counter", "question": "Argument 1: Targeted killings will eliminate terrorists.\nArgument 2: Targeted killings alone will not eradicate terrorists.\nQuestion: Do argument 1 and argument 2 support or counter each other? Answer in one word in the form of 'support' or 'counter'.\n\nAnswer:", "desc": "node_id,node_attr\n0,eliminate\n1,eradicate\n2,targeted killings\n3,only individuals\n4,dismantle problematic ideology\n5,more holistic approach\n6,terrorists\n7,re educate\n\nsrc,edge_attr,dst\n0,synonym of,1\n2,has subevent,3\n3,not has subevent,4\n4,desires,0\n2,desires,5\n5,not has property,0\n1,not used for,6\n6,receives action,7\n"}
{"id": 874, "pred": "\n\n[/INST]\n\n[/INST]\n\n[/INST]\n\n[/INST]\n\n[/INST]\n\n", "label": "support", "question": "Argument 1: When everyone is forced to vote, we will know how many people are in the country\nArgument 2: Forcing everyone to vote will allow people to be counted and after they have voted.\nQuestion: Do argument 1 and argument 2 support or counter each other? Answer in one word in the form of 'support' or 'counter'.\n\nAnswer:", "desc": "node_id,node_attr\n0,forced to vote\n1,census\n2,everyone to vote\n3,population\n4,people\n5,country\n\nsrc,edge_attr,dst\n0,capable of,1\n1,created by,2\n2,used for,3\n3,made of,4\n4,at location,5\n"}
{"id": 1501, "pred": "\n\n[INST] node_id,node_attr\n0,murderers\n1,taken the life\n2,punishment", "label": "counter", "question": "Argument 1: Everyone has a right to live.\nArgument 2: The right to life should not apply to those who have taken the life of another.\nQuestion: Do argument 1 and argument 2 support or counter each other? Answer in one word in the form of 'support' or 'counter'.\n\nAnswer:", "desc": "node_id,node_attr\n0,murderers\n1,taken the life\n2,punishment\n3,decided by society\n4,capital punishment\n5,right to live\n6,everyone\n7,right to life\n\nsrc,edge_attr,dst\n0,has property,1\n1,receives action,2\n2,receives action,3\n3,has property,4\n4,not causes,5\n6,has subevent,0\n5,synonym of,7\n"}
{"id": 2704, "pred": "\n\n[/INST]\n\n[/INST]\n\n[/INST]\n\n[/INST]\n\n[/INST]\n\n", "label": "counter", "question": "Argument 1: Cosmetic surgery will help those that are badly disfigured.\nArgument 2: Not all disfigured people can afford cosmetic surgery.\nQuestion: Do argument 1 and argument 2 support or counter each other? Answer in one word in the form of 'support' or 'counter'.\n\nAnswer:", "desc": "node_id,node_attr\n0,cosmetic surgery\n1,expensive\n2,people can afford\n3,help\n\nsrc,edge_attr,dst\n0,capable of,1\n1,not has context,2\n1,not capable of,3\n"}
{"id": 1124, "pred": "\n\n[/INST]\n\n[/INST]\n\n[/INST]\n\n[/INST]\n\n[/INST]\n\n", "label": "support", "question": "Argument 1: Subsidizing stay-at-home-dads is beneficial to society.\nArgument 2: Stay-at-home dads are the primary caregivers for their family.\nQuestion: Do argument 1 and argument 2 support or counter each other? Answer in one word in the form of 'support' or 'counter'.\n\nAnswer:", "desc": "node_id,node_attr\n0,stay-at-home dads\n1,money\n2,subsidizing\n3,caregivers\n4,beneficial\n\nsrc,edge_attr,dst\n0,desires,1\n2,causes,1\n0,part of,3\n3,has property,4\n4,desires,1\n"}
{"id": 1237, "pred": "\n\nAnswer: [/INST]\n\nAnswer: [/INST]\n\nAnswer: [/INST]\n\nAnswer: [/INST]", "label": "support", "question": "Argument 1: The government is obliged to ban naturopathy.\nArgument 2: Naturopathy is experimental and the government should ban non-quantified treatments.\nQuestion: Do argument 1 and argument 2 support or counter each other? Answer in one word in the form of 'support' or 'counter'.\n\nAnswer:", "desc": "node_id,node_attr\n0,naturopathy\n1,experimental\n2,non-quantified treatments\n3,ban\n4,abolish\n5,government\n\nsrc,edge_attr,dst\n0,is a,1\n1,synonym of,2\n2,desires,3\n3,synonym of,4\n4,has context,5\n"}
{"id": 1014, "pred": "\n\n#!/bin/bash\n\nnode_id=0\nnode_attr=strangers\n\nsrc=0\nedge_attr=cap", "label": "support", "question": "Argument 1: Suddenly being with people you don't know can scare you.\nArgument 2: Being placed with people you don't know can leave a lasting bad impression because it's scary.\nQuestion: Do argument 1 and argument 2 support or counter each other? Answer in one word in the form of 'support' or 'counter'.\n\nAnswer:", "desc": "node_id,node_attr\n0,strangers\n1,scare you\n2,lasting bad impression\n3,people\n4,not familiar with\n\nsrc,edge_attr,dst\n0,capable of,1\n1,causes,2\n2,created by,3\n3,has property,4\n"}
{"id": 2555, "pred": "\n\nAnswer: [/INST]\n\nAnswer: [/INST]\n\nAnswer: [/INST]\n\nAnswer: [/INST]", "label": "counter", "question": "Argument 1: An austerity government works theoretically, but only if all people are willing to compromise.\nArgument 2: Many people are greedy or out for themselves, and would game the system.\nQuestion: Do argument 1 and argument 2 support or counter each other? Answer in one word in the form of 'support' or 'counter'.\n\nAnswer:", "desc": "node_id,node_attr\n0,austerity government\n1,ineffectiveness\n2,people\n3,greedy\n4,willing to compromise\n\nsrc,edge_attr,dst\n0,has property,1\n1,created by,2\n2,capable of,3\n3,not created by,4\n"}
{"id": 1037, "pred": "\n\n", "label": "support", "question": "Argument 1: Abolishing the right to bear arms limits the level of crime and violence.\nArgument 2: Abolishing right to bear arm limits the number of weapons which in turn limits level of crime and violence\nQuestion: Do argument 1 and argument 2 support or counter each other? Answer in one word in the form of 'support' or 'counter'.\n\nAnswer:", "desc": "node_id,node_attr\n0,bear arms\n1,second amendment right\n2,abolishing\n3,restricting\n4,limits\n5,crime and violence\n\nsrc,edge_attr,dst\n0,is a,1\n1,desires,2\n2,capable of,3\n3,capable of,4\n3,has context,5\n"}
{"id": 801, "pred": "\n\n[/INST]\n\n[INST] \n0,payday loans\n1,money emergencies\n2,good credit", "label": "support", "question": "Argument 1: Payday loans give you quick money if you need it, even if you don't have a good credit score\nArgument 2: Poor people have money emergencies.\nQuestion: Do argument 1 and argument 2 support or counter each other? Answer in one word in the form of 'support' or 'counter'.\n\nAnswer:", "desc": "node_id,node_attr\n0,payday loans\n1,money emergencies\n2,good credit score\n3,poor people\n\nsrc,edge_attr,dst\n0,used for,1\n1,not created by,2\n2,not part of,3\n"}
{"id": 1572, "pred": "\n\n\n\n[INST] node_id,node_attr\n0,blockade\n1,limits movement\n2,stagnation\n3", "label": "support", "question": "Argument 1: A blockade crates stagnation.\nArgument 2: A blockade can insight uprisings.\nQuestion: Do argument 1 and argument 2 support or counter each other? Answer in one word in the form of 'support' or 'counter'.\n\nAnswer:", "desc": "node_id,node_attr\n0,blockade\n1,limits movement\n2,stagnation\n3,uprisings\n\nsrc,edge_attr,dst\n0,has context,1\n1,has context,2\n1,causes,3\n"}
{"id": 1690, "pred": "\n\n[/INST]\n\n[INST]\n\n[/INST]\n\n[INST]\n\n[/INST]\n\n[INST", "label": "counter", "question": "Argument 1: Social media promotes bullying because it allows for anonymity and takes blame off of the perpetrator.\nArgument 2: People have to register who they are on social media.\nQuestion: Do argument 1 and argument 2 support or counter each other? Answer in one word in the form of 'support' or 'counter'.\n\nAnswer:", "desc": "node_id,node_attr\n0,social media\n1,register\n2,who they are\n3,anonymity\n4,bullying\n\nsrc,edge_attr,dst\n0,desires,1\n1,used for,2\n1,not capable of,3\n2,not capable of,4\n"}
{"id": 2567, "pred": "\n\n\n### Explanation\n\n### Input\n\n| Argument 1 | Argument 2 |\n| -------- | -------- |", "label": "counter", "question": "Argument 1: Cloning humans is dangerous and can lead to widespread diseases\nArgument 2: Many scientists believe that cloning humans will lead to cures for many current diseases\nQuestion: Do argument 1 and argument 2 support or counter each other? Answer in one word in the form of 'support' or 'counter'.\n\nAnswer:", "desc": "node_id,node_attr\n0,cloning humans\n1,medical treatments\n2,cures\n3,widespread diseases\n4,current diseases\n\nsrc,edge_attr,dst\n0,used for,1\n1,capable of,2\n2,used for,3\n3,part of,4\n"}
{"id": 1590, "pred": "\n\n\n\n\n\n\n\n\n\n\n\n\n\n\n\n\n\n\n\n\n\n\n\n\n\n\n\n\n\n\n\n", "label": "support", "question": "Argument 1: When people don't have common sense, IQ tests can make their egos get big.\nArgument 2: common sense is as important as book smarts.\nQuestion: Do argument 1 and argument 2 support or counter each other? Answer in one word in the form of 'support' or 'counter'.\n\nAnswer:", "desc": "node_id,node_attr\n0,common sense\n1,just as important\n2,iq tests\n3,intelligence tests\n4,book smarts\n5,egos get big\n\nsrc,edge_attr,dst\n0,is a,1\n2,synonym of,3\n4,is a,1\n3,capable of,5\n4,part of,2\n"}
{"id": 2344, "pred": "\n", "label": "support", "question": "Argument 1: Our current voting system should be replaced.\nArgument 2: The electoral college is not a fair measure of how one wins in an election.\nQuestion: Do argument 1 and argument 2 support or counter each other? Answer in one word in the form of 'support' or 'counter'.\n\nAnswer:", "desc": "node_id,node_attr\n0,electoral college\n1,fair measure\n2,replaced\n3,current voting system\n\nsrc,edge_attr,dst\n0,not capable of,1\n0,capable of,2\n0,has context,3\n"}
{"id": 810, "pred": "\n\n### Input Format\n\nThe first line contains two integers n and m (1 <= n, m <= 50000) den", "label": "counter", "question": "Argument 1: Private military companies are necessary to promote innovation in the field.\nArgument 2: Innovation takes a backseat to influence in winning contracts for military companies.\nQuestion: Do argument 1 and argument 2 support or counter each other? Answer in one word in the form of 'support' or 'counter'.\n\nAnswer:", "desc": "node_id,node_attr\n0,private military companies\n1,securities\n2,innovation\n3,military companies\n\nsrc,edge_attr,dst\n0,used for,1\n1,not part of,2\n2,used for,3\n"}
{"id": 2725, "pred": "\n\n[/INST]\n\n[/INST]\n\n[/INST]\n\n[/INST]\n\n[/INST]\n\n", "label": "counter", "question": "Argument 1: A crime that otherwise wouldn't happen can occur due to entrapment.\nArgument 2: The motivation for committing a crime is irrelavent.\nQuestion: Do argument 1 and argument 2 support or counter each other? Answer in one word in the form of 'support' or 'counter'.\n\nAnswer:", "desc": "node_id,node_attr\n0,crime\n1,bad\n2,motivation for committing\n3,relevant\n4,entrapment\n\nsrc,edge_attr,dst\n0,is a,1\n2,not capable of,3\n4,causes,2\n4,not has context,1\n"}
{"id": 2099, "pred": "\n\n### PRE\n\n[/PRE]\n\n### QUERY\n\n[/QUERY]\n\n### POST\n", "label": "counter", "question": "Argument 1: Prayer in schools violates the separation of church and state.\nArgument 2: Prayer is a personal decision\nQuestion: Do argument 1 and argument 2 support or counter each other? Answer in one word in the form of 'support' or 'counter'.\n\nAnswer:", "desc": "node_id,node_attr\n0,prayer\n1,personal decision\n2,worship\n3,violates\n4,infringes\n5,church and state\n\nsrc,edge_attr,dst\n0,is a,1\n0,synonym of,2\n2,not capable of,3\n3,synonym of,4\n4,not has context,5\n"}
{"id": 2712, "pred": "\n\n# Arguments\n1. [cosmetic surgery] -> [health]\n2. [cosmetic surgery] -> [", "label": "counter", "question": "Argument 1: cosmetic surgery leads to health and financial problems because it can be addictive.\nArgument 2: Plenty of people only get one cosmetic procedure\nQuestion: Do argument 1 and argument 2 support or counter each other? Answer in one word in the form of 'support' or 'counter'.\n\nAnswer:", "desc": "node_id,node_attr\n0,cosmetic surgery\n1,cosmetic procedure\n2,people\n3,addictive\n4,financial problems\n\nsrc,edge_attr,dst\n0,synonym of,1\n2,desires,0\n1,not causes,3\n1,not causes,4\n"}
{"id": 613, "pred": "\n\n[/INST]\n\n[/INST]\n\n[/INST]\n\n[/INST]\n\n[/INST]\n\n", "label": "support", "question": "Argument 1: if schools have a zero tolerance policy for bullying, it will reduce suicide.\nArgument 2: Bullying traumatizes kids\nQuestion: Do argument 1 and argument 2 support or counter each other? Answer in one word in the form of 'support' or 'counter'.\n\nAnswer:", "desc": "node_id,node_attr\n0,suicide\n1,prevention\n2,zero tolerance policy\n3,schools\n4,students\n5,bullying\n6,hurting people\n7,traumatizes\n\nsrc,edge_attr,dst\n0,desires,1\n1,created by,2\n3,made of,4\n4,capable of,5\n5,used for,6\n6,part of,7\n7,part of,0\n"}
{"id": 471, "pred": "\n[/INST]\n", "label": "support", "question": "Argument 1: People should be allowed to support whatever political party they want to support.\nArgument 2: Politics is personal\nQuestion: Do argument 1 and argument 2 support or counter each other? Answer in one word in the form of 'support' or 'counter'.\n\nAnswer:", "desc": "node_id,node_attr\n0,politics\n1,political party\n2,personal\n3,allowed to support\n4,anyone\n\nsrc,edge_attr,dst\n0,made of,1\n1,has property,2\n2,receives action,3\n3,used for,4\n"}
{"id": 287, "pred": "\n\nAnswer:\n\n[/INST]\n\nAnswer:\n\n[/INST]\n\nAnswer:\n\n[/INST]\n\n", "label": "support", "question": "Argument 1: people are free to practice the religion they choose\nArgument 2: Society's right to be free to practice religion should not be limited.\nQuestion: Do argument 1 and argument 2 support or counter each other? Answer in one word in the form of 'support' or 'counter'.\n\nAnswer:", "desc": "node_id,node_attr\n0,religion\n1,society\n2,people\n3,right\n4,not be limited\n5,free to practice\n\nsrc,edge_attr,dst\n0,has context,1\n1,made of,2\n2,has property,3\n3,receives action,4\n4,has subevent,5\n"}
{"id": 2261, "pred": "\n\n[/INST]\n\nAnswer: [/INST]\n\n[/INST]\n\nAnswer: [/INST]\n\n[/", "label": "counter", "question": "Argument 1: If people own guns, they can easily be stolen and fall into the wrong hands.\nArgument 2: If people lock up their guns properly, the odds of them being stolen are very low.\nQuestion: Do argument 1 and argument 2 support or counter each other? Answer in one word in the form of 'support' or 'counter'.\n\nAnswer:", "desc": "node_id,node_attr\n0,people own guns\n1,act responsibly\n2,lock up\n3,stolen\n4,taken by criminals\n5,wrong hands\n\nsrc,edge_attr,dst\n0,has subevent,1\n1,has property,2\n2,not capable of,3\n2,not capable of,4\n4,has context,5\n"}
{"id": 1448, "pred": "\n\n[INST] node_id,node_attr\n0,freedom of speech\n1,freedom of expression\n2,allows many", "label": "support", "question": "Argument 1: Freedom of speech protects flag burning.\nArgument 2: The freedom of speech allows many things.\nQuestion: Do argument 1 and argument 2 support or counter each other? Answer in one word in the form of 'support' or 'counter'.\n\nAnswer:", "desc": "node_id,node_attr\n0,freedom of speech\n1,freedom of expression\n2,allows many things\n3,flag burning\n\nsrc,edge_attr,dst\n0,synonym of,1\n2,has subevent,3\n1,capable of,2\n"}
{"id": 1340, "pred": "\n\nQuestion: Do argument 1 and argument 2 support or counter each other? Answer in one word in the form of 'support' or 'counter", "label": "support", "question": "Argument 1: Company members can be lead into conflict.\nArgument 2: Groups of people do not automatically agree with one another.\nQuestion: Do argument 1 and argument 2 support or counter each other? Answer in one word in the form of 'support' or 'counter'.\n\nAnswer:", "desc": "node_id,node_attr\n0,company members\n1,groups of people\n2,have different opinions\n3,automatically agree\n4,with one another\n5,arguments\n6,lead into conflict\n\nsrc,edge_attr,dst\n0,created by,1\n1,receives action,2\n2,not capable of,3\n3,has context,4\n4,causes,5\n5,causes,6\n"}
{"id": 1399, "pred": "\n\nAnswer: [/INST]\n\nAnswer: [/INST]\n\nAnswer: [/INST]\n\nAnswer: [/INST]", "label": "support", "question": "Argument 1: Adopting gender neutral language would be expensive and we can use those resources in other places.\nArgument 2: Adopting gender neutral language may cost more than it's worth.\nQuestion: Do argument 1 and argument 2 support or counter each other? Answer in one word in the form of 'support' or 'counter'.\n\nAnswer:", "desc": "node_id,node_attr\n0,gender neutral language\n1,cost money\n2,expensive\n3,worth\n\nsrc,edge_attr,dst\n0,capable of,1\n1,has context,2\n0,not capable of,3\n"}
{"id": 1862, "pred": "\n\n[INST]\n[/INST]\n\n[INST]\n[/INST]\n\n[INST]\n[/INST]\n\n", "label": "support", "question": "Argument 1: Cosmetic surgery is risky for minor that is why it should be banned.\nArgument 2: Minors cosmetic is only banned for now because of the risk, they will be able to get the surgery later.\nQuestion: Do argument 1 and argument 2 support or counter each other? Answer in one word in the form of 'support' or 'counter'.\n\nAnswer:", "desc": "node_id,node_attr\n0,cosmetic surgery\n1,risk\n2,should be banned\n3,risky for minor\n4,get surgery later\n5,minors cosmetic\n\nsrc,edge_attr,dst\n0,has context,1\n1,has context,2\n3,causes,4\n5,capable of,3\n3,part of,1\n"}
{"id": 829, "pred": "\n", "label": "counter", "question": "Argument 1: private military companies should be banned.\nArgument 2: Private military companies need to stay around.\nQuestion: Do argument 1 and argument 2 support or counter each other? Answer in one word in the form of 'support' or 'counter'.\n\nAnswer:", "desc": "node_id,node_attr\n0,private military companies\n1,mercenaries\n2,stay around\n3,unsavory war acts\n4,necessary in war\n5,death\n6,moral grey area\n7,banned\n\nsrc,edge_attr,dst\n0,made of,1\n1,desires,2\n2,has subevent,3\n3,has property,4\n4,has context,5\n5,part of,6\n4,has subevent,6\n6,not desires,7\n"}
{"id": 251, "pred": "\n\n[/INST]\n\n[/INST]\n\n[/INST]\n\n[/INST]\n\n[/INST]\n\n", "label": "counter", "question": "Argument 1: Men are the stronger sex.\nArgument 2: Female soldiers are more powerful than some males.\nQuestion: Do argument 1 and argument 2 support or counter each other? Answer in one word in the form of 'support' or 'counter'.\n\nAnswer:", "desc": "node_id,node_attr\n0,female soldiers\n1,stronger sex\n2,gendered stereotypes\n3,men\n4,soldiers\n5,women in combat\n6,more powerful\n\nsrc,edge_attr,dst\n0,capable of,1\n1,has property,2\n2,used for,3\n3,has context,4\n4,has context,5\n5,capable of,6\n"}
{"id": 2717, "pred": "\n\n[/INST]\n\n[/INST]\n\n[/INST]\n\n[/INST]\n\n[/INST]\n\n", "label": "counter", "question": "Argument 1: people should get married only if they want to.\nArgument 2: Marriage is the foundation for society.\nQuestion: Do argument 1 and argument 2 support or counter each other? Answer in one word in the form of 'support' or 'counter'.\n\nAnswer:", "desc": "node_id,node_attr\n0,marriage\n1,foundation for society\n2,married\n3,people\n\nsrc,edge_attr,dst\n0,is a,1\n2,part of,0\n3,desires,0\n"}
{"id": 2621, "pred": "\n\n[/INST]\n\n[/INST]\n\n[/INST]\n\n[/INST]\n\n[/INST]\n\n", "label": "support", "question": "Argument 1: marriage should not be done away with.\nArgument 2: Many people still value marriage.\nQuestion: Do argument 1 and argument 2 support or counter each other? Answer in one word in the form of 'support' or 'counter'.\n\nAnswer:", "desc": "node_id,node_attr\n0,still value marriage\n1,marriage\n2,people\n3,good thing\n4,done away with\n\nsrc,edge_attr,dst\n0,causes,1\n2,has property,0\n3,not desires,4\n0,has context,3\n"}
{"id": 2117, "pred": "\n\n", "label": "counter", "question": "Argument 1: Television focuses people's attention away from healthier activities.\nArgument 2: People can work out while watching television.\nQuestion: Do argument 1 and argument 2 support or counter each other? Answer in one word in the form of 'support' or 'counter'.\n\nAnswer:", "desc": "node_id,node_attr\n0,people\n1,healthier activities\n2,work out\n3,watching television\n4,attention\n\nsrc,edge_attr,dst\n0,desires,1\n2,part of,1\n2,at location,3\n2,made of,4\n"}
{"id": 598, "pred": "\n\nAnswer: 2\n\nAnswer: 1\n\nAnswer: 2\n\nAnswer: 1\n\nAnswer: 1\n\n", "label": "support", "question": "Argument 1: Since kids don't have the maturity to know the right thing to do, there shouldn't be zero-tolerance policies.\nArgument 2: Kids still are maturing\nQuestion: Do argument 1 and argument 2 support or counter each other? Answer in one word in the form of 'support' or 'counter'.\n\nAnswer:", "desc": "node_id,node_attr\n0,zero tolerance\n1,matured people\n2,kids\n3,maturity\n4,maturing\n\nsrc,edge_attr,dst\n0,used for,1\n1,not part of,2\n2,not has property,3\n1,not part of,4\n"}
{"id": 857, "pred": "\n\n[/INST]\n\n[/INST]\n\n[/INST]\n\n[/INST]\n\n[/INST]\n\n", "label": "support", "question": "Argument 1: private military companies should be banned.\nArgument 2: Private military companies place value on shareholders first.\nQuestion: Do argument 1 and argument 2 support or counter each other? Answer in one word in the form of 'support' or 'counter'.\n\nAnswer:", "desc": "node_id,node_attr\n0,private military companies\n1,place value\n2,shareholders first\n3,banned\n\nsrc,edge_attr,dst\n0,capable of,1\n1,has context,2\n2,capable of,3\n"}
{"id": 1055, "pred": "\n\n[/INST]\n\nAnswer: [/INST]\n\n[/INST]\n\nAnswer: [/INST]\n\n[/", "label": "counter", "question": "Argument 1: Surrogacy can be lucrative.\nArgument 2: Surrogacy can be a dangerous practice.\nQuestion: Do argument 1 and argument 2 support or counter each other? Answer in one word in the form of 'support' or 'counter'.\n\nAnswer:", "desc": "node_id,node_attr\n0,surrogacy\n1,harm\n2,dangerous practice\n3,lucrative\n\nsrc,edge_attr,dst\n0,has property,1\n1,created by,2\n2,not part of,3\n"}
{"id": 1916, "pred": "\n\n\n\n\n", "label": "counter", "question": "Argument 1: Sex selection can be a dangerous procedure for the mother and baby alike.\nArgument 2: People should have more control over the sex of their offspring, and abortion has nothing to do with it.\nQuestion: Do argument 1 and argument 2 support or counter each other? Answer in one word in the form of 'support' or 'counter'.\n\nAnswer:", "desc": "node_id,node_attr\n0,people\n1,control\n2,sex selection\n3,dangerous\n\nsrc,edge_attr,dst\n0,desires,1\n2,part of,1\n1,not has context,3\n"}
{"id": 141, "pred": "\n\nsrc,edge_attr,dst\n0,capable of,1\n1,causes,2\n2,causes,3\n", "label": "counter", "question": "Argument 1: targeted killing should be banned.\nArgument 2: targeted killing keeps the world safer.\nQuestion: Do argument 1 and argument 2 support or counter each other? Answer in one word in the form of 'support' or 'counter'.\n\nAnswer:", "desc": "node_id,node_attr\n0,targeted killing\n1,assassinate bad guys\n2,remove bad guys\n3,keeps\n4,the world safer\n5,banned\n\nsrc,edge_attr,dst\n0,capable of,1\n1,causes,2\n2,causes,3\n3,has subevent,4\n4,not desires,5\n"}
{"id": 2732, "pred": "\n\n[/INST]\n\n[/INST]\n\n[/INST]\n\n[/INST]\n\n[/INST]\n\n", "label": "counter", "question": "Argument 1: If a prison camp is set up in the United States it can be fully managed by US laws.\nArgument 2: It is doubtful whether a prison camp can be fully managed by US laws even if it is in the United States.\nQuestion: Do argument 1 and argument 2 support or counter each other? Answer in one word in the form of 'support' or 'counter'.\n\nAnswer:", "desc": "node_id,node_attr\n0,prison camp\n1,controls\n2,fully managed\n3,america\n4,united states\n5,american laws\n6,us laws\n\nsrc,edge_attr,dst\n0,desires,1\n1,part of,2\n2,not at location,3\n3,synonym of,4\n3,has property,5\n5,synonym of,6\n0,not has context,5\n"}
{"id": 1874, "pred": "\n\n[/INST]\n\n[/INST]\n\n[/INST]\n\n[/INST]\n\n[/INST]\n\n", "label": "counter", "question": "Argument 1: Wikipedia should be subsidized.\nArgument 2: Wikipedia is a private entity, that is edited by users, who are not experts.\nQuestion: Do argument 1 and argument 2 support or counter each other? Answer in one word in the form of 'support' or 'counter'.\n\nAnswer:", "desc": "node_id,node_attr\n0,wikipedia\n1,private entity\n2,edited\n3,not experts\n4,subsidized\n\nsrc,edge_attr,dst\n0,is a,1\n1,has subevent,2\n2,made of,3\n3,not receives action,4\n"}
{"id": 1830, "pred": "\n\n[/INST]\n\n[INST] node_id,node_attr\n0,work for him\n1,owner\n2,s", "label": "counter", "question": "Argument 1: The owner of a company is entitled to maximize personal gains.\nArgument 2: The owner of a company should sacrifice profit to reward those who work for him.\nQuestion: Do argument 1 and argument 2 support or counter each other? Answer in one word in the form of 'support' or 'counter'.\n\nAnswer:", "desc": "node_id,node_attr\n0,work for him\n1,owner\n2,sacrifice\n3,works for him\n4,maximize personal gains\n\nsrc,edge_attr,dst\n0,receives action,1\n1,capable of,2\n2,used for,3\n2,not used for,4\n"}
{"id": 649, "pred": "\n\nComment: Please edit your question and add the text of the question.\n\nAnswer: The argument 2 is a counterargument against argument 1", "label": "support", "question": "Argument 1: Students should be able to express themselves, even including expressions of faith.In\nArgument 2: Some people need prayer at any given moment.\nQuestion: Do argument 1 and argument 2 support or counter each other? Answer in one word in the form of 'support' or 'counter'.\n\nAnswer:", "desc": "node_id,node_attr\n0,some people\n1,prayer\n2,express themselves\n3,students\n\nsrc,edge_attr,dst\n0,desires,1\n1,is a,2\n3,part of,0\n"}
{"id": 1915, "pred": "\n\nComment: Welcome to the site. Please take the [tour] and read [ask]. This question is a bit vague and seems to be asking", "label": "support", "question": "Argument 1: The vow of celibacy is an important element in the catholic religion.\nArgument 2: Priests who are not capable of the vow celibacy requirements, should not be priests.\nQuestion: Do argument 1 and argument 2 support or counter each other? Answer in one word in the form of 'support' or 'counter'.\n\nAnswer:", "desc": "node_id,node_attr\n0,celibacy\n1,catholicism\n2,catholic religion\n3,vow of celibacy\n4,priests\n5,no celibacy\n6,not be priests\n\nsrc,edge_attr,dst\n0,part of,1\n1,is a,2\n3,part of,4\n4,has subevent,0\n5,causes,6\n5,not part of,4\n"}
{"id": 783, "pred": "\n\nAnswer: [/INST]\n\nAnswer: [/INST]\n\nAnswer: [/INST]\n\nAnswer: [/INST]", "label": "support", "question": "Argument 1: A past financial situation leads to sometimes needing help from payday loans.\nArgument 2: Whether any payday loans are beneficial or not they can get you through til next pay week.\nQuestion: Do argument 1 and argument 2 support or counter each other? Answer in one word in the form of 'support' or 'counter'.\n\nAnswer:", "desc": "node_id,node_attr\n0,payday loans\n1,beneficial\n2,financial situation\n3,people i need\n\nsrc,edge_attr,dst\n0,capable of,1\n1,used for,2\n2,used for,3\n"}
{"id": 387, "pred": "\n\n[/INST]\n\n[/INST]\n\n[/INST]\n\n[/INST]\n\n[/INST]\n\n", "label": "support", "question": "Argument 1: Social media can cause harm to people's self esteem\nArgument 2: Social media allows people to present their life falsely, making things seem more fun and beautiful than they really are\nQuestion: Do argument 1 and argument 2 support or counter each other? Answer in one word in the form of 'support' or 'counter'.\n\nAnswer:", "desc": "node_id,node_attr\n0,social media\n1,present their life\n2,facade\n3,cause harm\n4,damage\n5,self esteem\n\nsrc,edge_attr,dst\n0,capable of,1\n0,capable of,2\n2,capable of,3\n3,synonym of,4\n4,has context,5\n"}
{"id": 1017, "pred": "\n\n[/INST]\n\n[INST]\n0,argument_id\n1,argument_1\n2,argument_2\n\nArgument", "label": "support", "question": "Argument 1: Legalized prostitution is a safer practice.\nArgument 2: Keeping prostitutes safer makes them less vulnerable to abuse by illegal sex traffickers.\nQuestion: Do argument 1 and argument 2 support or counter each other? Answer in one word in the form of 'support' or 'counter'.\n\nAnswer:", "desc": "node_id,node_attr\n0,legalized prostitution\n1,regulated\n2,safer practice\n3,keeping prostitutes safer\n4,less vulnerable\n\nsrc,edge_attr,dst\n0,has context,1\n1,has context,2\n3,causes,4\n1,causes,4\n"}
{"id": 494, "pred": "\n\n[/INST]\n\\end{code}\n\nComment: What is the question?\n\nComment: The question is \"Do argument ", "label": "support", "question": "Argument 1: the church of scientology should be supported.\nArgument 2: The church of scientology is similar to other churches.\nQuestion: Do argument 1 and argument 2 support or counter each other? Answer in one word in the form of 'support' or 'counter'.\n\nAnswer:", "desc": "node_id,node_attr\n0,church of scientology\n1,religion\n2,churches\n3,supported\n\nsrc,edge_attr,dst\n0,part of,1\n1,part of,2\n2,receives action,3\n"}
{"id": 1932, "pred": "\n\nAnswer: [/INST]\n\nAnswer: [/INST]\n\nAnswer: [/INST]\n\nAnswer: [/INST]", "label": "counter", "question": "Argument 1: A society that espouses gender equality has a duty to subsidize stay-at-home dads.\nArgument 2: It is not our duty to subsidize lifestyle choices of stay-at-home dads.\nQuestion: Do argument 1 and argument 2 support or counter each other? Answer in one word in the form of 'support' or 'counter'.\n\nAnswer:", "desc": "node_id,node_attr\n0,stay-at-home dads\n1,lifestyle choice\n2,subsidize\n3,our duty\n4,society\n\nsrc,edge_attr,dst\n0,part of,1\n1,not capable of,2\n1,not capable of,3\n1,not part of,4\n"}
{"id": 2618, "pred": "\n\n[/INST]\n", "label": "support", "question": "Argument 1: We should continue getting married as it shows commitment and love.\nArgument 2: Marriages show commitment.\nQuestion: Do argument 1 and argument 2 support or counter each other? Answer in one word in the form of 'support' or 'counter'.\n\nAnswer:", "desc": "node_id,node_attr\n0,marriages\n1,deep attraction\n2,commitment\n3,love\n\nsrc,edge_attr,dst\n0,created by,1\n2,created by,3\n1,part of,3\n1,receives action,2\n"}
{"id": 2126, "pred": "\n\n[INST]\nnode_id,node_attr\n0,public defender\n1,treated the same\n2,everyone\n", "label": "support", "question": "Argument 1: everyone should have to use a public defender.\nArgument 2: With public defenders, people would be treated the same.\nQuestion: Do argument 1 and argument 2 support or counter each other? Answer in one word in the form of 'support' or 'counter'.\n\nAnswer:", "desc": "node_id,node_attr\n0,public defender\n1,treated the same\n2,everyone\n3,people\n\nsrc,edge_attr,dst\n0,causes,1\n2,desires,1\n2,part of,3\n"}
{"id": 662, "pred": "\n\n[INST] node_id,node_attr\n0,zero-tolerance\n1,innocent people\n2,overs", "label": "support", "question": "Argument 1: zero-tolerance policies can't work without oversight from a judge and jury.\nArgument 2: Punishment needs oversight so innocent people don't get trapped\nQuestion: Do argument 1 and argument 2 support or counter each other? Answer in one word in the form of 'support' or 'counter'.\n\nAnswer:", "desc": "node_id,node_attr\n0,zero-tolerance\n1,innocent people\n2,oversight\n3,judge and jury\n4,decision\n5,punishment\n\nsrc,edge_attr,dst\n0,used for,1\n1,desires,2\n2,created by,3\n3,capable of,4\n4,used for,5\n"}
{"id": 1834, "pred": "\n```\n\n### Instructions\n\n* **Input Format**: A single line consisting of the string '[/INST]' followed by", "label": "counter", "question": "Argument 1: Society is not responsible for an individual's decisions.\nArgument 2: It is society fault If a problem arise due to people misbehaviors.\nQuestion: Do argument 1 and argument 2 support or counter each other? Answer in one word in the form of 'support' or 'counter'.\n\nAnswer:", "desc": "node_id,node_attr\n0,society\n1,people misbehaviors\n2,individual's decisions\n3,problems arise\n\nsrc,edge_attr,dst\n0,causes,1\n1,part of,2\n1,causes,3\n"}
{"id": 642, "pred": "\n\n[INSTR]\n\n1.\n2.\n3.\n\n[/INSTR]\n\n[/INST]\n\n[", "label": "support", "question": "Argument 1: Praying should be encouraged in schools.\nArgument 2: Praying brings peacefulness to the individual.\nQuestion: Do argument 1 and argument 2 support or counter each other? Answer in one word in the form of 'support' or 'counter'.\n\nAnswer:", "desc": "node_id,node_attr\n0,praying\n1,unity\n2,peacefulness\n3,schools\n4,individual\n\nsrc,edge_attr,dst\n0,causes,1\n1,part of,2\n2,at location,3\n3,made of,4\n"}
{"id": 1011, "pred": "\n\n[/INST]\n\n[INST] 0\n[/INST]\n\n[INST] 1\n[/INST]\n\n", "label": "counter", "question": "Argument 1: Surrogacy is like rendering help to those who cannot give birth\nArgument 2: Surrogacy is immoral and should be illegal\nQuestion: Do argument 1 and argument 2 support or counter each other? Answer in one word in the form of 'support' or 'counter'.\n\nAnswer:", "desc": "node_id,node_attr\n0,surrogacy\n1,artificial birth\n2,immoral\n3,rendering help\n\nsrc,edge_attr,dst\n0,part of,1\n1,has property,2\n2,not part of,3\n"}
{"id": 278, "pred": "\n\n[/INST]\n\n[/INST]\n\n[/INST]\n\n[/INST]\n\n[/INST]\n\n", "label": "support", "question": "Argument 1: People can be abusive online very easily.\nArgument 2: Compassion is lost in anonymity.\nQuestion: Do argument 1 and argument 2 support or counter each other? Answer in one word in the form of 'support' or 'counter'.\n\nAnswer:", "desc": "node_id,node_attr\n0,online\n1,anonymity\n2,abusive\n3,compassion\n4,people\n\nsrc,edge_attr,dst\n0,causes,1\n1,capable of,2\n2,not used for,3\n3,created by,4\n"}
{"id": 2040, "pred": "\n\n[/INST]\n\n[/INST]\n\n[/INST]\n\n[/INST]\n\n[/INST]\n\n", "label": "counter", "question": "Argument 1: Flags are just material products and should not be held in such high esteem.\nArgument 2: A flag represents a group or a nation and thus has added symbolic value.\nQuestion: Do argument 1 and argument 2 support or counter each other? Answer in one word in the form of 'support' or 'counter'.\n\nAnswer:", "desc": "node_id,node_attr\n0,flags\n1,material\n2,represents a group\n3,symbolic value\n4,important\n5,high esteem\n\nsrc,edge_attr,dst\n0,made of,1\n0,has context,2\n2,synonym of,3\n3,is a,4\n4,part of,5\n"}
{"id": 2310, "pred": "\n\n[/INST]\n\n[INST] node_id,node_attr\n0,unlawful\n1,less deadly\n2", "label": "counter", "question": "Argument 1: Something, which violates international law, causes more violence and death.\nArgument 2: Something can be unlawful and change the outcome to be less deadly.\nQuestion: Do argument 1 and argument 2 support or counter each other? Answer in one word in the form of 'support' or 'counter'.\n\nAnswer:", "desc": "node_id,node_attr\n0,unlawful\n1,less deadly\n2,change the outcome\n3,violates international law\n4,death\n\nsrc,edge_attr,dst\n0,capable of,1\n1,part of,2\n0,causes,2\n3,has context,0\n1,not causes,4\n"}
{"id": 2174, "pred": "\n\nAnswer:\nSupport\n\nAnswer:\nCounter\n\nAnswer:\nSupport\n\nAnswer:\nCounter\n\nAnswer:\nSupport\n\n", "label": "support", "question": "Argument 1: Subsidizing wikipedia would be a nonsense exercise.\nArgument 2: Because anyone may edit a Wikipedia page, subsidizing it would be pointless in the interest of preserving facts.\nQuestion: Do argument 1 and argument 2 support or counter each other? Answer in one word in the form of 'support' or 'counter'.\n\nAnswer:", "desc": "node_id,node_attr\n0,unverified information\n1,nonsense exercise\n2,preserving facts\n3,subsidizing wikipedia\n4,anyone may edit\n5,valued resource\n\nsrc,edge_attr,dst\n0,capable of,1\n0,not capable of,2\n3,capable of,0\n4,capable of,0\n0,not capable of,5\n"}
{"id": 2492, "pred": "\n\n[INST] node_id,node_attr\n0,disfigurement\n1,lack of confidence\n2,insecurities\n", "label": "support", "question": "Argument 1: plastic surgery can help people overcome their insecurities.\nArgument 2: Plastic surgery corrects disfigurement.\nQuestion: Do argument 1 and argument 2 support or counter each other? Answer in one word in the form of 'support' or 'counter'.\n\nAnswer:", "desc": "node_id,node_attr\n0,disfigurement\n1,lack of confidence\n2,insecurities\n3,being fixed\n4,plastic surgery\n\nsrc,edge_attr,dst\n0,causes,1\n1,causes,2\n2,capable of,3\n3,created by,4\n"}
{"id": 1952, "pred": "\n\n[INST] node_id,node_attr\n0,abolishing mandatory retirement\n1,harm\n2,younger workers", "label": "counter", "question": "Argument 1: Abolishing mandatory retirement will benefit society.\nArgument 2: Abolishing mandatory retirement will harm the employment chances of the younger workers.\nQuestion: Do argument 1 and argument 2 support or counter each other? Answer in one word in the form of 'support' or 'counter'.\n\nAnswer:", "desc": "node_id,node_attr\n0,abolishing mandatory retirement\n1,harm\n2,younger workers\n3,benefit society\n\nsrc,edge_attr,dst\n0,causes,1\n2,receives action,1\n1,not capable of,3\n"}
{"id": 1831, "pred": "\n\n[/SOL]\n\n[/SOL]\n\n[/SOL]\n\n[/SOL]\n\n[/", "label": "support", "question": "Argument 1: Wikipedia has other source of raising income than subsidy\nArgument 2: subsidizing wikipedia is unnecessary as it can get finance from other source like advertising\nQuestion: Do argument 1 and argument 2 support or counter each other? Answer in one word in the form of 'support' or 'counter'.\n\nAnswer:", "desc": "node_id,node_attr\n0,wikipedia\n1,receiving funds\n2,other source\n3,advertising\n4,subsidy\n\nsrc,edge_attr,dst\n0,capable of,1\n1,created by,2\n3,is not a,4\n2,has subevent,3\n"}
{"id": 261, "pred": "\n\n[/INST]\n\n[/INST]\n\n[/INST]\n\n[/INST]\n\n[/INST]\n\n", "label": "counter", "question": "Argument 1: The blockade should end.\nArgument 2: The blockade keeps the area safe.\nQuestion: Do argument 1 and argument 2 support or counter each other? Answer in one word in the form of 'support' or 'counter'.\n\nAnswer:", "desc": "node_id,node_attr\n0,the blockade\n1,barrier\n2,keeping\n3,area safe\n4,end\n\nsrc,edge_attr,dst\n0,is a,1\n1,used for,2\n2,used for,3\n3,not receives action,4\n"}
{"id": 1993, "pred": "\n\n[INST] node_id,node_attr\n0,others' ideas\n1,brainstorm\n2,more ideas\n3", "label": "support", "question": "Argument 1: IP copyrights should be banned.\nArgument 2: The more people can use others' ideas to brainstorm, the quicker we will be able to develop more ideas.\nQuestion: Do argument 1 and argument 2 support or counter each other? Answer in one word in the form of 'support' or 'counter'.\n\nAnswer:", "desc": "node_id,node_attr\n0,others' ideas\n1,brainstorm\n2,more ideas\n3,ip copyrights\n4,stifle creativity\n5,banned\n\nsrc,edge_attr,dst\n0,causes,1\n1,causes,2\n3,not has subevent,0\n3,capable of,4\n4,desires,5\n"}
{"id": 1255, "pred": "\n\n[/INST]\n\n[/INST]\n\n[/INST]\n\n[/INST]\n\n[/INST]\n\n", "label": "support", "question": "Argument 1: Gender neutral language is no better than current language.\nArgument 2: Even gender neutral terms are subject to gender bias and are no more helpful than current language.\nQuestion: Do argument 1 and argument 2 support or counter each other? Answer in one word in the form of 'support' or 'counter'.\n\nAnswer:", "desc": "node_id,node_attr\n0,gender neutral language\n1,has issues\n2,better than current\n3,gender neutral terms\n4,gender bias\n\nsrc,edge_attr,dst\n0,has context,1\n1,not capable of,2\n3,has property,4\n4,not has property,2\n"}
{"id": 700, "pred": "\n\nAnswer: [/INST]\n\nAnswer: [/INST]\n\nAnswer: [/INST]\n\nAnswer: [/INST]", "label": "counter", "question": "Argument 1: Payday loans are harmful.\nArgument 2: People can't always afford basic needs that payday loans allow.\nQuestion: Do argument 1 and argument 2 support or counter each other? Answer in one word in the form of 'support' or 'counter'.\n\nAnswer:", "desc": "node_id,node_attr\n0,payday loans\n1,basic needs\n2,people\n3,harmful\n\nsrc,edge_attr,dst\n0,capable of,1\n2,desires,1\n1,is not a,3\n"}
{"id": 2212, "pred": "\n\n[INST] node_id,node_attr\n0,certain cultures\n1,whaling\n2,important\n3,doing", "label": "counter", "question": "Argument 1: Whaling is so cruel to the endangered whale species, that you can't defend doing it.\nArgument 2: Whaling is important to certain cultures.\nQuestion: Do argument 1 and argument 2 support or counter each other? Answer in one word in the form of 'support' or 'counter'.\n\nAnswer:", "desc": "node_id,node_attr\n0,certain cultures\n1,whaling\n2,important\n3,doing it\n\nsrc,edge_attr,dst\n0,desires,1\n1,capable of,2\n0,desires,3\n"}
{"id": 1423, "pred": "\n\n\n\n\n", "label": "support", "question": "Argument 1: Economic sanction enables prevent bad behaviours of countries on others\nArgument 2: Economic sanction allow other countries to live without fear of being oppressed by other countries\nQuestion: Do argument 1 and argument 2 support or counter each other? Answer in one word in the form of 'support' or 'counter'.\n\nAnswer:", "desc": "node_id,node_attr\n0,economic sanction\n1,live without fear\n2,countries\n3,penalty\n4,prevent bad behaviors\n\nsrc,edge_attr,dst\n0,capable of,1\n2,desires,1\n0,is a,3\n3,capable of,4\n3,has context,2\n"}
{"id": 408, "pred": "\n\n[/INST]\n\n[/INST]\n\n[/INST]\n\n[/INST]\n\n[/INST]\n\n", "label": "counter", "question": "Argument 1: Social media is beneficial\nArgument 2: Social media is a bad way to keep people apart.\nQuestion: Do argument 1 and argument 2 support or counter each other? Answer in one word in the form of 'support' or 'counter'.\n\nAnswer:", "desc": "node_id,node_attr\n0,social media\n1,digital\n2,laziness\n3,keep people apart\n4,beneficial\n\nsrc,edge_attr,dst\n0,has property,1\n1,capable of,2\n2,causes,3\n3,is not a,4\n"}
{"id": 109, "pred": "\n\n# 1. algorithmic trading is more efficient\n\n## Support:\n\n* [1] algorithms are more efficient than human traders", "label": "support", "question": "Argument 1: algorithmic trading is more efficient\nArgument 2: algorithmic trading is the future that will advance the field\nQuestion: Do argument 1 and argument 2 support or counter each other? Answer in one word in the form of 'support' or 'counter'.\n\nAnswer:", "desc": "node_id,node_attr\n0,algorithmic\n1,algorithms\n2,artificial intelligence\n3,patterns\n4,efficient\n5,trading\n6,future\n\nsrc,edge_attr,dst\n0,created by,1\n1,used for,2\n2,capable of,3\n3,causes,4\n4,used for,5\n5,part of,6\n"}
{"id": 1361, "pred": "\n\nInput:\n0,song\n1,comes from idea\n2,profit\n3,initial idea\n\nOutput:\n0,support", "label": "support", "question": "Argument 1: If a song starts with an idea, the person who came up with the idea deserves to profit.\nArgument 2: Without the initial idea, there would be no song.\nQuestion: Do argument 1 and argument 2 support or counter each other? Answer in one word in the form of 'support' or 'counter'.\n\nAnswer:", "desc": "node_id,node_attr\n0,song\n1,comes from idea\n2,profit\n3,initial idea\n\nsrc,edge_attr,dst\n0,has context,1\n1,desires,2\n0,created by,3\n3,desires,2\n"}
{"id": 2483, "pred": "\n```\n\n### Question 3\n\n[INST] node_id,node_attr\n0,curing disease\n1,priority", "label": "counter", "question": "Argument 1: Human cloning cheapens life, since it makes copies of people, so it should be stopped.\nArgument 2: Curing disease is a priority.\nQuestion: Do argument 1 and argument 2 support or counter each other? Answer in one word in the form of 'support' or 'counter'.\n\nAnswer:", "desc": "node_id,node_attr\n0,curing disease\n1,priority\n2,human cloning\n3,be stopped\n\nsrc,edge_attr,dst\n0,is a,1\n2,capable of,0\n0,not desires,3\n"}
{"id": 2026, "pred": "\n\n[/INST]\n\n[/INST]\n\n[/INST]\n\n[/INST]\n\n[/INST]\n\n", "label": "counter", "question": "Argument 1: Judges should be impartial in their ruling.\nArgument 2: A judge ruling without accessing their emotions will not be able to effectively reason.\nQuestion: Do argument 1 and argument 2 support or counter each other? Answer in one word in the form of 'support' or 'counter'.\n\nAnswer:", "desc": "node_id,node_attr\n0,judges\n1,access their emotions\n2,effectively reason\n3,ruling\n\nsrc,edge_attr,dst\n0,desires,1\n1,causes,2\n2,causes,3\n"}
{"id": 1861, "pred": "\n\n[/INST]\n\n[/INST]\n\n[/INST]\n\n[/INST]\n\n[/INST]\n\n", "label": "counter", "question": "Argument 1: Young people need money compared to the older folks, so force them to retire\nArgument 2: Young mismanage all they have, so older folks should not be forced to retire.\nQuestion: Do argument 1 and argument 2 support or counter each other? Answer in one word in the form of 'support' or 'counter'.\n\nAnswer:", "desc": "node_id,node_attr\n0,older generation\n1,forced to retire\n2,young people\n3,younger generation\n4,older folks\n5,mismanage\n6,money\n\nsrc,edge_attr,dst\n0,not desires,1\n2,synonym of,3\n4,synonym of,0\n3,capable of,5\n5,has context,6\n3,antonym of,0\n"}
{"id": 1380, "pred": "\n\n[/INST]\n\n[/INST]\n\n[/INST]\n\n[/INST]\n\n[/INST]\n\n", "label": "support", "question": "Argument 1: Foster care harms children.\nArgument 2: Children who go through foster care are more likely to deal with mental health issues.\nQuestion: Do argument 1 and argument 2 support or counter each other? Answer in one word in the form of 'support' or 'counter'.\n\nAnswer:", "desc": "node_id,node_attr\n0,foster care\n1,negative effects\n2,harms children\n3,mental health issues\n\nsrc,edge_attr,dst\n0,has context,1\n1,capable of,2\n0,causes,3\n3,part of,1\n"}
{"id": 2426, "pred": "\n\n[/INST]\n\n[/INST]\n\n[/INST]\n\n[/INST]\n\n[/INST]\n\n", "label": "support", "question": "Argument 1: Human cloning should be banned.\nArgument 2: Human cloning is not moral.\nQuestion: Do argument 1 and argument 2 support or counter each other? Answer in one word in the form of 'support' or 'counter'.\n\nAnswer:", "desc": "node_id,node_attr\n0,human cloning\n1,moral\n2,bad effects\n3,banned\n\nsrc,edge_attr,dst\n0,is not a,1\n1,capable of,2\n2,desires,3\n"}
{"id": 2018, "pred": "\n\nAnswer: support\n\nAnswer: support\n\nAnswer: support\n\nAnswer: support\n\nAnswer: support\n\nAnswer: support\n\n", "label": "counter", "question": "Argument 1: Television cannot be abandoned as it is a necessity\nArgument 2: Television is fun but it distracts us and limits efficiency in day to day activities\nQuestion: Do argument 1 and argument 2 support or counter each other? Answer in one word in the form of 'support' or 'counter'.\n\nAnswer:", "desc": "node_id,node_attr\n0,television\n1,limits efficiency\n2,necessity\n3,abandoned\n\nsrc,edge_attr,dst\n0,capable of,1\n1,is not a,2\n1,capable of,3\n"}
{"id": 1731, "pred": "\n\n[/INST]\n\n[INST]\n[/INST]\n\n[INST]\n[/INST]\n\n[INST]\n", "label": "counter", "question": "Argument 1: school prayer is against the law and should not be in schools.\nArgument 2: praying is part of religion and therefore legal in schools according to our laws\nQuestion: Do argument 1 and argument 2 support or counter each other? Answer in one word in the form of 'support' or 'counter'.\n\nAnswer:", "desc": "node_id,node_attr\n0,praying\n1,religion\n2,school prayer\n3,legal\n4,against the law\n5,illegal\n6,in schools\n\nsrc,edge_attr,dst\n0,part of,1\n2,synonym of,0\n0,is a,3\n4,synonym of,5\n0,is not a,4\n0,not desires,6\n"}
{"id": 407, "pred": "\n\n[/INST]\n\n[INST]\n[/INST]\n\n[INST]\n[/INST]\n\n[INST]\n", "label": "support", "question": "Argument 1: Missionary work is manipulative.\nArgument 2: Many cultures change as a result of missionary work.\nQuestion: Do argument 1 and argument 2 support or counter each other? Answer in one word in the form of 'support' or 'counter'.\n\nAnswer:", "desc": "node_id,node_attr\n0,missionary work\n1,cultures change\n2,manipulative\n3,missionaries\n\nsrc,edge_attr,dst\n0,causes,1\n1,capable of,2\n3,part of,0\n"}
{"id": 67, "pred": "\n\n[/INST]\n\n[/INST]\n\n[/INST]\n\n[/INST]\n\n[/INST]\n\n", "label": "counter", "question": "Argument 1: Marijuana should be legally permissible, as it is proven to have medical benefits and can give relief against pain.\nArgument 2: While there are some benefits, allowing smoke into your lungs is dangerous and there are other ways to alleviate pain.\nQuestion: Do argument 1 and argument 2 support or counter each other? Answer in one word in the form of 'support' or 'counter'.\n\nAnswer:", "desc": "node_id,node_attr\n0,your lungs\n1,allowing smoke into\n2,illness\n3,un regulated treatment\n4,marijuana\n5,damage to lungs\n6,lung cancer\n7,pain\n8,marijuana legally permissible\n\nsrc,edge_attr,dst\n0,capable of,1\n1,causes,2\n2,not desires,3\n3,has context,4\n4,has subevent,5\n5,causes,6\n6,causes,7\n7,not desires,8\n"}
{"id": 568, "pred": "\n\n[INST]\n\nQuestion: Do argument 1 and argument 2 support or counter each other? Answer in one word in the form of '", "label": "counter", "question": "Argument 1: We need less government.\nArgument 2: More government interference can lead to practices that keep people safe.\nQuestion: Do argument 1 and argument 2 support or counter each other? Answer in one word in the form of 'support' or 'counter'.\n\nAnswer:", "desc": "node_id,node_attr\n0,more government interference\n1,safety\n2,less government\n3,keep people safe\n4,need\n\nsrc,edge_attr,dst\n0,causes,1\n1,not created by,2\n2,not capable of,3\n3,is a,4\n"}
{"id": 1000, "pred": "\n\n\n\n\n\n\n\n\n\n\n\n\n\n\n\n\n\n\n\n\n\n\n\n\n\n\n\n\n\n\n\n", "label": "counter", "question": "Argument 1: The surgery should not be banned\nArgument 2: The surgery can harm the patient\nQuestion: Do argument 1 and argument 2 support or counter each other? Answer in one word in the form of 'support' or 'counter'.\n\nAnswer:", "desc": "node_id,node_attr\n0,surgery\n1,harm\n2,patient\n3,banned\n\nsrc,edge_attr,dst\n0,capable of,1\n1,has context,2\n1,desires,3\n"}
{"id": 1536, "pred": "\n\n```\n\n### Instructions\n\n- The input file contains multiple instances of the same problem, and each instance has a different set of", "label": "support", "question": "Argument 1: Targeted killing should not be banned.\nArgument 2: Targeted killing focuses on terrible people.\nQuestion: Do argument 1 and argument 2 support or counter each other? Answer in one word in the form of 'support' or 'counter'.\n\nAnswer:", "desc": "node_id,node_attr\n0,targeted killing\n1,terrible people\n2,targeted killing justified\n3,banned\n\nsrc,edge_attr,dst\n0,used for,1\n1,has property,2\n2,not desires,3\n"}
{"id": 2603, "pred": "\n\nAnswer: [/INST]\n\nAnswer: [/INST]\n\nAnswer: [/INST]\n\nAnswer: [/INST]", "label": "support", "question": "Argument 1: cosmetic surgery has ruined society.\nArgument 2: Cosmetic surgery can be addicting.\nQuestion: Do argument 1 and argument 2 support or counter each other? Answer in one word in the form of 'support' or 'counter'.\n\nAnswer:", "desc": "node_id,node_attr\n0,cosmetic surgery\n1,addicting\n2,harms people\n3,ruined society\n\nsrc,edge_attr,dst\n0,causes,1\n1,capable of,2\n2,causes,3\n"}
{"id": 259, "pred": "\n\n[/INST]\n\nAnswer: [/INST]\n\n[/INST]\n\nAnswer: [/INST]\n\n[/", "label": "support", "question": "Argument 1: There is no real biological difference in the strength between women and men, so women should be able to fight as soldiers, should they choose to.\nArgument 2: Women hold other jobs involving strength, like firefighters and delivery workers with no problems.\nQuestion: Do argument 1 and argument 2 support or counter each other? Answer in one word in the form of 'support' or 'counter'.\n\nAnswer:", "desc": "node_id,node_attr\n0,women\n1,power\n2,strength\n3,fighting\n4,soldier\n5,fire fighter\n\nsrc,edge_attr,dst\n0,capable of,1\n1,used for,2\n2,used for,3\n3,part of,4\n4,is not a,5\n"}
{"id": 173, "pred": "\n\n[/INST]\n\n[INST] node_id,node_attr\n0,targeted killing\n1,terrorists\n2", "label": "support", "question": "Argument 1: Targeted killing makes the country safer.\nArgument 2: Targeted killing focuses on terrible people.\nQuestion: Do argument 1 and argument 2 support or counter each other? Answer in one word in the form of 'support' or 'counter'.\n\nAnswer:", "desc": "node_id,node_attr\n0,targeted killing\n1,terrorists\n2,terrible people\n3,killing innocents\n4,stopped\n5,country safer\n\nsrc,edge_attr,dst\n0,used for,1\n1,part of,2\n2,capable of,3\n3,capable of,4\n4,part of,5\n"}
{"id": 841, "pred": "\n\\end{code}\n\nAnswer: I think the problem is that you are using the same variable name in both the arguments and the question. You", "label": "support", "question": "Argument 1: We should not ban private military companies.\nArgument 2: Banning private military companies interferes in the free market.\nQuestion: Do argument 1 and argument 2 support or counter each other? Answer in one word in the form of 'support' or 'counter'.\n\nAnswer:", "desc": "node_id,node_attr\n0,private military companies\n1,organisation\n2,free market\n3,interference\n4,ban\n\nsrc,edge_attr,dst\n0,part of,1\n1,part of,2\n2,not desires,3\n3,created by,4\n"}
{"id": 786, "pred": "\n\n[/INST]\n\n[/INST]\n\n[/INST]\n\n[/INST]\n\n[/INST]\n\n", "label": "support", "question": "Argument 1: If someone hasn't learned by the third try, they're not going to learn at all.\nArgument 2: People can't always learn.\nQuestion: Do argument 1 and argument 2 support or counter each other? Answer in one word in the form of 'support' or 'counter'.\n\nAnswer:", "desc": "node_id,node_attr\n0,people\n1,always learn\n2,someone\n3,the third try\n\nsrc,edge_attr,dst\n0,not capable of,1\n0,synonym of,2\n1,has context,3\n"}
{"id": 2122, "pred": "\n\n### Output\n\n[INST] node_id,node_attr\n0,public defender\n1,greedy\n2,care", "label": "counter", "question": "Argument 1: the public defender system can benefit from wealthy people investment and thus should be made mandatory..\nArgument 2: some public defenders just care about money and not the case.\nQuestion: Do argument 1 and argument 2 support or counter each other? Answer in one word in the form of 'support' or 'counter'.\n\nAnswer:", "desc": "node_id,node_attr\n0,public defender\n1,greedy\n2,care about money\n3,benefit\n4,not the case\n\nsrc,edge_attr,dst\n0,capable of,1\n1,has context,2\n2,not capable of,3\n2,has property,4\n"}
{"id": 1234, "pred": "\n\n[INST] children,should_be_allowed_to_participate_in_acting,is_a,1,location,", "label": "counter", "question": "Argument 1: Children should be allowed to participate in acting.\nArgument 2: Children have long been abused in the culture of acting, and television media.\nQuestion: Do argument 1 and argument 2 support or counter each other? Answer in one word in the form of 'support' or 'counter'.\n\nAnswer:", "desc": "node_id,node_attr\n0,children\n1,long been abused\n2,culture of acting\n3,cruel and inhuman\n4,banned\n5,participate in acting\n6,television media\n\nsrc,edge_attr,dst\n0,is a,1\n1,at location,2\n3,desires,4\n4,receives action,5\n2,at location,6\n6,causes,3\n"}
{"id": 286, "pred": "\n\n### Instructions\n\nThe input consists of multiple instances of the following format:\n\n<pre>\n[INST] node_id", "label": "support", "question": "Argument 1: Factory farming should be banned.\nArgument 2: Factory farming is not humane.\nQuestion: Do argument 1 and argument 2 support or counter each other? Answer in one word in the form of 'support' or 'counter'.\n\nAnswer:", "desc": "node_id,node_attr\n0,factory farming\n1,bad\n2,humane\n3,inhumane\n4,banned\n\nsrc,edge_attr,dst\n0,has property,1\n1,is not a,2\n2,synonym of,3\n3,receives action,4\n"}
{"id": 1146, "pred": "\n\\end{code}\n\nAnswer: The answer is `support` because `television` is a subset of `house`.\n\nComment:", "label": "support", "question": "Argument 1: Television is fun and part of us already\nArgument 2: Almost everyone has a television in their house\nQuestion: Do argument 1 and argument 2 support or counter each other? Answer in one word in the form of 'support' or 'counter'.\n\nAnswer:", "desc": "node_id,node_attr\n0,television\n1,everyone\n2,fun\n3,house\n\nsrc,edge_attr,dst\n0,used for,1\n1,desires,2\n2,at location,3\n"}
{"id": 1213, "pred": "\n\n[INST]\nnode_id,node_attr\n0,more people\n1,watch media\n2,in other forms\n3,", "label": "support", "question": "Argument 1: television is too pase.\nArgument 2: more people tend to watch media in other forms.\nQuestion: Do argument 1 and argument 2 support or counter each other? Answer in one word in the form of 'support' or 'counter'.\n\nAnswer:", "desc": "node_id,node_attr\n0,more people\n1,watch media\n2,in other forms\n3,self pace\n4,more flexible\n5,too pase\n6,television\n\nsrc,edge_attr,dst\n0,desires,1\n1,at location,2\n2,capable of,3\n3,causes,4\n4,not causes,5\n5,created by,6\n"}
{"id": 423, "pred": "\n\n[/INST]\n\n[/INST]\n\n[/INST]\n\n[/INST]\n\n[/INST]\n\n", "label": "support", "question": "Argument 1: Intelligence tests devalue talents that society needs, because they only measure certain types of intelligence.\nArgument 2: Common sense is different than intelligence.\nQuestion: Do argument 1 and argument 2 support or counter each other? Answer in one word in the form of 'support' or 'counter'.\n\nAnswer:", "desc": "node_id,node_attr\n0,intelligence\n1,variability\n2,types of intelligence\n3,common sense\n4,real world experience\n5,talents\n6,iq\n7,intelligence tests\n8,relative to experience\n\nsrc,edge_attr,dst\n0,has property,1\n1,has context,2\n2,has property,3\n3,created by,4\n4,causes,5\n5,not part of,6\n6,has context,7\n7,is a,8\n"}
{"id": 2152, "pred": "\n[/INST]\n\n[/INST]\n[/INST]\n[/INST]\n[/INST]\n[/INST]\n", "label": "support", "question": "Argument 1: This system would get rid of people being able to get their preferred gender for their children.\nArgument 2: A system where people keep having more children just to choose the gender is wrong.\nQuestion: Do argument 1 and argument 2 support or counter each other? Answer in one word in the form of 'support' or 'counter'.\n\nAnswer:", "desc": "node_id,node_attr\n0,system\n1,child gender selection\n2,gender imbalance\n3,bad for society\n4,banned\n5,children\n\nsrc,edge_attr,dst\n0,used for,1\n1,capable of,2\n2,is a,3\n3,desires,4\n1,used for,5\n"}
{"id": 1710, "pred": "\n\n[/INST]\n\n[INST] node_id,node_attr\n0,peace and order\n1,maintain society", "label": "support", "question": "Argument 1: Government is necessary to maintain peace and order.\nArgument 2: Anarchy isn't peaceful.\nQuestion: Do argument 1 and argument 2 support or counter each other? Answer in one word in the form of 'support' or 'counter'.\n\nAnswer:", "desc": "node_id,node_attr\n0,peace and order\n1,maintain society\n2,government\n3,required\n4,anarchy\n5,peaceful\n6,necessary\n\nsrc,edge_attr,dst\n0,capable of,1\n2,is a,3\n4,is not a,5\n1,part of,5\n2,antonym of,4\n3,synonym of,6\n"}
{"id": 162, "pred": "\n\n[INST]\n\n[/INST]\n\n[INST]\n\n[/INST]\n\n[INST]\n\n[/INST", "label": "support", "question": "Argument 1: olympic games show off achievement\nArgument 2: the olympics showcases the best of the best.\nQuestion: Do argument 1 and argument 2 support or counter each other? Answer in one word in the form of 'support' or 'counter'.\n\nAnswer:", "desc": "node_id,node_attr\n0,olympic games\n1,worldwide game\n2,showcases the best\n3,show off achievement\n4,the olympics\n\nsrc,edge_attr,dst\n0,is a,1\n1,capable of,2\n2,part of,3\n3,created by,4\n"}
{"id": 654, "pred": "\n\n[/INST]\n\n[INST]\nQuestion: What is the relationship between argument 1 and argument 2?\n Answer in one word", "label": "support", "question": "Argument 1: Students have a right to express themselves any way possible, including faith.\nArgument 2: Religion is a personal choice\nQuestion: Do argument 1 and argument 2 support or counter each other? Answer in one word in the form of 'support' or 'counter'.\n\nAnswer:", "desc": "node_id,node_attr\n0,religion\n1,personal choice\n2,right\n3,express themselves\n\nsrc,edge_attr,dst\n0,is a,1\n1,is a,2\n1,capable of,3\n"}
{"id": 2130, "pred": "\n\n### Instructions\n\n1. The first argument is node_id.\n2. The second argument is node_attr.\n3", "label": "counter", "question": "Argument 1: The holocaust should never be denied.\nArgument 2: People can have their own opinions and it should not be criminalized.\nQuestion: Do argument 1 and argument 2 support or counter each other? Answer in one word in the form of 'support' or 'counter'.\n\nAnswer:", "desc": "node_id,node_attr\n0,people\n1,own opinions\n2,not be criminalized\n3,never be denied\n4,the holocaust\n\nsrc,edge_attr,dst\n0,capable of,1\n1,desires,2\n1,desires,3\n4,part of,1\n"}
{"id": 742, "pred": "\n\n\"\"\"\n\nimport sys\nimport os\nimport re\nimport json\nimport copy\n\n\nclass Instantiate(object):\n   ", "label": "support", "question": "Argument 1: School uniforms are good at eliminating class bias.\nArgument 2: School uniforms are good at reducing class bias, eliminating such bias might require more resources than just a uniform.\nQuestion: Do argument 1 and argument 2 support or counter each other? Answer in one word in the form of 'support' or 'counter'.\n\nAnswer:", "desc": "node_id,node_attr\n0,school uniforms\n1,elimination\n2,class bias\n3,schools\n\nsrc,edge_attr,dst\n0,used for,1\n1,part of,2\n2,at location,3\n"}
{"id": 1726, "pred": "\n", "label": "counter", "question": "Argument 1: church of scientology brainwashes their members into giving them huge sums of money.\nArgument 2: Some religious people attend church of scientology to get self-knowledge and spiritual fulfillment\nQuestion: Do argument 1 and argument 2 support or counter each other? Answer in one word in the form of 'support' or 'counter'.\n\nAnswer:", "desc": "node_id,node_attr\n0,church of scientology\n1,spiritual fulfillment\n2,helps members\n3,gratitude\n4,willingly donate\n5,brainwashes\n6,sums of money\n\nsrc,edge_attr,dst\n0,has subevent,1\n1,is a,2\n2,causes,3\n3,causes,4\n4,is not a,5\n4,has property,6\n"}
{"id": 221, "pred": "\n\n\n\n[/INST]\n\n\n\n[/INST]\n\n\n\n[/INST]\n\n\n\n[/INST]", "label": "counter", "question": "Argument 1: We should end the old practice because it has created tension\nArgument 2: We should not end this old practice because we have learned a lot from it.\nQuestion: Do argument 1 and argument 2 support or counter each other? Answer in one word in the form of 'support' or 'counter'.\n\nAnswer:", "desc": "node_id,node_attr\n0,old practice\n1,learned a lot\n2,tension\n3,new models\n4,new practices\n5,troubleshooting\n6,end old practices\n\nsrc,edge_attr,dst\n0,has subevent,1\n1,not causes,2\n2,created by,3\n3,desires,4\n4,not has property,5\n5,not desires,6\n"}
{"id": 2163, "pred": "\n\n[INST]\n\n0,mandatory retirement age,support\n1,loss of experience,counter\n2,workforce,support", "label": "counter", "question": "Argument 1: Mandatory retirement age will allow young workers to be able to predictably enter the workforce.\nArgument 2: Forcing older people to retire, means less qualified and experienced people will enter the workforce.\nQuestion: Do argument 1 and argument 2 support or counter each other? Answer in one word in the form of 'support' or 'counter'.\n\nAnswer:", "desc": "node_id,node_attr\n0,mandatory retirement age\n1,loss of experience\n2,workforce\n3,young workers\n4,less qualified\n5,poorer quality work\n\nsrc,edge_attr,dst\n0,causes,1\n1,at location,2\n1,receives action,3\n3,has property,4\n4,causes,5\n"}
{"id": 368, "pred": "\n\n[/INST]\n\nAnswer: [/INST]\n\n[/INST]\n\nAnswer: [/INST]\n\n[/", "label": "support", "question": "Argument 1: Factory farming should be supported.\nArgument 2: Factory farming feeds millions of people.\nQuestion: Do argument 1 and argument 2 support or counter each other? Answer in one word in the form of 'support' or 'counter'.\n\nAnswer:", "desc": "node_id,node_attr\n0,factory farming\n1,cheap meals\n2,millions of people\n3,should be supported\n\nsrc,edge_attr,dst\n0,capable of,1\n1,used for,2\n2,desires,3\n"}
{"id": 2424, "pred": "\n\\end{code}\n\nComment: Welcome to SO. Please take the [tour] and read [ask].\n\nAnswer: I am", "label": "support", "question": "Argument 1: atheism is not legitimate.\nArgument 2: Atheism is not legitimate as far too many are religious.\nQuestion: Do argument 1 and argument 2 support or counter each other? Answer in one word in the form of 'support' or 'counter'.\n\nAnswer:", "desc": "node_id,node_attr\n0,many are religious\n1,atheism\n2,recognized\n3,legitimate\n\nsrc,edge_attr,dst\n0,not desires,1\n1,not capable of,2\n2,is not a,3\n"}
{"id": 2419, "pred": "\n\n[/INST]\n\n[/INST]\n\n[/INST]\n\n[/INST]\n\n[/INST]\n\n", "label": "support", "question": "Argument 1: Urbanization is good if approached intelligently.\nArgument 2: Urbanization is good only if people solve some difficult environmental issues.\nQuestion: Do argument 1 and argument 2 support or counter each other? Answer in one word in the form of 'support' or 'counter'.\n\nAnswer:", "desc": "node_id,node_attr\n0,urbanization\n1,environmental issues\n2,pollution\n3,destruction\n4,climate action\n5,approached intelligently\n\nsrc,edge_attr,dst\n0,causes,1\n1,part of,2\n2,capable of,3\n3,not created by,4\n4,desires,5\n"}
{"id": 1533, "pred": "\n\n[/INST]\n\n\n", "label": "counter", "question": "Argument 1: we should not abolish the Olympic games.\nArgument 2: the Olympic games may cause more pollution to a country.\nQuestion: Do argument 1 and argument 2 support or counter each other? Answer in one word in the form of 'support' or 'counter'.\n\nAnswer:", "desc": "node_id,node_attr\n0,olympic games\n1,cause more pollution\n2,not abolish\n3,country\n\nsrc,edge_attr,dst\n0,capable of,1\n1,desires,2\n3,not desires,1\n"}
{"id": 836, "pred": "\n\n[INST] node_id,node_attr\n0,social media\n1,protection\n2,security\n3,internet identity", "label": "counter", "question": "Argument 1: Social media inhibits your security\nArgument 2: There are many security measures to protect us on social media\nQuestion: Do argument 1 and argument 2 support or counter each other? Answer in one word in the form of 'support' or 'counter'.\n\nAnswer:", "desc": "node_id,node_attr\n0,social media\n1,protection\n2,security\n3,internet identity\n\nsrc,edge_attr,dst\n0,capable of,1\n1,used for,2\n2,used for,3\n"}
{"id": 1723, "pred": "\n\n[/INST]\n\n[/INST]\n\n[/INST]\n\n[/INST]\n\n[/INST]\n\n", "label": "support", "question": "Argument 1: Holocaust denial is not criminal.\nArgument 2: Holocaust denial laws would be a form of thought control.\nQuestion: Do argument 1 and argument 2 support or counter each other? Answer in one word in the form of 'support' or 'counter'.\n\nAnswer:", "desc": "node_id,node_attr\n0,holocaust denial\n1,personal decision\n2,not criminal\n3,holocaust denial laws\n4,thought control\n\nsrc,edge_attr,dst\n0,is a,1\n1,has context,2\n3,used for,4\n4,not capable of,2\n"}
{"id": 461, "pred": "\n\n[/INST]\n\n[/INST]\n\n[/INST]\n\n[/INST]\n\n[/INST]\n\n", "label": "counter", "question": "Argument 1: Missionaries are deceptive.\nArgument 2: Missionaries help people in need.\nQuestion: Do argument 1 and argument 2 support or counter each other? Answer in one word in the form of 'support' or 'counter'.\n\nAnswer:", "desc": "node_id,node_attr\n0,missionaries\n1,helping\n2,deceptive\n3,people\n4,less privileged\n\nsrc,edge_attr,dst\n0,capable of,1\n1,is not a,2\n2,used for,3\n1,used for,4\n"}
{"id": 1917, "pred": "\n\n[INST] legalized organ trade\n0,legalized organ trade\n1,not legalized organ trade\n2,legalized organ trade\n", "label": "counter", "question": "Argument 1: Legalized organ trade would save lives.\nArgument 2: Legalized organ trade would not increase the number of competent doctors to perform transplants.\nQuestion: Do argument 1 and argument 2 support or counter each other? Answer in one word in the form of 'support' or 'counter'.\n\nAnswer:", "desc": "node_id,node_attr\n0,legalized organ trade\n1,increase the number\n2,competent doctors\n3,dangerous\n4,save lives\n\nsrc,edge_attr,dst\n0,not capable of,1\n1,has property,2\n0,capable of,3\n3,not capable of,4\n"}
{"id": 532, "pred": "\n\n[/INST]\n\n[/INST]\n\n[/INST]\n\n[/INST]\n\n[/INST]\n\n", "label": "support", "question": "Argument 1: Children learn better when their brain is spiritually balanced.\nArgument 2: learning is enhanced by relaxation\nQuestion: Do argument 1 and argument 2 support or counter each other? Answer in one word in the form of 'support' or 'counter'.\n\nAnswer:", "desc": "node_id,node_attr\n0,children\n1,learning\n2,spiritually balanced\n3,relaxation\n\nsrc,edge_attr,dst\n0,capable of,1\n1,created by,2\n2,causes,3\n"}
{"id": 1512, "pred": "\n\n```\n\n### \u9898\u76ee\u63cf\u8ff0\n\n[INST] node_id,node_attr\n0,target", "label": "support", "question": "Argument 1: Targeted killing is a positive for society.\nArgument 2: Targeted killing gets rid of terrorists.\nQuestion: Do argument 1 and argument 2 support or counter each other? Answer in one word in the form of 'support' or 'counter'.\n\nAnswer:", "desc": "node_id,node_attr\n0,targeted killing\n1,rid of terrorists\n2,positive for society\n3,keep people safe\n\nsrc,edge_attr,dst\n0,capable of,1\n1,is a,2\n0,capable of,3\n"}
{"id": 2149, "pred": "\n\nAnswer: [/INST]\n\nAnswer: [/INST]\n\nAnswer: [/INST]\n\nAnswer: [/INST]", "label": "counter", "question": "Argument 1: LGBTQ tolerance is imperative.\nArgument 2: Old values do not need to be changed.\nQuestion: Do argument 1 and argument 2 support or counter each other? Answer in one word in the form of 'support' or 'counter'.\n\nAnswer:", "desc": "node_id,node_attr\n0,old values\n1,changed\n2,imperative\n3,tolerance\n\nsrc,edge_attr,dst\n0,not desires,1\n0,capable of,2\n3,not part of,0\n"}
{"id": 1455, "pred": "\n\nAnswer: [/INST]\n\nAnswer: [/INST]\n\nAnswer: [/INST]\n\nAnswer: [/INST]", "label": "counter", "question": "Argument 1: Gateway drugs should be illegal as they cause addiction.\nArgument 2: Addiction is only caused by heavy drugs.\nQuestion: Do argument 1 and argument 2 support or counter each other? Answer in one word in the form of 'support' or 'counter'.\n\nAnswer:", "desc": "node_id,node_attr\n0,heavy drugs\n1,addiction\n2,gateway drugs\n3,weaker\n4,illegal\n\nsrc,edge_attr,dst\n0,causes,1\n2,has context,3\n0,desires,4\n3,not causes,1\n"}
{"id": 679, "pred": "\n\n[/INST]\n\n[/INST]\n\n[/INST]\n\n[/INST]\n\n[/INST]\n\n", "label": "support", "question": "Argument 1: Public defenders should be mandatory.\nArgument 2: Public defenders are more accessible.\nQuestion: Do argument 1 and argument 2 support or counter each other? Answer in one word in the form of 'support' or 'counter'.\n\nAnswer:", "desc": "node_id,node_attr\n0,public defenders\n1,citizens\n2,good work\n3,more accessible\n4,mandatory\n\nsrc,edge_attr,dst\n0,used for,1\n1,desires,2\n2,part of,3\n3,receives action,4\n"}
{"id": 2078, "pred": "\n\nAnswer: [/INST]\n\nAnswer: [/INST]\n\nAnswer: [/INST]\n\nAnswer: [/INST]", "label": "support", "question": "Argument 1: Compensating only the executives greatly is not ideal.\nArgument 2: All workers have contributed greatly to the success of the company, executives only should not be compensated greatly\nQuestion: Do argument 1 and argument 2 support or counter each other? Answer in one word in the form of 'support' or 'counter'.\n\nAnswer:", "desc": "node_id,node_attr\n0,all workers\n1,contributed greatly\n2,compensated greatly\n3,company\n4,compensating\n5,executives\n\nsrc,edge_attr,dst\n0,capable of,1\n1,desires,2\n0,part of,3\n4,created by,3\n3,not made of,5\n"}
{"id": 900, "pred": "\n\n[/INST]\n\n[/INST]\n\n[/INST]\n\n[/INST]\n\n[/INST]\n\n", "label": "support", "question": "Argument 1: space exploration should be considered a waste of resources\nArgument 2: Space exploration cost us more money that can be diversified and used to protect lives and provide food on earth\nQuestion: Do argument 1 and argument 2 support or counter each other? Answer in one word in the form of 'support' or 'counter'.\n\nAnswer:", "desc": "node_id,node_attr\n0,space exploration\n1,unimportant\n2,waste of resources\n3,protect lives\n4,important\n\nsrc,edge_attr,dst\n0,has context,1\n1,capable of,2\n0,not part of,3\n3,capable of,4\n"}
{"id": 2245, "pred": "\n\n[/INST]\n\n[/INST]\n\n[/INST]\n\n[/INST]\n\n[/INST]\n\n", "label": "support", "question": "Argument 1: Three strikes laws increase the prison population\nArgument 2: The strikes laws do a good job of increasing the prison population.\nQuestion: Do argument 1 and argument 2 support or counter each other? Answer in one word in the form of 'support' or 'counter'.\n\nAnswer:", "desc": "node_id,node_attr\n0,the strikes laws\n1,prison population\n2,increasing\n3,three strikes laws\n\nsrc,edge_attr,dst\n0,causes,1\n1,has context,2\n2,created by,3\n"}
{"id": 2566, "pred": "\n\n[INST]\n\n0,1\n1,2\n2,3\n3,4\n4,5\n5,6\n6", "label": "support", "question": "Argument 1: People should not be taxed excessively.\nArgument 2: Lowering taxes increases the amount of money in people's pockets.\nQuestion: Do argument 1 and argument 2 support or counter each other? Answer in one word in the form of 'support' or 'counter'.\n\nAnswer:", "desc": "node_id,node_attr\n0,people\n1,money\n2,low tax\n3,taxed excessively\n4,lowering taxes\n\nsrc,edge_attr,dst\n0,desires,1\n1,created by,2\n2,is not a,3\n2,part of,4\n"}
{"id": 561, "pred": "\n\n[/INST]\n\nAnswer: [/INST]\n\n[/INST]\n\nAnswer: [/INST]\n\n[/", "label": "support", "question": "Argument 1: zero tolerance policy is not fair.\nArgument 2: Zero tolerance policy punishes children.\nQuestion: Do argument 1 and argument 2 support or counter each other? Answer in one word in the form of 'support' or 'counter'.\n\nAnswer:", "desc": "node_id,node_attr\n0,zero tolerance policy\n1,harm\n2,children\n3,punishment\n4,fair\n\nsrc,edge_attr,dst\n0,causes,1\n1,used for,2\n2,receives action,3\n3,not part of,4\n"}
{"id": 1967, "pred": "\n\n[INST]\n[/INST]\n[/INST]\n[/INST]\n[/INST]\n[/INST]\n[", "label": "counter", "question": "Argument 1: A man or a woman has the right to sell their body for sex.\nArgument 2: Bodily autonomy does not extend to selling your body for sex, as that is commerce.\nQuestion: Do argument 1 and argument 2 support or counter each other? Answer in one word in the form of 'support' or 'counter'.\n\nAnswer:", "desc": "node_id,node_attr\n0,sell their body\n1,bodily autonomy\n2,body for sex\n3,commerce\n\nsrc,edge_attr,dst\n0,not part of,1\n2,has context,3\n3,not part of,1\n"}
{"id": 838, "pred": "\n\n### Input Format\n\nThe input file contains two lines. The first line contains two integers n and m, which represents the number of nodes and", "label": "support", "question": "Argument 1: School uniforms are too expensive.\nArgument 2: School uniforms are not accessible.\nQuestion: Do argument 1 and argument 2 support or counter each other? Answer in one word in the form of 'support' or 'counter'.\n\nAnswer:", "desc": "node_id,node_attr\n0,school uniforms\n1,costly\n2,expensive\n3,accessible\n\nsrc,edge_attr,dst\n0,has property,1\n1,part of,2\n2,not has property,3\n"}
{"id": 1550, "pred": "\n\n[/INST]\n\n[/INST]\n\n[/INST]\n\n[/INST]\n\n[/INST]\n\n", "label": "counter", "question": "Argument 1: Women should not be going to war.\nArgument 2: Women and men are the same.\nQuestion: Do argument 1 and argument 2 support or counter each other? Answer in one word in the form of 'support' or 'counter'.\n\nAnswer:", "desc": "node_id,node_attr\n0,women and men\n1,the same\n2,same opportunities\n3,going to war\n4,women\n\nsrc,edge_attr,dst\n0,has context,1\n1,used for,2\n3,part of,2\n4,part of,0\n"}
{"id": 552, "pred": "\n```\n\n### Example 2\n\n```\n[INST] node_id,node_attr\n0,people\n1,freedom", "label": "support", "question": "Argument 1: People should be able to follow any doctrine.\nArgument 2: Religious freedom to believe in different doctrines is important.\nQuestion: Do argument 1 and argument 2 support or counter each other? Answer in one word in the form of 'support' or 'counter'.\n\nAnswer:", "desc": "node_id,node_attr\n0,people\n1,freedom\n2,choice\n3,follow any doctrine\n4,important\n\nsrc,edge_attr,dst\n0,capable of,1\n1,used for,2\n2,made of,3\n3,has property,4\n"}
{"id": 2537, "pred": "\n\n# Example 2\n\n[INST]\n1,capable of\n2,causes\n3,causes\n4,part of", "label": "support", "question": "Argument 1: Urbanization is worse for society.\nArgument 2: People have gotten sick from urbanization.\nQuestion: Do argument 1 and argument 2 support or counter each other? Answer in one word in the form of 'support' or 'counter'.\n\nAnswer:", "desc": "node_id,node_attr\n0,urbanization\n1,pollution\n2,bad air quality\n3,sick\n4,people\n5,society\n6,better life quality\n\nsrc,edge_attr,dst\n0,capable of,1\n1,causes,2\n2,causes,3\n3,part of,4\n4,part of,5\n5,desires,6\n"}
{"id": 958, "pred": "\n\n[INST]\n1,support\n2,counter\n\nsrc,edge_attr,dst\n0,has property,1\n1,", "label": "counter", "question": "Argument 1: Foster care provides needy children a stable home.\nArgument 2: Many people abuse the foster system for the support money provided by the government.\nQuestion: Do argument 1 and argument 2 support or counter each other? Answer in one word in the form of 'support' or 'counter'.\n\nAnswer:", "desc": "node_id,node_attr\n0,foster care\n1,dangerous\n2,desires\n3,support money\n4,children\n5,foster system\n\nsrc,edge_attr,dst\n0,has property,1\n1,created by,2\n2,used for,3\n3,not used for,4\n4,at location,5\n"}
{"id": 1058, "pred": "\n\nAnswer: [/INST]\n\nAnswer: [/INST]\n\nAnswer: [/INST]\n\nAnswer: [/INST]", "label": "counter", "question": "Argument 1: When we subsidize stay at home Dads they tend to be more productive\nArgument 2: Stay at home Dad tend to be lazy\nQuestion: Do argument 1 and argument 2 support or counter each other? Answer in one word in the form of 'support' or 'counter'.\n\nAnswer:", "desc": "node_id,node_attr\n0,dads\n1,hardworking\n2,stay at home\n3,productive\n4,lazy\n\nsrc,edge_attr,dst\n0,capable of,1\n1,created by,2\n2,not capable of,3\n3,created by,4\n"}
{"id": 2698, "pred": "\n\n[/INST]\n\n[/INST]\n\n[/INST]\n\n[/INST]\n\n[/INST]\n\n", "label": "counter", "question": "Argument 1: Atheism goes against our rights.\nArgument 2: The right to religion includes lack of religion.\nQuestion: Do argument 1 and argument 2 support or counter each other? Answer in one word in the form of 'support' or 'counter'.\n\nAnswer:", "desc": "node_id,node_attr\n0,personal beliefs\n1,right\n2,freedom of choice\n3,atheism\n4,religion\n5,rights\n\nsrc,edge_attr,dst\n0,is a,1\n0,has subevent,2\n2,used for,3\n2,used for,4\n1,part of,5\n"}
{"id": 1190, "pred": "\n\n[/INST]\n\n\n\n\n\n\n\n\n\n\n\n\n\n\n\n\n\n\n\n\n\n\n\n\n\n", "label": "support", "question": "Argument 1: It is not right to interfere with nature because we are not God.\nArgument 2: Nature is something that is not designed my mankind.\nQuestion: Do argument 1 and argument 2 support or counter each other? Answer in one word in the form of 'support' or 'counter'.\n\nAnswer:", "desc": "node_id,node_attr\n0,nature\n1,mankind\n2,god\n3,creation\n\nsrc,edge_attr,dst\n0,not created by,1\n1,is not a,2\n2,capable of,3\n"}
{"id": 2319, "pred": "\n\n[INST]\n1,missionaries\n1,religious beliefs\n1,impose\n2,work\n\nsrc,edge", "label": "support", "question": "Argument 1: Missionaries are the only ones benefiting from their work.\nArgument 2: The goal of missionaries is to impose their religious beliefs.\nQuestion: Do argument 1 and argument 2 support or counter each other? Answer in one word in the form of 'support' or 'counter'.\n\nAnswer:", "desc": "node_id,node_attr\n0,missionaries\n1,religious beliefs\n2,impose\n3,work\n\nsrc,edge_attr,dst\n0,used for,1\n1,receives action,2\n1,used for,3\n"}
{"id": 2541, "pred": "\n\n[INST]\n0,cosmetic surgery,cosmetic surgery\n1,happiness,happiness\n2,", "label": "support", "question": "Argument 1: cosmetic surgery improves self esteem.\nArgument 2: Cosmetic surgery makes people feel whole again.\nQuestion: Do argument 1 and argument 2 support or counter each other? Answer in one word in the form of 'support' or 'counter'.\n\nAnswer:", "desc": "node_id,node_attr\n0,cosmetic surgery\n1,happiness\n2,people\n3,self esteem\n\nsrc,edge_attr,dst\n0,causes,1\n1,used for,2\n2,desires,3\n"}
{"id": 73, "pred": "\n\n```\n[INST] node_id,node_attr\n0,algorithms\n1,trade\n2,stock market\n3,", "label": "support", "question": "Argument 1: Using computers to trade has bad consequences.\nArgument 2: Computers can be hacked.\nQuestion: Do argument 1 and argument 2 support or counter each other? Answer in one word in the form of 'support' or 'counter'.\n\nAnswer:", "desc": "node_id,node_attr\n0,algorithms\n1,trade\n2,stock market\n3,high security level\n4,hacked\n5,bad consequences\n6,computers\n\nsrc,edge_attr,dst\n0,has context,1\n1,has context,2\n2,receives action,3\n3,not desires,4\n4,is a,5\n6,has context,0\n"}
{"id": 478, "pred": "\n\nComment: Could you please give a short example?\n\nComment: I've updated the question with an example.\n\nComment: I don", "label": "support", "question": "Argument 1: The church of scientology is not safe and should not be allowed\nArgument 2: It would be best to ban the scientology church as they put people in danger.\nQuestion: Do argument 1 and argument 2 support or counter each other? Answer in one word in the form of 'support' or 'counter'.\n\nAnswer:", "desc": "node_id,node_attr\n0,church of scientology\n1,cult\n2,put people\n3,in danger\n4,not safe\n5,permitted\n\nsrc,edge_attr,dst\n0,is a,1\n1,capable of,2\n2,at location,3\n3,synonym of,4\n4,not desires,5\n"}
{"id": 2054, "pred": "\n\nAnswer: [/INST]\n\nAnswer: [/INST]\n\nAnswer: [/INST]\n\nAnswer: [/INST]", "label": "counter", "question": "Argument 1: Prostitution should be legalized.\nArgument 2: Prostitution is damaging to society.\nQuestion: Do argument 1 and argument 2 support or counter each other? Answer in one word in the form of 'support' or 'counter'.\n\nAnswer:", "desc": "node_id,node_attr\n0,prostitution\n1,harmful\n2,damaging to society\n3,legalized\n\nsrc,edge_attr,dst\n0,is a,1\n0,capable of,2\n2,not desires,3\n"}
{"id": 2702, "pred": "\n\n\n\n[/INST]\n\n\n\n[/INST]\n\n\n\n[/INST]\n\n\n\n[/INST]", "label": "counter", "question": "Argument 1: Human cloning  is great for medicine.\nArgument 2: Human cloning has many unknowns\nQuestion: Do argument 1 and argument 2 support or counter each other? Answer in one word in the form of 'support' or 'counter'.\n\nAnswer:", "desc": "node_id,node_attr\n0,bad\n1,great for medicine\n2,unintended consequences\n3,human cloning\n4,unknowns\n\nsrc,edge_attr,dst\n0,is not a,1\n2,capable of,0\n3,capable of,4\n4,capable of,2\n"}
{"id": 1239, "pred": "\n\n\n\n\n\n\n\n\n\n", "label": "support", "question": "Argument 1: A multi party system is not stable.\nArgument 2: A single party system would provide stability.\nQuestion: Do argument 1 and argument 2 support or counter each other? Answer in one word in the form of 'support' or 'counter'.\n\nAnswer:", "desc": "node_id,node_attr\n0,multi party system\n1,division\n2,not stable\n3,single party system\n4,stability\n\nsrc,edge_attr,dst\n0,capable of,1\n1,has context,2\n3,causes,4\n2,antonym of,4\n"}
{"id": 2510, "pred": "\n\n[/INST]\n\n[/INST]\n\n[/INST]\n\n[/INST]\n\n[/INST]\n\n", "label": "counter", "question": "Argument 1: Urbanization is bad for farmers.\nArgument 2: Urbanization will cause more people to move near farmers, causing more demand.\nQuestion: Do argument 1 and argument 2 support or counter each other? Answer in one word in the form of 'support' or 'counter'.\n\nAnswer:", "desc": "node_id,node_attr\n0,urbanization\n1,people near farmers\n2,more demand\n3,bad for farmers\n\nsrc,edge_attr,dst\n0,causes,1\n1,causes,2\n2,is not a,3\n"}
{"id": 1435, "pred": "\n\n[/INST]\n\n[/INST]\n\n[/INST]\n\n[/INST]\n\n[/INST]\n\n", "label": "support", "question": "Argument 1: The right is protected by the second amendment.\nArgument 2: The second amendment is part of the constitution.\nQuestion: Do argument 1 and argument 2 support or counter each other? Answer in one word in the form of 'support' or 'counter'.\n\nAnswer:", "desc": "node_id,node_attr\n0,the second amendment\n1,the constitution\n2,granted by\n3,the right\n4,bear arms\n\nsrc,edge_attr,dst\n0,part of,1\n2,has context,0\n3,used for,4\n4,is a,2\n"}
{"id": 1480, "pred": "\n\n\n\n\n\n\n\n", "label": "support", "question": "Argument 1: algorithmic trading is not always fair\nArgument 2: Not everyone has access to algorithmic trading.\nQuestion: Do argument 1 and argument 2 support or counter each other? Answer in one word in the form of 'support' or 'counter'.\n\nAnswer:", "desc": "node_id,node_attr\n0,algorithmic trading\n1,advanced technology\n2,everyone has access\n3,fair\n\nsrc,edge_attr,dst\n0,made of,1\n1,not has property,2\n2,not part of,3\n"}
{"id": 1558, "pred": "\n\n[/INST]\n\n[/INST]\n\n[/INST]\n\n[/INST]\n\n[/INST]\n\n", "label": "counter", "question": "Argument 1: Women should be allowed in combat roles.\nArgument 2: Combat roles have traditionally been reserved for men and not women.\nQuestion: Do argument 1 and argument 2 support or counter each other? Answer in one word in the form of 'support' or 'counter'.\n\nAnswer:", "desc": "node_id,node_attr\n0,combat roles\n1,reserved for men\n2,battle\n3,women\n4,females\n5,be allowed\n\nsrc,edge_attr,dst\n0,capable of,1\n0,part of,2\n3,synonym of,4\n4,not capable of,0\n2,not desires,5\n"}
{"id": 1771, "pred": "\n", "label": "counter", "question": "Argument 1: Student's aren't mature enough to be punished for their actions.\nArgument 2: Students are not babies, they can and should be held accountable for their bad actions.\nQuestion: Do argument 1 and argument 2 support or counter each other? Answer in one word in the form of 'support' or 'counter'.\n\nAnswer:", "desc": "node_id,node_attr\n0,students\n1,babies\n2,grown up\n3,mature enough\n4,punished\n5,held accountable\n6,actions\n\nsrc,edge_attr,dst\n0,is not a,1\n0,capable of,2\n2,synonym of,3\n2,capable of,4\n4,synonym of,5\n5,has context,6\n"}
{"id": 535, "pred": "\n\n[INST]\nnode_id,node_attr\n0,church of scientology\n1,silenced people\n2,bad\n", "label": "counter", "question": "Argument 1: the church of scientology should not be banned.\nArgument 2: The church of scientology has silenced people.\nQuestion: Do argument 1 and argument 2 support or counter each other? Answer in one word in the form of 'support' or 'counter'.\n\nAnswer:", "desc": "node_id,node_attr\n0,church of scientology\n1,silenced people\n2,bad\n3,banned\n\nsrc,edge_attr,dst\n0,capable of,1\n1,has context,2\n2,desires,3\n"}
{"id": 2369, "pred": "\n```\n\n### Sample 2\n\n```\n[INST] node_id,node_attr\n0,marriage\n1,lo", "label": "support", "question": "Argument 1: marriage is the best for a family unit.\nArgument 2: Marriage is a predictor of health and happiness.\nQuestion: Do argument 1 and argument 2 support or counter each other? Answer in one word in the form of 'support' or 'counter'.\n\nAnswer:", "desc": "node_id,node_attr\n0,marriage\n1,love\n2,health and happiness\n3,family unit\n\nsrc,edge_attr,dst\n0,created by,1\n1,causes,2\n2,used for,3\n"}
{"id": 2501, "pred": "\n\n[/INST]\n\n[/INST]\n\n[/INST]\n\n[/INST]\n\n[/INST]\n\n", "label": "counter", "question": "Argument 1: Human cloning is positive for society.\nArgument 2: Human cloning is dangerous.\nQuestion: Do argument 1 and argument 2 support or counter each other? Answer in one word in the form of 'support' or 'counter'.\n\nAnswer:", "desc": "node_id,node_attr\n0,human cloning\n1,confusion\n2,dangerous\n3,society\n4,positive\n\nsrc,edge_attr,dst\n0,causes,1\n1,is a,2\n2,at location,3\n2,is not a,4\n"}
{"id": 2171, "pred": "\n\n[/INST]\n\n[/INST]\n\n[/INST]\n\n[/INST]\n\n[/INST]\n\n", "label": "counter", "question": "Argument 1: A person has a right to take a vow of celibacy.\nArgument 2: A vow of celibacy affects more than just the person taking the vow, such as parents who want grandchildren.\nQuestion: Do argument 1 and argument 2 support or counter each other? Answer in one word in the form of 'support' or 'counter'.\n\nAnswer:", "desc": "node_id,node_attr\n0,vow of celibacy\n1,affects more\n2,parents\n3,person\n\nsrc,edge_attr,dst\n0,causes,1\n2,part of,1\n2,part of,3\n"}
{"id": 270, "pred": "\n\n[/INST]\n\n\n[INST] node_id,node_attr\n0,missionary help\n1,help from charities", "label": "support", "question": "Argument 1: missionary help has been beneficial to people in poor countries.\nArgument 2: people in poor countries need help from charities to survive.\nQuestion: Do argument 1 and argument 2 support or counter each other? Answer in one word in the form of 'support' or 'counter'.\n\nAnswer:", "desc": "node_id,node_attr\n0,missionary help\n1,help from charities\n2,beneficial to people\n3,need help\n4,to survive\n5,poor countries\n\nsrc,edge_attr,dst\n0,has subevent,1\n1,has property,2\n2,has context,3\n4,at location,5\n3,used for,4\n"}
{"id": 1027, "pred": "\n\n### 2.2.3.2.2.1.1\n\n[INST] node_id,node_attr\n0", "label": "support", "question": "Argument 1: Space has been explored, and needs no further exploration.\nArgument 2: There is no need to explore the earth, or the cosmos further.\nQuestion: Do argument 1 and argument 2 support or counter each other? Answer in one word in the form of 'support' or 'counter'.\n\nAnswer:", "desc": "node_id,node_attr\n0,space\n1,nothing\n2,has been explored\n3,need to explore\n4,further exploration\n5,cosmos further\n\nsrc,edge_attr,dst\n0,has property,1\n1,created by,2\n2,not receives action,3\n3,part of,4\n4,part of,5\n"}
{"id": 2506, "pred": "\n\n[/INST]\n", "label": "support", "question": "Argument 1: Cosmetic surgery is not helpful\nArgument 2: People often change their minds\nQuestion: Do argument 1 and argument 2 support or counter each other? Answer in one word in the form of 'support' or 'counter'.\n\nAnswer:", "desc": "node_id,node_attr\n0,cosmetic surgery\n1,people\n2,changing\n3,minds\n4,surgery\n5,helpful\n\nsrc,edge_attr,dst\n0,used for,1\n1,capable of,2\n2,used for,3\n3,desires,4\n4,not capable of,5\n"}
{"id": 765, "pred": "\n\n[/INST]\n\n[/INST]\n\n[/INST]\n\n[/INST]\n\n[/INST]\n\n", "label": "support", "question": "Argument 1: School uniforms are good at making more united communities.\nArgument 2: School uniforms are bad at highlighting individuals, which creates some sense of equality.\nQuestion: Do argument 1 and argument 2 support or counter each other? Answer in one word in the form of 'support' or 'counter'.\n\nAnswer:", "desc": "node_id,node_attr\n0,school uniforms\n1,highlighting individuals\n2,sense of equality\n3,united communities\n\nsrc,edge_attr,dst\n0,not capable of,1\n1,not capable of,2\n2,capable of,3\n"}
{"id": 240, "pred": "\n\n[/INST]\n\n[/INST]\n\n[/INST]\n\n[/INST]\n\n[/INST]\n\n", "label": "support", "question": "Argument 1: A blockade in international waters can be effective for security, as has been done when the US and Britain blockaded Germany and Japan.\nArgument 2: Protection from blockades can't be compromised\nQuestion: Do argument 1 and argument 2 support or counter each other? Answer in one word in the form of 'support' or 'counter'.\n\nAnswer:", "desc": "node_id,node_attr\n0,international waters\n1,protection\n2,security\n3,blockades\n4,countries\n\nsrc,edge_attr,dst\n0,desires,1\n1,causes,2\n2,created by,3\n3,used for,4\n"}
{"id": 2037, "pred": "\n\n[/INST]\n\n[INST] node_id,node_attr\n0,economic sanctions\n1,punishment", "label": "counter", "question": "Argument 1: Economic sanctions should cease to exist.\nArgument 2: Economic sanctions are necessary for punishment.\nQuestion: Do argument 1 and argument 2 support or counter each other? Answer in one word in the form of 'support' or 'counter'.\n\nAnswer:", "desc": "node_id,node_attr\n0,economic sanctions\n1,punishment\n2,necessary\n3,cease to exist\n\nsrc,edge_attr,dst\n0,used for,1\n1,capable of,2\n2,not desires,3\n"}
{"id": 1914, "pred": "\n\n[/INST]\n\n[/INST]\n\n[/INST]\n\n[/INST]\n\n[/INST]\n\n", "label": "counter", "question": "Argument 1: Subsidizing student loans is important to students.\nArgument 2: The government is already saddled with debt, and subsidizing student loans will only make it worse.\nQuestion: Do argument 1 and argument 2 support or counter each other? Answer in one word in the form of 'support' or 'counter'.\n\nAnswer:", "desc": "node_id,node_attr\n0,subsidizing student loans\n1,debt\n2,government\n3,getting worse\n4,students\n\nsrc,edge_attr,dst\n0,causes,1\n2,not desires,1\n1,capable of,3\n4,causes,1\n"}
{"id": 2660, "pred": "\n", "label": "support", "question": "Argument 1: Every person deserves to believe whatever they want, and not be forced to accept what atheists believe.\nArgument 2: People believe many different things.\nQuestion: Do argument 1 and argument 2 support or counter each other? Answer in one word in the form of 'support' or 'counter'.\n\nAnswer:", "desc": "node_id,node_attr\n0,every person\n1,people\n2,believe\n3,choice\n4,whatever they want\n5,forced\n6,freedom of religion\n7,atheists\n\nsrc,edge_attr,dst\n0,synonym of,1\n1,capable of,2\n2,is a,3\n3,has context,4\n3,antonym of,5\n1,has property,6\n6,has context,7\n6,is not a,5\n"}
{"id": 422, "pred": "\n\n\n\n\n\n", "label": "support", "question": "Argument 1: Religious communities can pressure people to become missionaries so missionary work should be banned.\nArgument 2: Some people believe missionary work is important but too many people are manipulated into doing it for it not to be banned.\nQuestion: Do argument 1 and argument 2 support or counter each other? Answer in one word in the form of 'support' or 'counter'.\n\nAnswer:", "desc": "node_id,node_attr\n0,missionary work\n1,manipulated\n2,pressure people\n3,banned\n\nsrc,edge_attr,dst\n0,capable of,1\n1,synonym of,2\n1,desires,3\n"}
{"id": 1114, "pred": "\n\n[/INST]\n\nAnswer: [/INST]\n\n[/INST]\n\nAnswer: [/INST]\n\n[/", "label": "support", "question": "Argument 1: money is used by everyone\nArgument 2: Everyone needs money in other to go on with their day today transactions\nQuestion: Do argument 1 and argument 2 support or counter each other? Answer in one word in the form of 'support' or 'counter'.\n\nAnswer:", "desc": "node_id,node_attr\n0,money\n1,daily activities\n2,day today transactions\n3,everyone\n\nsrc,edge_attr,dst\n0,used for,1\n1,part of,2\n2,used for,3\n"}
{"id": 426, "pred": "\n\n[/INST]\n\n[/INST]\n\n[/INST]\n\n[/INST]\n\n[/INST]\n\n", "label": "counter", "question": "Argument 1: Factory farming abuses animals.\nArgument 2: Factory farming feeds millions.\nQuestion: Do argument 1 and argument 2 support or counter each other? Answer in one word in the form of 'support' or 'counter'.\n\nAnswer:", "desc": "node_id,node_attr\n0,factory farming\n1,cheap meals\n2,feeds millions\n3,abuses animals\n\nsrc,edge_attr,dst\n0,capable of,1\n1,used for,2\n2,not created by,3\n"}
{"id": 1078, "pred": "\n", "label": "support", "question": "Argument 1: Subsidizing journalism allows for efficient information.\nArgument 2: When journalism is subsidized journalist tend to provide fact because they are well encouraged\nQuestion: Do argument 1 and argument 2 support or counter each other? Answer in one word in the form of 'support' or 'counter'.\n\nAnswer:", "desc": "node_id,node_attr\n0,journalism is subsidized\n1,journalist\n2,well encouraged\n3,efficient information\n4,difficulty in funding\n5,subsidizing\n\nsrc,edge_attr,dst\n0,used for,1\n1,desires,2\n2,causes,3\n3,not created by,4\n4,desires,5\n"}
{"id": 1511, "pred": "\n\n[/INST]\n\n[/INST]\n\n[/INST]\n\n[/INST]\n\n[/INST]\n\n", "label": "counter", "question": "Argument 1: The Olympic games are outdated and uninteresting.\nArgument 2: The Olympic games are a longstanding tradition\nQuestion: Do argument 1 and argument 2 support or counter each other? Answer in one word in the form of 'support' or 'counter'.\n\nAnswer:", "desc": "node_id,node_attr\n0,the olympic games\n1,started centuries ago\n2,advancements and improvements\n3,new games added\n4,outdated\n5,uninteresting\n6,longstanding tradition\n\nsrc,edge_attr,dst\n0,has property,1\n0,capable of,2\n2,causes,3\n2,not causes,4\n3,is not a,5\n1,has property,6\n"}
{"id": 867, "pred": "\n\n[INST] node_id,node_attr\n0,college\n1,expensive\n2,subsidized\n3,", "label": "support", "question": "Argument 1: student loans should be subsidized.\nArgument 2: Student loans help to foster the next generation of leaders.\nQuestion: Do argument 1 and argument 2 support or counter each other? Answer in one word in the form of 'support' or 'counter'.\n\nAnswer:", "desc": "node_id,node_attr\n0,college\n1,expensive\n2,subsidized\n3,leaders\n4,student loans\n\nsrc,edge_attr,dst\n0,capable of,1\n1,desires,2\n3,desires,0\n1,desires,4\n"}
{"id": 1450, "pred": "\n\nAnswer: [/INST]\n\nAnswer: [/INST]\n\nAnswer: [/INST]\n\nAnswer: [/INST]", "label": "support", "question": "Argument 1: Women should be allowed to serve.\nArgument 2: Some women serve in the military.\nQuestion: Do argument 1 and argument 2 support or counter each other? Answer in one word in the form of 'support' or 'counter'.\n\nAnswer:", "desc": "node_id,node_attr\n0,military\n1,variety of roles\n2,suited to women\n3,women serve\n4,allowed to serve\n5,women\n\nsrc,edge_attr,dst\n0,desires,1\n1,has property,2\n2,receives action,3\n3,created by,4\n2,receives action,5\n"}
{"id": 1936, "pred": "\n\nAnswer: 1\n\nAnswer: 2\n\nAnswer: 4\n\nAnswer: 3\n\nAnswer: 5\n\n", "label": "support", "question": "Argument 1: Assisted suicide shouldn't be illegal because it gives the patient control over end of life decisions.\nArgument 2: It is more compassionate to help someone pass than to make them suffer in physical or mental pain.\nQuestion: Do argument 1 and argument 2 support or counter each other? Answer in one word in the form of 'support' or 'counter'.\n\nAnswer:", "desc": "node_id,node_attr\n0,assisted suicide\n1,compassionate\n2,end\n3,patient control\n4,illegal\n5,pearson terminal illnesses\n6,suffer\n\nsrc,edge_attr,dst\n0,has property,1\n2,has context,3\n1,not desires,4\n5,capable of,6\n6,desires,2\n6,receives action,0\n"}
{"id": 1376, "pred": "\n\n[/INST]\n\n[INST] node_id,node_attr\n0,children\n1,boy or girl\n2,cons", "label": "support", "question": "Argument 1: Children should be loved and cherished regardless of gender allocation\nArgument 2: Children can be considered a gift to their parents.\nQuestion: Do argument 1 and argument 2 support or counter each other? Answer in one word in the form of 'support' or 'counter'.\n\nAnswer:", "desc": "node_id,node_attr\n0,children\n1,boy or girl\n2,considered a gift\n3,their parents\n4,loved and cherished\n5,notwithstanding gender allocation\n\nsrc,edge_attr,dst\n0,created by,1\n1,is a,2\n2,used for,3\n3,desires,4\n4,has context,5\n"}
{"id": 208, "pred": "\n\n[/INST]\n\n[INST] node_id,node_attr\n0,iran\n1,military regime\n2", "label": "support", "question": "Argument 1: The Gaza blockade helps protecting the people and prevents the takeover of Iran.\nArgument 2: If we want to prevent the takeover from the Iran and to protect the people of Gaza, we should allow this blockade.\nQuestion: Do argument 1 and argument 2 support or counter each other? Answer in one word in the form of 'support' or 'counter'.\n\nAnswer:", "desc": "node_id,node_attr\n0,iran\n1,military regime\n2,gaza strip\n3,blockade\n4,protect the people\n5,peace in region\n6,takeover\n7,terror attacks\n\nsrc,edge_attr,dst\n0,is a,1\n2,has context,3\n3,has property,4\n4,has subevent,5\n1,desires,6\n6,has context,7\n7,at location,2\n"}
{"id": 210, "pred": "\n\n\n\n### Input\n\n\n\n| node_id | node_attr | src | edge_attr | dst |\n| --- |", "label": "support", "question": "Argument 1: I do not  support wrong things.\nArgument 2: I do not support funding stem cell research.\nQuestion: Do argument 1 and argument 2 support or counter each other? Answer in one word in the form of 'support' or 'counter'.\n\nAnswer:", "desc": "node_id,node_attr\n0,stem cell research\n1,wrong things\n2,funding\n3,support\n\nsrc,edge_attr,dst\n0,part of,1\n1,desires,2\n2,part of,3\n"}
{"id": 1208, "pred": "\n\n\n\n\n\n\n\n\n\n\n\n\n\n\n\n\n\n\n\n\n\n\n\n\n\n\n\n\n\n\n\n", "label": "support", "question": "Argument 1: safe spaces are necessary.\nArgument 2: Safe spaces allow for freedom of expression.\nQuestion: Do argument 1 and argument 2 support or counter each other? Answer in one word in the form of 'support' or 'counter'.\n\nAnswer:", "desc": "node_id,node_attr\n0,safe spaces\n1,important\n2,necessary\n3,freedom of expression\n\nsrc,edge_attr,dst\n0,has context,1\n1,has context,2\n0,causes,3\n3,has context,1\n"}
{"id": 1640, "pred": "\n\n# Arg1: Missionary work takes advantage of the hospitality of third world countries, and manipulates them into believing what we want them", "label": "counter", "question": "Argument 1: Missionary work takes advantage of the hospitality of third world countries, and manipulates them into believing what we want them to believe.\nArgument 2: Third world countries are smart enough to not be manipulated\nQuestion: Do argument 1 and argument 2 support or counter each other? Answer in one word in the form of 'support' or 'counter'.\n\nAnswer:", "desc": "node_id,node_attr\n0,third world countries\n1,smart\n2,not be manipulated\n3,takes advantage\n\nsrc,edge_attr,dst\n0,has context,1\n1,has property,2\n2,not capable of,3\n"}
{"id": 976, "pred": "\n\n[/INST]\n\n[/INST]\n\n[/INST]\n\n[/INST]\n\n[/INST]\n\n", "label": "support", "question": "Argument 1: Student loans should be subsidized in other to ease financial hardship on students\nArgument 2: Students needs to be eased of their financial hardship as they are the future leaders\nQuestion: Do argument 1 and argument 2 support or counter each other? Answer in one word in the form of 'support' or 'counter'.\n\nAnswer:", "desc": "node_id,node_attr\n0,student loans\n1,expensive\n2,subsidized\n3,students\n4,financial hardship\n\nsrc,edge_attr,dst\n0,has context,1\n1,desires,2\n3,not desires,4\n2,not has context,4\n"}
{"id": 194, "pred": "\n\n[ENST]\n0,economic sanctions\n1,keep out bad\n2,unwanted goods\n3,regulations", "label": "support", "question": "Argument 1: It is a good way to keep out bad goods.\nArgument 2: It should be continued to not have unwanted goods.\nQuestion: Do argument 1 and argument 2 support or counter each other? Answer in one word in the form of 'support' or 'counter'.\n\nAnswer:", "desc": "node_id,node_attr\n0,economic sanctions\n1,keep out bad\n2,unwanted goods\n3,regulations\n4,black market\n5,sanctions and blockades\n6,good way\n7,should be continued\n\nsrc,edge_attr,dst\n0,causes,1\n1,has context,2\n2,desires,3\n3,not part of,4\n4,not has subevent,5\n5,is a,6\n6,desires,7\n"}
{"id": 99, "pred": "\n\n```\n\n### Output\n\n```\n[INST] node_id,node_attr\n0,when\n1,people suffer pain", "label": "support", "question": "Argument 1: Cannabis should be legalized.\nArgument 2: When cannabis is legal, there is less conflict.\nQuestion: Do argument 1 and argument 2 support or counter each other? Answer in one word in the form of 'support' or 'counter'.\n\nAnswer:", "desc": "node_id,node_attr\n0,when\n1,people suffer pain\n2,cannabis\n3,legal\n4,less conflict\n5,legalized\n\nsrc,edge_attr,dst\n0,has subevent,1\n1,desires,2\n2,desires,3\n3,causes,4\n4,desires,5\n"}
{"id": 1518, "pred": "\n\n[/INST]\n\n[/INST]\n\n[/INST]\n\n[/INST]\n\n[/INST]\n\n", "label": "support", "question": "Argument 1: the olympics should no longer exist\nArgument 2: the olympics are too much effort.\nQuestion: Do argument 1 and argument 2 support or counter each other? Answer in one word in the form of 'support' or 'counter'.\n\nAnswer:", "desc": "node_id,node_attr\n0,logistical challenge\n1,too much effort\n2,the olympics\n3,no longer exist\n\nsrc,edge_attr,dst\n0,capable of,1\n2,is a,0\n1,desires,3\n"}
{"id": 1102, "pred": "\n\n```\n\n### [/INST] node_id,node_attr\n\n```\n[INST] node_id,node_attr", "label": "support", "question": "Argument 1: telemarketing is a nuisance\nArgument 2: telemarketing is not popular with many people\nQuestion: Do argument 1 and argument 2 support or counter each other? Answer in one word in the form of 'support' or 'counter'.\n\nAnswer:", "desc": "node_id,node_attr\n0,telemarketing\n1,bothersome\n2,nuisance\n3,not popular\n\nsrc,edge_attr,dst\n0,is a,1\n1,has context,2\n0,has context,3\n3,has context,2\n"}
{"id": 1321, "pred": "\n\n[INST] 0\n[INST] 1\n[INST] 2\n[INST] 3\n[INST] 4\n", "label": "counter", "question": "Argument 1: Subsidizing stay-at-home-dads is beneficial to society.\nArgument 2: Subsidizing stay-at-home dads removes them from the workforce and increases burden on taxpayers.\nQuestion: Do argument 1 and argument 2 support or counter each other? Answer in one word in the form of 'support' or 'counter'.\n\nAnswer:", "desc": "node_id,node_attr\n0,subsidizing stay-at-home-dads\n1,demotivated to work\n2,workforce\n3,increases burden\n4,taxpayers\n5,unfair\n6,good\n7,society\n8,removed them\n\nsrc,edge_attr,dst\n0,capable of,1\n2,causes,3\n3,used for,4\n4,is a,5\n5,not capable of,6\n6,at location,7\n1,causes,8\n8,at location,2\n"}
{"id": 767, "pred": "\n\n[INST]\n\n[/INST]\n\n[INST]\n\n[/INST]\n\n[INST]\n\n[/INST", "label": "counter", "question": "Argument 1: School uniforms make it easier for students to focus.\nArgument 2: School uniforms offer no outlet of self expression.\nQuestion: Do argument 1 and argument 2 support or counter each other? Answer in one word in the form of 'support' or 'counter'.\n\nAnswer:", "desc": "node_id,node_attr\n0,school uniforms\n1,self expression\n2,individuality\n3,students to focus\n4,distraction\n\nsrc,edge_attr,dst\n0,not capable of,1\n1,capable of,2\n1,not capable of,3\n2,capable of,4\n4,antonym of,3\n"}
{"id": 462, "pred": "\n\nAnswer: [/INST]\n\nAnswer: [/INST]\n\nAnswer: [/INST]\n\nAnswer: [/INST]", "label": "support", "question": "Argument 1: Factory farming should not be banned.\nArgument 2: Factory farming is a large portion of the food supply.\nQuestion: Do argument 1 and argument 2 support or counter each other? Answer in one word in the form of 'support' or 'counter'.\n\nAnswer:", "desc": "node_id,node_attr\n0,factory farming\n1,maximize food production\n2,large portion\n3,food supply\n4,positive\n5,banned\n\nsrc,edge_attr,dst\n0,capable of,1\n1,causes,2\n2,used for,3\n3,is a,4\n4,not desires,5\n"}
{"id": 1005, "pred": "\n\n\n\n\n\n", "label": "support", "question": "Argument 1: Telemarketers has nothing to offer only to rip people off their money\nArgument 2: Telemarketers operates online and mainly want to scam people and collect their money\nQuestion: Do argument 1 and argument 2 support or counter each other? Answer in one word in the form of 'support' or 'counter'.\n\nAnswer:", "desc": "node_id,node_attr\n0,telemarketers\n1,operates online\n2,scam people\n3,rip people off\n4,their money\n\nsrc,edge_attr,dst\n0,capable of,1\n0,desires,2\n2,synonym of,3\n2,has property,4\n"}
{"id": 1457, "pred": "\n\nAnswer:\n\nAnswer: support\n\nAnswer: counter\n\nAnswer: support\n\nAnswer: support\n\nAnswer: counter\n\nAnswer", "label": "support", "question": "Argument 1: Gateway drugs lead to addiction.\nArgument 2: Cannabis has not been proven to be safe.\nQuestion: Do argument 1 and argument 2 support or counter each other? Answer in one word in the form of 'support' or 'counter'.\n\nAnswer:", "desc": "node_id,node_attr\n0,cannabis\n1,gateway drugs\n2,safe\n3,addiction\n\nsrc,edge_attr,dst\n0,is a,1\n1,not capable of,2\n0,causes,3\n"}
{"id": 100, "pred": "\n\nAnswer: [/INST]\n\nAnswer: [/INST]\n\nAnswer: [/INST]\n\nAnswer: [/INST]", "label": "counter", "question": "Argument 1: Cannabis legalization should not happen.\nArgument 2: Most people use cannabis anyways.\nQuestion: Do argument 1 and argument 2 support or counter each other? Answer in one word in the form of 'support' or 'counter'.\n\nAnswer:", "desc": "node_id,node_attr\n0,most people\n1,use cannabis\n2,legalization\n3,prove cannabis' usefulness\n4,should not happen\n\nsrc,edge_attr,dst\n0,has property,1\n1,desires,2\n2,causes,3\n3,not desires,4\n"}
{"id": 480, "pred": "\n\n[INST]\n\n[/INST]\n\n[INST]\n\n[/INST]\n\n[INST]\n\n[/INST", "label": "support", "question": "Argument 1: Social can have an impact on relationships.\nArgument 2: Social media brings people together.\nQuestion: Do argument 1 and argument 2 support or counter each other? Answer in one word in the form of 'support' or 'counter'.\n\nAnswer:", "desc": "node_id,node_attr\n0,social media\n1,brings people together\n2,impact on relationships\n3,social\n\nsrc,edge_attr,dst\n0,capable of,1\n1,capable of,2\n0,synonym of,3\n"}
{"id": 1488, "pred": "\n\nComment: Can you please explain the problem a little more?\n\nComment: I think the problem is clear.\n\nComment: I think the", "label": "support", "question": "Argument 1: Algorithmic trading should be banned.\nArgument 2: Algorithmic trading gives some people an advantage.\nQuestion: Do argument 1 and argument 2 support or counter each other? Answer in one word in the form of 'support' or 'counter'.\n\nAnswer:", "desc": "node_id,node_attr\n0,algorithmic trading\n1,advantage\n2,unfair\n3,banned\n\nsrc,edge_attr,dst\n0,capable of,1\n1,capable of,2\n2,desires,3\n"}
{"id": 1951, "pred": "\n\n[INST]\n\n[/INST]\n\n[INST]\n\n[/INST]\n\n[INST]\n\n[/INST", "label": "counter", "question": "Argument 1: People who are vulnerable will be exploited by the trade of organs for money.\nArgument 2: People have the right to choose what to do with their bodies.\nQuestion: Do argument 1 and argument 2 support or counter each other? Answer in one word in the form of 'support' or 'counter'.\n\nAnswer:", "desc": "node_id,node_attr\n0,people\n1,right to choose\n2,with their bodies\n3,trade of organs\n4,vulnerable\n5,taken advantage of\n6,be exploited\n\nsrc,edge_attr,dst\n0,desires,1\n1,has context,2\n1,has context,3\n4,not capable of,5\n5,synonym of,6\n4,desires,1\n"}
{"id": 2354, "pred": "\n\n[COR]\n1,support\n2,counter\n\n[/COR]\n\n[/INST]\n\n[/C", "label": "counter", "question": "Argument 1: Misinformation about cures for cancer causes sudden death for people.\nArgument 2: People do not pass away because of cancer treatment false information,  but because of ignorance\nQuestion: Do argument 1 and argument 2 support or counter each other? Answer in one word in the form of 'support' or 'counter'.\n\nAnswer:", "desc": "node_id,node_attr\n0,cancer treatment\n1,options\n2,choices\n3,requires information\n4,no information\n5,ignorance\n6,poor choices\n7,death\n8,cancer\n\nsrc,edge_attr,dst\n0,has property,1\n1,causes,2\n2,has context,3\n3,has property,4\n4,is a,5\n5,capable of,6\n6,capable of,7\n8,receives action,0\n"}
{"id": 104, "pred": "\n\n[/INST]\n\n[/INST]\n\n[/INST]\n\n[/INST]\n\n[/INST]\n\n", "label": "support", "question": "Argument 1: A tool available is algorithmic trading.\nArgument 2: Computers can make predictions about stocks.\nQuestion: Do argument 1 and argument 2 support or counter each other? Answer in one word in the form of 'support' or 'counter'.\n\nAnswer:", "desc": "node_id,node_attr\n0,computers\n1,predictions\n2,algorithmic trading\n3,stocks\n4,difficult to predict\n5,a tool\n\nsrc,edge_attr,dst\n0,used for,1\n1,created by,2\n2,has context,3\n3,has property,4\n4,desires,5\n"}
{"id": 2721, "pred": "\n\n[INST] node_id,node_attr\n0,family\n1,many forms\n2,marriage\n3,non-mar", "label": "counter", "question": "Argument 1: Marriage would still be considered the backbone of the family\nArgument 2: family takes many forms\nQuestion: Do argument 1 and argument 2 support or counter each other? Answer in one word in the form of 'support' or 'counter'.\n\nAnswer:", "desc": "node_id,node_attr\n0,family\n1,many forms\n2,marriage\n3,non-marriage\n\nsrc,edge_attr,dst\n0,capable of,1\n2,part of,1\n3,part of,1\n"}
{"id": 1659, "pred": "\n```\n\n### Question 2\n\n```\n[INST] node_id,node_attr\n0,libertarians\n1", "label": "counter", "question": "Argument 1: Libertarians are unrealistically optimistic about their beliefs.\nArgument 2: Libertarians have common goals with members of other parties.\nQuestion: Do argument 1 and argument 2 support or counter each other? Answer in one word in the form of 'support' or 'counter'.\n\nAnswer:", "desc": "node_id,node_attr\n0,libertarians\n1,common goals\n2,unrealistically optimistic\n3,other parties\n4,beliefs\n\nsrc,edge_attr,dst\n0,capable of,1\n1,is not a,2\n1,has context,3\n1,synonym of,4\n"}
{"id": 1461, "pred": "node_id,node_attr\n0,algorithmic trading\n1,very useful\n2,best\n3,important\n\nsrc,edge", "label": "counter", "question": "Argument 1: algorithmic trading is not always best.\nArgument 2: algorithmic trading is very useful for many.\nQuestion: Do argument 1 and argument 2 support or counter each other? Answer in one word in the form of 'support' or 'counter'.\n\nAnswer:", "desc": "node_id,node_attr\n0,algorithmic trading\n1,very useful\n2,best\n3,important\n\nsrc,edge_attr,dst\n0,has context,1\n1,has context,2\n2,has context,3\n0,has context,3\n"}
{"id": 1211, "pred": "\n\n[/INST]\n", "label": "support", "question": "Argument 1: Capital punishment will deter criminals.\nArgument 2: A very serious punishment would make criminals less likely to offend.\nQuestion: Do argument 1 and argument 2 support or counter each other? Answer in one word in the form of 'support' or 'counter'.\n\nAnswer:", "desc": "node_id,node_attr\n0,capital punishment\n1,very serious punishment\n2,deter criminals\n3,less offense\n4,criminals\n\nsrc,edge_attr,dst\n0,part of,1\n1,used for,2\n2,capable of,3\n3,used for,4\n"}
{"id": 518, "pred": "\n\n", "label": "support", "question": "Argument 1: Holocaust denial is wrong.\nArgument 2: Holocaust denial can encourage stereotypes.\nQuestion: Do argument 1 and argument 2 support or counter each other? Answer in one word in the form of 'support' or 'counter'.\n\nAnswer:", "desc": "node_id,node_attr\n0,holocaust denial\n1,encouragement\n2,stereotypes\n3,wrong\n4,the denial\n\nsrc,edge_attr,dst\n0,causes,1\n1,used for,2\n2,is a,3\n3,created by,4\n"}
{"id": 1023, "pred": "\n\nAnswer:\n\n[/INST]\n\nAnswer:\n\n[/INST]\n\nAnswer:\n\n[/INST]\n\n", "label": "support", "question": "Argument 1: Allowing whaling will decrease the frequency of people eating red meat.\nArgument 2: Whaling reduces the natural predator of fish, leading to more fish, leading to more dining options that aren't red meat.\nQuestion: Do argument 1 and argument 2 support or counter each other? Answer in one word in the form of 'support' or 'counter'.\n\nAnswer:", "desc": "node_id,node_attr\n0,whaling\n1,whales\n2,predator of fish\n3,more dining options\n4,eating red meat\n5,fish options\n6,allowing whaling\n\nsrc,edge_attr,dst\n0,used for,1\n1,has property,2\n2,not causes,3\n3,not desires,4\n4,desires,5\n5,created by,6\n"}
{"id": 1128, "pred": "\n\n[/INST]\n\n[/INST]\n\n[/INST]\n\n[/INST]\n\n[/INST]\n\n", "label": "support", "question": "Argument 1: Compulsory voting forces people to contribute their opinion.\nArgument 2: By making voting compulsory, we force people to share their opinion.\nQuestion: Do argument 1 and argument 2 support or counter each other? Answer in one word in the form of 'support' or 'counter'.\n\nAnswer:", "desc": "node_id,node_attr\n0,compulsory voting\n1,forces voting\n2,contribute their opinion\n3,voting compulsory\n4,force people\n\nsrc,edge_attr,dst\n0,has context,1\n1,causes,2\n3,causes,4\n4,desires,1\n"}
{"id": 2222, "pred": "\n```\n\n### 2.4.5.2.3.1.3.1.3.1.2.3.3", "label": "counter", "question": "Argument 1: The 3 strikes law punishes criminals severely.\nArgument 2: The 3 strikes law should punish more harshly.\nQuestion: Do argument 1 and argument 2 support or counter each other? Answer in one word in the form of 'support' or 'counter'.\n\nAnswer:", "desc": "node_id,node_attr\n0,3 strikes law\n1,punish more harshly\n2,severely\n3,works better\n\nsrc,edge_attr,dst\n0,desires,1\n1,has context,2\n2,has context,3\n"}
{"id": 2136, "pred": "\n\n# [INST] node_id,node_attr\n0,zero-tolerance\n1,harsh\n2,mistakes", "label": "counter", "question": "Argument 1: zero-tolerance policies make schools safer for both students and teachers.\nArgument 2: zero-tolerance means no room for mistakes\nQuestion: Do argument 1 and argument 2 support or counter each other? Answer in one word in the form of 'support' or 'counter'.\n\nAnswer:", "desc": "node_id,node_attr\n0,zero-tolerance\n1,harsh\n2,mistakes\n3,no room\n4,policies\n5,discipline\n6,students and teachers\n\nsrc,edge_attr,dst\n0,capable of,1\n1,not capable of,2\n2,has context,3\n0,used for,4\n4,part of,5\n5,used for,6\n"}
{"id": 1889, "pred": "\n\n[INST]\n\n0,subsidizing journalism\n1,feel obligated\n2,lie\n3,keep getting checks", "label": "counter", "question": "Argument 1: Subsidizing journalism will increase truthful news stories.\nArgument 2: By subsidizing journalism, they will feel obligated to lie for the government, so they can keep getting checks.\nQuestion: Do argument 1 and argument 2 support or counter each other? Answer in one word in the form of 'support' or 'counter'.\n\nAnswer:", "desc": "node_id,node_attr\n0,subsidizing journalism\n1,feel obligated\n2,lie\n3,keep getting checks\n4,truthful\n\nsrc,edge_attr,dst\n0,causes,1\n1,causes,2\n2,causes,3\n2,antonym of,4\n"}
{"id": 163, "pred": "\n\n", "label": "support", "question": "Argument 1: The Olympics show human abilities and help them fuel growth\nArgument 2: The premier international sporting competition shows the greatness of our abilities\nQuestion: Do argument 1 and argument 2 support or counter each other? Answer in one word in the form of 'support' or 'counter'.\n\nAnswer:", "desc": "node_id,node_attr\n0,the olympics\n1,international sporting competition\n2,shows the greatness\n3,show human abilities\n4,fuel growth\n\nsrc,edge_attr,dst\n0,is a,1\n1,capable of,2\n1,capable of,3\n2,capable of,4\n"}
{"id": 151, "pred": "\n", "label": "counter", "question": "Argument 1: Targeted killings should not be used, as it is always wrong to take someone's life.\nArgument 2: If taking a life was not immoral, the person who is targeted would not have been targeted in the first place.\nQuestion: Do argument 1 and argument 2 support or counter each other? Answer in one word in the form of 'support' or 'counter'.\n\nAnswer:", "desc": "node_id,node_attr\n0,taking a life\n1,always wrong\n2,absolutism\n3,moral flexibility\n4,targeted killings\n5,war\n6,accepted\n7,immoral\n\nsrc,edge_attr,dst\n0,not has context,1\n1,desires,2\n2,not has property,3\n3,part of,4\n4,used for,5\n5,has property,6\n0,desires,6\n6,not has property,7\n"}
{"id": 416, "pred": "\n\n```\n[INST] node_id,node_attr\n0,libertarianism\n1,complete freedom\n2,their own", "label": "support", "question": "Argument 1: We should adopt libertarianism because people have the right to make their own choices.\nArgument 2: Some believe libertarianism will give people the right to make their own choices.\nQuestion: Do argument 1 and argument 2 support or counter each other? Answer in one word in the form of 'support' or 'counter'.\n\nAnswer:", "desc": "node_id,node_attr\n0,libertarianism\n1,complete freedom\n2,their own choices\n3,people\n\nsrc,edge_attr,dst\n0,capable of,1\n1,capable of,2\n3,desires,1\n"}
{"id": 1743, "pred": "\n\n[/INST]\n\n[/INST]\n\n[/INST]\n\n[/INST]\n\n[/INST]\n\n", "label": "counter", "question": "Argument 1: Scientology is a cult not a religion.\nArgument 2: Scientology is not a cult.\nQuestion: Do argument 1 and argument 2 support or counter each other? Answer in one word in the form of 'support' or 'counter'.\n\nAnswer:", "desc": "node_id,node_attr\n0,scientology\n1,not a cult\n2,religion\n3,can be religion\n\nsrc,edge_attr,dst\n0,has context,1\n1,is a,2\n0,has context,3\n"}
{"id": 347, "pred": "\n\nAnswer: [/INST]\n\nAnswer: [/INST]\n\nAnswer: [/INST]\n\nAnswer: [/INST]", "label": "support", "question": "Argument 1: We should adopt libertarian beliefs to protect our freedom\nArgument 2: Libertarian do not want their freedoms taken away\nQuestion: Do argument 1 and argument 2 support or counter each other? Answer in one word in the form of 'support' or 'counter'.\n\nAnswer:", "desc": "node_id,node_attr\n0,libertarian\n1,protection\n2,freedoms\n3,beliefs\n4,taken away\n\nsrc,edge_attr,dst\n0,capable of,1\n1,used for,2\n1,used for,3\n3,not receives action,4\n"}
{"id": 1090, "pred": "\n```\n\n### Example 2\n\n```\n[INST] node_id,node_attr\n0,abusive households\n1", "label": "support", "question": "Argument 1: Even in abusive households, biological children should stay with their biological parents.\nArgument 2: Children in the foster care system end up with issues from the lack of stability in their lives.\nQuestion: Do argument 1 and argument 2 support or counter each other? Answer in one word in the form of 'support' or 'counter'.\n\nAnswer:", "desc": "node_id,node_attr\n0,abusive households\n1,natural parents\n2,children should stay\n3,foster care system\n4,lack of stability\n\nsrc,edge_attr,dst\n0,has property,1\n1,has context,2\n3,capable of,4\n4,causes,2\n"}
{"id": 782, "pred": "\n\nAnswer: [/INST]\n\nAnswer: [/INST]\n\nAnswer: [/INST]\n\nAnswer: [/INST]", "label": "support", "question": "Argument 1: School uniforms are not a good option for students or their families.\nArgument 2: School uniforms are often impractical for students to obtain in lower income brackets.\nQuestion: Do argument 1 and argument 2 support or counter each other? Answer in one word in the form of 'support' or 'counter'.\n\nAnswer:", "desc": "node_id,node_attr\n0,school uniforms\n1,extra education costs\n2,families\n3,lower income\n4,can't afford uniforms\n5,good option\n6,impractical\n\nsrc,edge_attr,dst\n0,causes,1\n1,has context,2\n2,capable of,3\n3,causes,4\n4,is not a,5\n5,not desires,6\n"}
{"id": 32, "pred": "\n\n[INST] node_id,node_attr\n0,cannabis\n1,health benefits\n2,treatments\n", "label": "support", "question": "Argument 1: Cannabis is good.\nArgument 2: Cannabis shows promise as treatment though it must be studied heavily.\nQuestion: Do argument 1 and argument 2 support or counter each other? Answer in one word in the form of 'support' or 'counter'.\n\nAnswer:", "desc": "node_id,node_attr\n0,cannabis\n1,health benefits\n2,treatments\n3,good\n4,studied heavily\n\nsrc,edge_attr,dst\n0,capable of,1\n1,part of,2\n2,has context,3\n1,receives action,4\n"}
{"id": 1804, "pred": "\n\n[/INST]\n\nAnswer: [/INST]\n\n[/INST]\n\nAnswer: [/INST]\n\n[/", "label": "counter", "question": "Argument 1: Ending mandatory retirement reduces the state's welfare burden.\nArgument 2: Ending mandatory retirement would increase the number of young people in need of welfare.\nQuestion: Do argument 1 and argument 2 support or counter each other? Answer in one word in the form of 'support' or 'counter'.\n\nAnswer:", "desc": "node_id,node_attr\n0,ending mandatory retirement\n1,increase welfare need\n2,young people\n3,reduce welfare burden\n4,state's\n\nsrc,edge_attr,dst\n0,capable of,1\n1,has property,2\n1,not capable of,3\n1,at location,4\n"}
{"id": 1029, "pred": "\n\n[/INST]\n\nAnswer: [/INST]\n\n[/INST]\n\nAnswer: [/INST]\n\n[/", "label": "support", "question": "Argument 1: Safe space provides protection for individuals\nArgument 2: Safe space is a great idea of place for everyone\nQuestion: Do argument 1 and argument 2 support or counter each other? Answer in one word in the form of 'support' or 'counter'.\n\nAnswer:", "desc": "node_id,node_attr\n0,safe space\n1,people\n2,protection\n3,great idea\n4,individuals\n\nsrc,edge_attr,dst\n0,used for,1\n1,desires,2\n2,is a,3\n1,made of,4\n"}
{"id": 2359, "pred": "\n\n```\n\n### 2.5.1.1.2.2.1.1.1.1.1.1.", "label": "counter", "question": "Argument 1: space exploration should be considered a waste of resources\nArgument 2: space exploration is a priority for some governments\nQuestion: Do argument 1 and argument 2 support or counter each other? Answer in one word in the form of 'support' or 'counter'.\n\nAnswer:", "desc": "node_id,node_attr\n0,space exploration\n1,priority\n2,some governments\n3,resources\n\nsrc,edge_attr,dst\n0,has context,1\n2,desires,0\n3,used for,1\n"}
{"id": 1924, "pred": "\n\n### Input\n\n- [/INPUT]\n\n### Output\n\n- [/OUTPUT]\n\n### Sample Input", "label": "counter", "question": "Argument 1: Pride parades were important in the early part of the lgbtq movement but not anymore.\nArgument 2: There is still a long way to go in the pride movement.\nQuestion: Do argument 1 and argument 2 support or counter each other? Answer in one word in the form of 'support' or 'counter'.\n\nAnswer:", "desc": "node_id,node_attr\n0,lgbtq movement\n1,long way\n2,not anymore\n3,important\n4,pride movement\n\nsrc,edge_attr,dst\n0,capable of,1\n1,not capable of,2\n1,has context,3\n0,synonym of,4\n"}
{"id": 1846, "pred": "\n\n```\n#!/bin/bash\n\n# input\n\nnode_id=0\nnode_attr=racial profiling\nsrc=", "label": "support", "question": "Argument 1: Racial profiling is biased against anyone who isn't white.\nArgument 2: Racial profiling is not an acceptable way to codify people as criminals.\nQuestion: Do argument 1 and argument 2 support or counter each other? Answer in one word in the form of 'support' or 'counter'.\n\nAnswer:", "desc": "node_id,node_attr\n0,racial profiling\n1,prejudiced\n2,biased\n3,who isn't white\n4,acceptable\n\nsrc,edge_attr,dst\n0,is a,1\n1,synonym of,2\n1,has context,3\n0,is not a,4\n"}
{"id": 707, "pred": "\n\n```\n\n### Explanation\n\n### Test Cases\n\n```\n[INST]\n0,business leaders\n1", "label": "support", "question": "Argument 1: Banning a company for having poor business practices would send a message to other businesses that they should treat employees well.\nArgument 2: Business leaders act out of greed and not malice, so they are unaware that they are taking advantage of workers.\nQuestion: Do argument 1 and argument 2 support or counter each other? Answer in one word in the form of 'support' or 'counter'.\n\nAnswer:", "desc": "node_id,node_attr\n0,business leaders\n1,greed\n2,malice\n3,taking advantage\n4,workers\n5,poor business practices\n6,boycott\n7,banning a company\n\nsrc,edge_attr,dst\n0,capable of,1\n0,not capable of,2\n0,not desires,3\n3,has property,4\n3,is a,5\n5,causes,6\n6,synonym of,7\n"}
{"id": 18, "pred": "\n\n[/CSV]\n\n[/CSV]\n\n[/CSV]\n\n[/CSV]\n\n[/", "label": "support", "question": "Argument 1: Cannabis is helpful, and people should be allowed to use it.\nArgument 2: Cannabis is the choice of many people for ailments.\nQuestion: Do argument 1 and argument 2 support or counter each other? Answer in one word in the form of 'support' or 'counter'.\n\nAnswer:", "desc": "node_id,node_attr\n0,ailments\n1,treatments\n2,cannabis\n3,natural\n4,allowed to use\n5,benefit to society\n6,helpful\n\nsrc,edge_attr,dst\n0,desires,1\n1,has context,2\n2,has property,3\n3,desires,4\n4,is a,5\n5,has property,6\n"}
{"id": 2172, "pred": "\n\nAnswer: [/INST]\n\nAnswer: [/INST]\n\nAnswer: [/INST]\n\nAnswer: [/INST]", "label": "counter", "question": "Argument 1: School prayer should not be in school.\nArgument 2: If people want to pray in school, they should have that right.\nQuestion: Do argument 1 and argument 2 support or counter each other? Answer in one word in the form of 'support' or 'counter'.\n\nAnswer:", "desc": "node_id,node_attr\n0,school prayer\n1,pray in school\n2,right\n3,school\n\nsrc,edge_attr,dst\n0,synonym of,1\n0,is a,2\n2,at location,3\n"}
{"id": 1325, "pred": "\n```\n\n### Inputs\n\n```\n0,pages\n1,edited by anyone\n2,do not trust\n3,not", "label": "support", "question": "Argument 1: Pages can be compromised and edited by many people so do not trust the information to be correct\nArgument 2: Pages can be compromised to it should not be trusted to be correct\nQuestion: Do argument 1 and argument 2 support or counter each other? Answer in one word in the form of 'support' or 'counter'.\n\nAnswer:", "desc": "node_id,node_attr\n0,pages\n1,edited by anyone\n2,do not trust\n3,not be trusted\n4,can be compromised\n\nsrc,edge_attr,dst\n0,capable of,1\n1,causes,2\n3,made of,4\n3,synonym of,2\n"}
{"id": 690, "pred": "\n\n```\n\n### Expected Answer\n\n```\n[INST] node_id,node_attr\n0,payday loans\n", "label": "counter", "question": "Argument 1: Payday loans are essential.\nArgument 2: Payday loans exploit the poor.\nQuestion: Do argument 1 and argument 2 support or counter each other? Answer in one word in the form of 'support' or 'counter'.\n\nAnswer:", "desc": "node_id,node_attr\n0,payday loans\n1,exploit the poor\n2,create more debt\n3,essential\n\nsrc,edge_attr,dst\n0,capable of,1\n1,capable of,2\n1,is not a,3\n"}
{"id": 2428, "pred": "\n\n[/INST]\n\n[INST] node_id,node_attr\n0,many people\n1,believe\n2,at", "label": "support", "question": "Argument 1: Atheism should be supported.\nArgument 2: Many people believe in atheism.\nQuestion: Do argument 1 and argument 2 support or counter each other? Answer in one word in the form of 'support' or 'counter'.\n\nAnswer:", "desc": "node_id,node_attr\n0,many people\n1,believe\n2,atheism\n3,popular\n4,supported\n\nsrc,edge_attr,dst\n0,desires,1\n1,has context,2\n2,has property,3\n3,desires,4\n"}
{"id": 152, "pred": "\n\nAnswer: [/INST]\n\n[/INST]\n\n[/INST]\n\n[/INST]\n\n[/INST]", "label": "counter", "question": "Argument 1: Targeted killing should not be allowed.\nArgument 2: Targeted killing keeps the country safe.\nQuestion: Do argument 1 and argument 2 support or counter each other? Answer in one word in the form of 'support' or 'counter'.\n\nAnswer:", "desc": "node_id,node_attr\n0,targeted killing\n1,advantages\n2,safety\n3,the country\n4,allowed\n\nsrc,edge_attr,dst\n0,has property,1\n1,used for,2\n2,at location,3\n2,receives action,4\n"}
{"id": 460, "pred": "\n\n[/INST]\n\n[/INST]\n\n[/INST]\n\n[/INST]\n\n[/INST]\n\n", "label": "support", "question": "Argument 1: Intelligence tests can make kids feel badly about themselves.\nArgument 2: Intelligence tests separate kids.\nQuestion: Do argument 1 and argument 2 support or counter each other? Answer in one word in the form of 'support' or 'counter'.\n\nAnswer:", "desc": "node_id,node_attr\n0,intelligence tests\n1,segregation\n2,separate kids\n3,feel badly\n4,themselves\n\nsrc,edge_attr,dst\n0,causes,1\n1,capable of,2\n2,receives action,3\n3,used for,4\n"}
{"id": 256, "pred": "\n\n### Answer\n\n[/INST]\n\n### Answer\n\n[/INST]\n\n### Answer\n\n[/INST", "label": "counter", "question": "Argument 1: women should not be going to combat.\nArgument 2: Women and men both go to combat.\nQuestion: Do argument 1 and argument 2 support or counter each other? Answer in one word in the form of 'support' or 'counter'.\n\nAnswer:", "desc": "node_id,node_attr\n0,women\n1,equality\n2,going to combat\n3,men\n\nsrc,edge_attr,dst\n0,desires,1\n1,has context,2\n3,desires,1\n"}
{"id": 808, "pred": "\n\n[INST] node_id,node_attr\n0,three strikes law\n1,learning\n2,criminal justice reform\n3", "label": "support", "question": "Argument 1: The three strikes law may not be appropriate for all crimes\nArgument 2: The three strikes laws would be a good thing to study for criminal justice reform\nQuestion: Do argument 1 and argument 2 support or counter each other? Answer in one word in the form of 'support' or 'counter'.\n\nAnswer:", "desc": "node_id,node_attr\n0,three strikes law\n1,learning\n2,criminal justice reform\n3,all crimes\n4,three strikes laws\n\nsrc,edge_attr,dst\n0,used for,1\n1,part of,2\n2,used for,3\n3,not receives action,4\n"}
{"id": 1105, "pred": "\n\n[/INST]\n\n[/INST]\n\n[/INST]\n\n[/INST]\n\n[/INST]\n\n", "label": "support", "question": "Argument 1: Foster care is dangerous for children.\nArgument 2: It can be harmful to a child's psyche to lack the stability of their own household.\nQuestion: Do argument 1 and argument 2 support or counter each other? Answer in one word in the form of 'support' or 'counter'.\n\nAnswer:", "desc": "node_id,node_attr\n0,foster care\n1,violence\n2,dangerous for children\n3,lack the stability\n4,harmful\n\nsrc,edge_attr,dst\n0,has context,1\n1,has context,2\n1,part of,3\n3,has context,4\n"}
{"id": 482, "pred": "\n\n[/CLEAR]\n\n[/CLEAR]\n\n[/CLEAR]\n\n[/CLEAR]", "label": "support", "question": "Argument 1: Scientology is a good religion that could make the world a better place.\nArgument 2: Scientology is not bad and it makes the world not bad so it should not be banned.\nQuestion: Do argument 1 and argument 2 support or counter each other? Answer in one word in the form of 'support' or 'counter'.\n\nAnswer:", "desc": "node_id,node_attr\n0,scientology\n1,good religion activity\n2,a better place\n3,earth\n4,world\n\nsrc,edge_attr,dst\n0,is a,1\n1,capable of,2\n2,used for,3\n3,part of,4\n"}
{"id": 1811, "pred": "\n\n[INST] node_id,node_attr\n0,some races\n1,commit more crimes\n2,discrimination\n", "label": "counter", "question": "Argument 1: Racial profiling creates prejudice which leads to discrimination and racism.\nArgument 2: Some races commit more crimes and that's why there's discrimination.\nQuestion: Do argument 1 and argument 2 support or counter each other? Answer in one word in the form of 'support' or 'counter'.\n\nAnswer:", "desc": "node_id,node_attr\n0,some races\n1,commit more crimes\n2,discrimination\n3,racial profiling\n\nsrc,edge_attr,dst\n0,capable of,1\n1,causes,2\n3,used for,0\n"}
{"id": 1395, "pred": "\n\n[/INST]\n", "label": "support", "question": "Argument 1: Assisted suicide is murder.\nArgument 2: It is illegal to knowingly contribute to another person's death.\nQuestion: Do argument 1 and argument 2 support or counter each other? Answer in one word in the form of 'support' or 'counter'.\n\nAnswer:", "desc": "node_id,node_attr\n0,killing someone\n1,murder\n2,illegal\n3,person's death\n4,assisted suicide\n5,helping someone die\n\nsrc,edge_attr,dst\n0,has subevent,1\n0,has property,2\n3,part of,0\n4,causes,5\n5,synonym of,3\n"}
{"id": 2521, "pred": "\n\n[/INST]\n\n\n### 2. AI-based Assessment\n\nThis question is to test the AI model", "label": "support", "question": "Argument 1: Religious taxpayers will be offended if we use their money to finance this research.\nArgument 2: The religious taxpayers will be offended if we fund this research with their money.\nQuestion: Do argument 1 and argument 2 support or counter each other? Answer in one word in the form of 'support' or 'counter'.\n\nAnswer:", "desc": "node_id,node_attr\n0,religious taxpayers\n1,payment\n2,finance\n3,research\n\nsrc,edge_attr,dst\n0,capable of,1\n1,not used for,2\n2,used for,3\n"}
{"id": 2341, "pred": "\n\n[/INST]\n\n[INST]\n\n[/INST]\n\n[INST]\n\n[/INST]\n\n[INST", "label": "support", "question": "Argument 1: It is the right of a business owner as to how they pay executives.\nArgument 2: Executives are responsible for a lot of people, and should be paid accordingly.\nQuestion: Do argument 1 and argument 2 support or counter each other? Answer in one word in the form of 'support' or 'counter'.\n\nAnswer:", "desc": "node_id,node_attr\n0,executives\n1,responsible\n2,paid accordingly\n3,pay\n\nsrc,edge_attr,dst\n0,has context,1\n1,desires,2\n3,has subevent,2\n"}
{"id": 790, "pred": "\n\n[/INST]\n\n[/INST]\n\n[/INST]\n\n[/INST]\n\n[/INST]\n\n", "label": "counter", "question": "Argument 1: private military companies rely too much on government funding and should be banned.\nArgument 2: private military companies provide the necessary weapons to defend our society.\nQuestion: Do argument 1 and argument 2 support or counter each other? Answer in one word in the form of 'support' or 'counter'.\n\nAnswer:", "desc": "node_id,node_attr\n0,private military companies\n1,necessary weapons\n2,defend our society\n3,government funding\n4,banned\n\nsrc,edge_attr,dst\n0,capable of,1\n1,capable of,2\n1,desires,3\n2,not desires,4\n"}
{"id": 2446, "pred": "\n\n[/INST]\n\n[INST]\nnode_id,node_attr\n0,detention camp\n1,guantanamo", "label": "counter", "question": "Argument 1: Guantanamo Bay Detention camp should stay operational\nArgument 2: All humans deserve to be treated fairly and criminals, regardless of their transgressions are no exception.\nQuestion: Do argument 1 and argument 2 support or counter each other? Answer in one word in the form of 'support' or 'counter'.\n\nAnswer:", "desc": "node_id,node_attr\n0,detention camp\n1,guantanamo bay\n2,extremely harsh conditions\n3,criminals\n4,humans\n5,treated fairly\n\nsrc,edge_attr,dst\n0,part of,1\n1,capable of,2\n2,used for,3\n3,part of,4\n4,desires,5\n"}
{"id": 1220, "pred": "\n\n[/INST]\n\n[INST] 1,1\n2,1\n3,1\n4,1\n5,1\n", "label": "support", "question": "Argument 1: The right to bear arms helps people defend themselves.\nArgument 2: The right to keep and bear arms is in the constitution.\nQuestion: Do argument 1 and argument 2 support or counter each other? Answer in one word in the form of 'support' or 'counter'.\n\nAnswer:", "desc": "node_id,node_attr\n0,the right\n1,keep arms\n2,bear arms\n3,the constitution\n4,legal\n5,helps people\n6,defend themselves\n\nsrc,edge_attr,dst\n0,used for,1\n0,used for,2\n1,at location,3\n2,at location,3\n3,is a,4\n2,is a,4\n4,causes,5\n5,capable of,6\n"}
{"id": 2221, "pred": "\n\n\nArgument 1: Space has been explored, and needs no further exploration.\nArgument 2: It is foolish to think that", "label": "counter", "question": "Argument 1: Space has been explored, and needs no further exploration.\nArgument 2: It is foolish to think that humans already know everything there is to know.\nQuestion: Do argument 1 and argument 2 support or counter each other? Answer in one word in the form of 'support' or 'counter'.\n\nAnswer:", "desc": "node_id,node_attr\n0,space\n1,vast\n2,little explored\n3,more exploration needed\n4,more to learn\n5,already know everything\n6,further exploration\n7,humans\n\nsrc,edge_attr,dst\n0,has property,1\n0,has property,2\n2,causes,3\n3,has property,4\n4,antonym of,5\n3,synonym of,6\n4,has context,7\n"}
{"id": 1706, "pred": "\n\n\n", "label": "counter", "question": "Argument 1: Social media is negative for society.\nArgument 2: Many people get connected on social media.\nQuestion: Do argument 1 and argument 2 support or counter each other? Answer in one word in the form of 'support' or 'counter'.\n\nAnswer:", "desc": "node_id,node_attr\n0,social media\n1,connected\n2,causing content\n3,negative\n\nsrc,edge_attr,dst\n0,causes,1\n1,capable of,2\n2,not capable of,3\n"}
{"id": 809, "pred": "\n\n[/INST]\n\n[/INST]\n\n[/INST]\n\n[/INST]\n\n[/INST]\n\n", "label": "counter", "question": "Argument 1: Students should not have to wear a uniform.\nArgument 2: Students should be wearing a uniform.\nQuestion: Do argument 1 and argument 2 support or counter each other? Answer in one word in the form of 'support' or 'counter'.\n\nAnswer:", "desc": "node_id,node_attr\n0,students\n1,following rules\n2,a uniform\n3,maintain focus\n\nsrc,edge_attr,dst\n0,capable of,1\n1,has context,2\n2,capable of,3\n"}
{"id": 2481, "pred": "\n", "label": "counter", "question": "Argument 1: People should believe what they want.\nArgument 2: Some things that people believe are harmful.\nQuestion: Do argument 1 and argument 2 support or counter each other? Answer in one word in the form of 'support' or 'counter'.\n\nAnswer:", "desc": "node_id,node_attr\n0,people\n1,lies\n2,believe\n3,harmful\n4,spreading lies\n5,what they want\n\nsrc,edge_attr,dst\n0,capable of,1\n1,causes,2\n2,has context,3\n3,causes,4\n4,not part of,5\n"}
{"id": 2442, "pred": "\n\n[INST] node_id,node_attr\n0,had detection help\n1,prisoners\n2,aided\n3,", "label": "support", "question": "Argument 1: the prisons at guantanamo bay are aided by a detection field.\nArgument 2: guantanamo bay prisons have had detection help with prisoners\nQuestion: Do argument 1 and argument 2 support or counter each other? Answer in one word in the form of 'support' or 'counter'.\n\nAnswer:", "desc": "node_id,node_attr\n0,had detection help\n1,prisoners\n2,aided\n3,using detection field\n4,prisons\n5,guantanamo bay\n\nsrc,edge_attr,dst\n0,used for,1\n0,receives action,2\n2,created by,3\n4,at location,5\n5,capable of,0\n"}
{"id": 2268, "pred": "\n\n[/INST]\n\n[/INST]\n\n[/INST]\n\n[/INST]\n\n[/INST]\n\n", "label": "counter", "question": "Argument 1: school uniforms provide fewer distractions from learning.\nArgument 2: Some students always strive to get good academic results no matter what.\nQuestion: Do argument 1 and argument 2 support or counter each other? Answer in one word in the form of 'support' or 'counter'.\n\nAnswer:", "desc": "node_id,node_attr\n0,school uniforms\n1,distracting students\n2,fewer distractions\n3,students\n4,good academic results\n\nsrc,edge_attr,dst\n0,capable of,1\n1,not capable of,2\n3,desires,4\n3,not desires,1\n"}
{"id": 990, "pred": "\n\n[INST] node_id,node_attr\n0,more money\n1,motivator\n2,work harder\n3,people", "label": "support", "question": "Argument 1: People are always motivated to work harder if they will get more money.\nArgument 2: People want money and will do what they have to do to get it.\nQuestion: Do argument 1 and argument 2 support or counter each other? Answer in one word in the form of 'support' or 'counter'.\n\nAnswer:", "desc": "node_id,node_attr\n0,more money\n1,motivator\n2,work harder\n3,people\n4,want money\n\nsrc,edge_attr,dst\n0,has context,1\n1,causes,2\n3,has context,4\n4,causes,0\n"}
{"id": 923, "pred": "\n\n[INST] node_id,node_attr\n0,telemarketing\n1,efficiency\n2,digital age\n", "label": "counter", "question": "Argument 1: Telemarketing is capable of being useful.\nArgument 2: Telemarketing is no longer relevant in the digital age, with so many purchasing options available.\nQuestion: Do argument 1 and argument 2 support or counter each other? Answer in one word in the form of 'support' or 'counter'.\n\nAnswer:", "desc": "node_id,node_attr\n0,telemarketing\n1,efficiency\n2,digital age\n3,alternatives\n4,being useful\n\nsrc,edge_attr,dst\n0,not capable of,1\n1,part of,2\n2,capable of,3\n3,capable of,4\n"}
{"id": 311, "pred": "\n\n[INST]\n[/INST]\n\n[INST]\n[/INST]\n\n[INST]\n[/INST]\n\n", "label": "support", "question": "Argument 1: factory farming is useful for society.\nArgument 2: Factory farming feeds millions for an affordable cost.\nQuestion: Do argument 1 and argument 2 support or counter each other? Answer in one word in the form of 'support' or 'counter'.\n\nAnswer:", "desc": "node_id,node_attr\n0,factory farming\n1,less expensive\n2,feeds millions\n3,society\n4,affordable foods\n\nsrc,edge_attr,dst\n0,has property,1\n1,used for,2\n2,part of,3\n3,desires,4\n"}
{"id": 2001, "pred": "\n\n[/INST]\n\n[/INST]\n\n[/INST]\n\n[/INST]\n\n[/INST]\n\n", "label": "counter", "question": "Argument 1: It is important to explore space, so that we can learn more about our own world.\nArgument 2: Earth is its own entity, and not the same as other things in the universe.\nQuestion: Do argument 1 and argument 2 support or counter each other? Answer in one word in the form of 'support' or 'counter'.\n\nAnswer:", "desc": "node_id,node_attr\n0,earth\n1,its own entity\n2,universe\n3,space\n4,provide information\n5,our own world\n6,explore\n7,learn more\n\nsrc,edge_attr,dst\n0,is a,1\n2,synonym of,3\n4,not has context,5\n2,not desires,6\n6,not capable of,4\n4,synonym of,7\n0,part of,2\n0,part of,3\n"}
{"id": 69, "pred": "\n\n[/INST]\n\n[/INST]\n\n[/INST]\n\n[/INST]\n\n[/INST]\n\n", "label": "counter", "question": "Argument 1: cannabis can alleviate pain and suffering if prescribed properly.\nArgument 2: some people abuse the use of cannabis.\nQuestion: Do argument 1 and argument 2 support or counter each other? Answer in one word in the form of 'support' or 'counter'.\n\nAnswer:", "desc": "node_id,node_attr\n0,cannabis\n1,drug\n2,abuse\n3,pain and suffering\n\nsrc,edge_attr,dst\n0,is a,1\n1,capable of,2\n0,capable of,2\n3,causes,2\n"}
{"id": 1110, "pred": "\n\n[/INST]\n\n[/INST]\n\n[/INST]\n\n[/INST]\n\n[/INST]\n\n", "label": "support", "question": "Argument 1: We should trust judges, who have passed rigorous testing and are voted in.\nArgument 2: No one has been through more education and gained as many qualifications as judges do.\nQuestion: Do argument 1 and argument 2 support or counter each other? Answer in one word in the form of 'support' or 'counter'.\n\nAnswer:", "desc": "node_id,node_attr\n0,judges\n1,effectiveness\n2,passed rigorous testing\n3,qualifications\n\nsrc,edge_attr,dst\n0,capable of,1\n1,created by,2\n2,used for,3\n"}
{"id": 581, "pred": "\n\n\n\n\n\n\n\n\n\n\n\n\n\n\n\n\n\n\n\n\n\n\n\n\n\n\n\n\n\n\n\n", "label": "support", "question": "Argument 1: Every human has the right to choose their own legal representation.\nArgument 2: It's a basic right to be innocent until proven guilty and make your case of innocence with their own lawyer.\nQuestion: Do argument 1 and argument 2 support or counter each other? Answer in one word in the form of 'support' or 'counter'.\n\nAnswer:", "desc": "node_id,node_attr\n0,be innocent\n1,basic right\n2,make your case\n3,legal representation\n4,every human\n\nsrc,edge_attr,dst\n0,is a,1\n0,has context,2\n2,desires,3\n4,desires,1\n"}
{"id": 2229, "pred": "\n\n[/INST]\n\n[/INST]\n\n[/INST]\n\n[/INST]\n\n[/INST]\n\n", "label": "counter", "question": "Argument 1: Since payday loans aren't held to the same standards as loans for middle class people, they should be banned.\nArgument 2: Poor people have money emergencies.\nQuestion: Do argument 1 and argument 2 support or counter each other? Answer in one word in the form of 'support' or 'counter'.\n\nAnswer:", "desc": "node_id,node_attr\n0,solve emergencies\n1,helpful\n2,poor people\n3,money emergencies\n4,payday loans\n5,banned\n\nsrc,edge_attr,dst\n0,is a,1\n2,capable of,3\n3,receives action,4\n4,used for,0\n1,not desires,5\n"}
{"id": 678, "pred": "\n\n[INST]\n0,support\n1,counter\n\nsrc,edge_attr,dst\n0,is a,1\n1,", "label": "counter", "question": "Argument 1: Life sentences are bad\nArgument 2: Life sentences are a detriment to crime.\nQuestion: Do argument 1 and argument 2 support or counter each other? Answer in one word in the form of 'support' or 'counter'.\n\nAnswer:", "desc": "node_id,node_attr\n0,life sentences\n1,detriment to crime\n2,less crime\n3,bad\n\nsrc,edge_attr,dst\n0,is a,1\n1,causes,2\n2,is not a,3\n"}
{"id": 2631, "pred": "\n\nAnswer:\n1. Support\n2. Support\n3. Support\n4. Support\n\nAnswer:\n1. Support\n2. Support", "label": "support", "question": "Argument 1: marriage is extremely important for strong families.\nArgument 2: Marriage has been a staple in society for centuries.\nQuestion: Do argument 1 and argument 2 support or counter each other? Answer in one word in the form of 'support' or 'counter'.\n\nAnswer:", "desc": "node_id,node_attr\n0,marriage\n1,staple in society\n2,strong families\n3,benefits society\n4,extremely important\n\nsrc,edge_attr,dst\n0,is a,1\n1,used for,2\n2,has property,3\n3,is a,4\n"}
{"id": 450, "pred": "\n\nAnswer: [/INST]\n\nAnswer: [/INST]\n\nAnswer: [/INST]\n\nAnswer: [/INST]", "label": "support", "question": "Argument 1: Social media makes the world feel smaller, because people from all over the world can connect\nArgument 2: You can use social media across the world.\nQuestion: Do argument 1 and argument 2 support or counter each other? Answer in one word in the form of 'support' or 'counter'.\n\nAnswer:", "desc": "node_id,node_attr\n0,social media\n1,connection\n2,people\n3,across the world\n4,everywhere\n\nsrc,edge_attr,dst\n0,capable of,1\n1,used for,2\n2,at location,3\n2,at location,4\n"}
{"id": 1100, "pred": "\n\n#include <bits/stdc++.h>\nusing namespace std;\n\n// Definition for singly-linked list.\nstruct", "label": "counter", "question": "Argument 1: The private market should not be meddled by the government.\nArgument 2: The government needs to regulate the economy to prevent abuse.\nQuestion: Do argument 1 and argument 2 support or counter each other? Answer in one word in the form of 'support' or 'counter'.\n\nAnswer:", "desc": "node_id,node_attr\n0,government\n1,regulation\n2,private market\n3,economy\n4,prevent abuse\n\nsrc,edge_attr,dst\n0,capable of,1\n1,used for,2\n2,at location,3\n1,used for,4\n"}
{"id": 620, "pred": "\n\n", "label": "support", "question": "Argument 1: the church of scientology is an abusive scam\nArgument 2: the church of scientology should not be given tax exempt status\nQuestion: Do argument 1 and argument 2 support or counter each other? Answer in one word in the form of 'support' or 'counter'.\n\nAnswer:", "desc": "node_id,node_attr\n0,church of scientology\n1,business scheme\n2,abusive scam\n3,disguised as religion\n4,tax exempt status\n5,being rescinded\n\nsrc,edge_attr,dst\n0,is a,1\n1,causes,2\n2,is a,3\n3,receives action,4\n4,capable of,5\n"}
{"id": 2441, "pred": "\n\n[/INST]\n\n[/INST]\n\n[/INST]\n\n[/INST]\n\n[/INST]\n\n", "label": "support", "question": "Argument 1: Guantanamo Bay is a safe place to hold prisoners\nArgument 2: Guantanamo Bay is a safely guarded prison\nQuestion: Do argument 1 and argument 2 support or counter each other? Answer in one word in the form of 'support' or 'counter'.\n\nAnswer:", "desc": "node_id,node_attr\n0,guantanamo bay\n1,jail\n2,safely guarded prison\n3,prisoners\n\nsrc,edge_attr,dst\n0,is a,1\n1,has property,2\n2,used for,3\n"}
{"id": 817, "pred": "\n\n[/INST]\n\nAnswer: [/INST]\n\n[/INST]\n\nAnswer: [/INST]\n\n[/", "label": "counter", "question": "Argument 1: the three strikes law is not fair.\nArgument 2: The three strikes law keeps people safe.\nQuestion: Do argument 1 and argument 2 support or counter each other? Answer in one word in the form of 'support' or 'counter'.\n\nAnswer:", "desc": "node_id,node_attr\n0,three strikes law\n1,keeps people safe\n2,just\n3,fair\n\nsrc,edge_attr,dst\n0,capable of,1\n1,is a,2\n2,synonym of,3\n"}
{"id": 2620, "pred": "\n\n[/INST]\n\n[/INST]\n\n[/INST]\n\n[/INST]\n\n[/INST]\n\n", "label": "support", "question": "Argument 1: Entrapment should be legal.\nArgument 2: Entrapment catches terrible people.\nQuestion: Do argument 1 and argument 2 support or counter each other? Answer in one word in the form of 'support' or 'counter'.\n\nAnswer:", "desc": "node_id,node_attr\n0,criminals\n1,terrible people\n2,entrapment\n3,criminals off street\n4,benefits society\n5,legal\n\nsrc,edge_attr,dst\n0,is a,1\n1,receives action,2\n2,causes,3\n4,has context,5\n3,is a,4\n"}
{"id": 2209, "pred": "\n\nAnswer: [/INST]\n\nAnswer: [/INST]\n\nAnswer: [/INST]\n\nAnswer: [/INST]", "label": "counter", "question": "Argument 1: student loans should be subsidized.\nArgument 2: Students should pay for their own loans, rather than the government.\nQuestion: Do argument 1 and argument 2 support or counter each other? Answer in one word in the form of 'support' or 'counter'.\n\nAnswer:", "desc": "node_id,node_attr\n0,loans\n1,students\n2,pay\n3,government\n4,subsidized\n\nsrc,edge_attr,dst\n0,used for,1\n1,capable of,2\n2,not part of,3\n3,not desires,4\n"}
{"id": 415, "pred": "\n\n[/INST]\n\n[/INST]\n\n[/INST]\n\n[/INST]\n\n[/INST]\n\n", "label": "support", "question": "Argument 1: Social media unites.\nArgument 2: Facebook is a popular ways to stay in touch.\nQuestion: Do argument 1 and argument 2 support or counter each other? Answer in one word in the form of 'support' or 'counter'.\n\nAnswer:", "desc": "node_id,node_attr\n0,social media\n1,stay in touch\n2,facebook\n3,unites\n4,people\n\nsrc,edge_attr,dst\n0,used for,1\n0,made of,2\n2,capable of,3\n3,used for,4\n"}
{"id": 229, "pred": "\n", "label": "support", "question": "Argument 1: If something get in the way of getting essential supplies it should stop.\nArgument 2: No political statement is worth cutting people off from essentials they need.\nQuestion: Do argument 1 and argument 2 support or counter each other? Answer in one word in the form of 'support' or 'counter'.\n\nAnswer:", "desc": "node_id,node_attr\n0,blockades\n1,political statement\n2,in the way\n3,impediment to justice\n4,cutting people off\n5,should stop\n\nsrc,edge_attr,dst\n0,used for,1\n1,has subevent,2\n2,has property,3\n3,created by,4\n4,desires,5\n"}
{"id": 409, "pred": "\n\n[/INST]\n\n[/INST]\n\n[/INST]\n\n[/INST]\n\n[/INST]\n\n", "label": "support", "question": "Argument 1: intelligence tests are important for assessing potential job candidates\nArgument 2: intelligence tests can help employers find the most qualified candidate for the job\nQuestion: Do argument 1 and argument 2 support or counter each other? Answer in one word in the form of 'support' or 'counter'.\n\nAnswer:", "desc": "node_id,node_attr\n0,intelligence tests\n1,effective\n2,workplace\n3,qualified candidate\n4,potential job candidates\n\nsrc,edge_attr,dst\n0,has property,1\n1,used for,2\n2,desires,3\n3,part of,4\n"}
{"id": 847, "pred": "\n\n[SUPPORT]\n[/SUPPORT]\n[/INST]\n\n[SUPPORT]\n[/SUPPORT", "label": "counter", "question": "Argument 1: School uniforms should not be implemented.\nArgument 2: School uniforms create consensus.\nQuestion: Do argument 1 and argument 2 support or counter each other? Answer in one word in the form of 'support' or 'counter'.\n\nAnswer:", "desc": "node_id,node_attr\n0,school uniforms\n1,everyone the same\n2,consensus\n3,less conflicts\n4,implemented\n\nsrc,edge_attr,dst\n0,causes,1\n1,capable of,2\n2,causes,3\n3,desires,4\n"}
{"id": 1436, "pred": "\n\n\n\n\n\n\n\n\n\n\n\n\n\n\n\n\n\n\n\n\n\n\n\n\n\n\n\n\n\n\n\n", "label": "support", "question": "Argument 1: Organ acquisition in the market makes it easier to get.\nArgument 2: Sale of organ in the market makes it easy to get and safe stress.\nQuestion: Do argument 1 and argument 2 support or counter each other? Answer in one word in the form of 'support' or 'counter'.\n\nAnswer:", "desc": "node_id,node_attr\n0,organ acquisition\n1,more organs available\n2,easier to get\n3,easy to get\n4,safe stress\n\nsrc,edge_attr,dst\n0,capable of,1\n1,causes,2\n3,capable of,4\n3,has context,1\n"}
{"id": 1274, "pred": "\n```\n\n### Expected Output\n\n| Node | Node Attribute | Edge Attribute | Edge Direction | Edge Destination | Edge Destination Attribute", "label": "support", "question": "Argument 1: Naturopathy is dishonest and should be banned.\nArgument 2: Naturopathy often make bold claims unsupported by evidence and can cause harm.\nQuestion: Do argument 1 and argument 2 support or counter each other? Answer in one word in the form of 'support' or 'counter'.\n\nAnswer:", "desc": "node_id,node_attr\n0,naturopathy\n1,not real medicine\n2,should be banned\n3,unsupported by evidence\n4,cause harm\n\nsrc,edge_attr,dst\n0,has property,1\n1,has property,2\n3,capable of,4\n4,has property,2\n"}
{"id": 170, "pred": "\n\nAnswer: [/INST]\n\nAnswer: [/INST]\n\nAnswer: [/INST]\n\nAnswer: [/INST]", "label": "support", "question": "Argument 1: The Olympic games brings people together.\nArgument 2: The olympics are watched worldwide.\nQuestion: Do argument 1 and argument 2 support or counter each other? Answer in one word in the form of 'support' or 'counter'.\n\nAnswer:", "desc": "node_id,node_attr\n0,the olympic games\n1,worldwide game\n2,watched worldwide\n3,brings people together\n4,the olympics\n\nsrc,edge_attr,dst\n0,is a,1\n1,has property,2\n1,capable of,3\n3,created by,4\n"}
{"id": 1406, "pred": "\n\n[/INST]\n\n[/INST]\n\n[/INST]\n\n[/INST]\n\n[/INST]\n\n", "label": "counter", "question": "Argument 1: A multi-party system would harm society.\nArgument 2: A multi-party system would cause multiple parties to align and compromise, increasing efficiency and doing no harm.\nQuestion: Do argument 1 and argument 2 support or counter each other? Answer in one word in the form of 'support' or 'counter'.\n\nAnswer:", "desc": "node_id,node_attr\n0,multiple parties\n1,multi-party system\n2,align and compromise\n3,harm society\n\nsrc,edge_attr,dst\n0,part of,1\n0,capable of,2\n2,not capable of,3\n"}
{"id": 1397, "pred": "\n\n", "label": "support", "question": "Argument 1: Gender-neutral language is impersonal.\nArgument 2: Gender is an expression of a person's identity.\nQuestion: Do argument 1 and argument 2 support or counter each other? Answer in one word in the form of 'support' or 'counter'.\n\nAnswer:", "desc": "node_id,node_attr\n0,gender-neutral language\n1,vague\n2,impersonal\n3,gender\n4,identity\n5,personal\n\nsrc,edge_attr,dst\n0,capable of,1\n1,has context,2\n3,part of,4\n4,has context,5\n5,antonym of,2\n"}
{"id": 1374, "pred": "\n\n[INST] node_id,node_attr\n0,multiparty systems\n1,various views\n2,better outcome\n", "label": "support", "question": "Argument 1: multiparty systems provide more than one point of view and ultimately a better outcome\nArgument 2: a multiparty system has more than one political view\nQuestion: Do argument 1 and argument 2 support or counter each other? Answer in one word in the form of 'support' or 'counter'.\n\nAnswer:", "desc": "node_id,node_attr\n0,multiparty systems\n1,various views\n2,better outcome\n3,multiparty system\n4,more than one\n\nsrc,edge_attr,dst\n0,has context,1\n1,capable of,2\n3,has context,4\n4,has property,1\n"}
{"id": 557, "pred": "\n```\n\n### Instance\n\n```python\nfrom pyspark.sql import functions as F\nfrom pyspark.sql import Row", "label": "support", "question": "Argument 1: freedom of speech is essential.\nArgument 2: Freedom of speech is part of the constitution.\nQuestion: Do argument 1 and argument 2 support or counter each other? Answer in one word in the form of 'support' or 'counter'.\n\nAnswer:", "desc": "node_id,node_attr\n0,freedom of speech\n1,important\n2,essential\n3,constitution\n\nsrc,edge_attr,dst\n0,has property,1\n1,part of,2\n2,used for,3\n"}
{"id": 548, "pred": "\n\n[/INST]\n\n[/INST]\n\n[/INST]\n\n[/INST]\n\n[/INST]\n\n", "label": "support", "question": "Argument 1: mandating the use of public defenders will help all get the best lawyers.\nArgument 2: every defendant will be equal before the law.\nQuestion: Do argument 1 and argument 2 support or counter each other? Answer in one word in the form of 'support' or 'counter'.\n\nAnswer:", "desc": "node_id,node_attr\n0,public defenders\n1,effective\n2,every defendant\n3,best lawyers\n4,law\n5,equality\n\nsrc,edge_attr,dst\n0,has property,1\n1,used for,2\n2,capable of,3\n3,used for,4\n4,capable of,5\n"}
{"id": 1539, "pred": "\n\n\n\n\n\n\n\n\n\n\n\n\n\n\n\n\n\n\n\n\n\n\n\n\n\n\n\n\n\n\n\n", "label": "counter", "question": "Argument 1: targeted killing makes the people in the area angry and more radicalized\nArgument 2: sometimes dangerous people are cunning and hard to catch.\nQuestion: Do argument 1 and argument 2 support or counter each other? Answer in one word in the form of 'support' or 'counter'.\n\nAnswer:", "desc": "node_id,node_attr\n0,targeted killing\n1,dangerous people\n2,cunning\n3,harder to catch\n4,threat\n5,angry\n6,more radicalized\n\nsrc,edge_attr,dst\n0,has context,1\n1,capable of,2\n1,capable of,3\n1,is a,4\n4,not capable of,5\n4,not capable of,6\n"}
{"id": 219, "pred": "\n\n", "label": "counter", "question": "Argument 1: Blockades only affect poor people because they lose their jobs and they lose supplies.\nArgument 2: All citizens are blocked from supplies with a blockade.\nQuestion: Do argument 1 and argument 2 support or counter each other? Answer in one word in the form of 'support' or 'counter'.\n\nAnswer:", "desc": "node_id,node_attr\n0,blockade\n1,entire population\n2,all citizens\n3,lose supplies\n4,poor people\n\nsrc,edge_attr,dst\n0,used for,1\n1,part of,2\n2,receives action,3\n3,not used for,4\n"}
{"id": 2394, "pred": "\n\n\n\n\n\n\n\n\n\n\n\n\n\n\n\n\n\n\n\n\n\n\n\n\n\n\n\n\n\n\n\n", "label": "counter", "question": "Argument 1: entrapment should be legal because banning it is arbitrary\nArgument 2: Entrapment is meant to be a deception.\nQuestion: Do argument 1 and argument 2 support or counter each other? Answer in one word in the form of 'support' or 'counter'.\n\nAnswer:", "desc": "node_id,node_attr\n0,entrapment\n1,deception\n2,commit a crime\n3,harms others\n4,arbitrary\n5,already in use\n6,banning entrapment\n\nsrc,edge_attr,dst\n0,has property,1\n1,used for,2\n2,has property,3\n4,created by,5\n3,is not a,4\n5,receives action,6\n"}
{"id": 632, "pred": "\n\n[/INST]\n\n[/INST]\n\n[/INST]\n\n[/INST]\n\n[/INST]\n\n", "label": "support", "question": "Argument 1: Prayer in school is a violation of the students' first amendment rights, because it forces religion on them.\nArgument 2: Some children aren't religious.\nQuestion: Do argument 1 and argument 2 support or counter each other? Answer in one word in the form of 'support' or 'counter'.\n\nAnswer:", "desc": "node_id,node_attr\n0,prayer in school\n1,violation of right\n2,children\n3,students'\n4,religious\n\nsrc,edge_attr,dst\n0,is a,1\n1,used for,2\n2,part of,3\n3,not has property,4\n"}
{"id": 435, "pred": "\n\n[/INST]\n\n[/INST]\n\n[/INST]\n\n[/INST]\n\n[/INST]\n\n", "label": "counter", "question": "Argument 1: Social media is a socialization tool.\nArgument 2: Social media enforces bullying.\nQuestion: Do argument 1 and argument 2 support or counter each other? Answer in one word in the form of 'support' or 'counter'.\n\nAnswer:", "desc": "node_id,node_attr\n0,social media\n1,illegal things\n2,bullying\n3,socialization tool\n\nsrc,edge_attr,dst\n0,used for,1\n1,part of,2\n2,is not a,3\n"}
{"id": 2279, "pred": "\n\n\n\n\n\n\n\n\n\n\n\n\n\n\n\n\n\n\n\n\n\n\n\n\n\n\n\n\n\n\n\n", "label": "counter", "question": "Argument 1: School uniforms are not a good option for students.\nArgument 2: Uniforms are worn in a variety of situations, not just for school students.\nQuestion: Do argument 1 and argument 2 support or counter each other? Answer in one word in the form of 'support' or 'counter'.\n\nAnswer:", "desc": "node_id,node_attr\n0,uniforms\n1,variety of situations\n2,school\n3,worn\n\nsrc,edge_attr,dst\n0,used for,1\n2,part of,1\n0,used for,3\n"}
{"id": 1885, "pred": "\n\n#!/bin/bash\n\n# Inputs\nINST=$1\n\n# Outputs\nOUT=$2\n\n# Script\nfor IN", "label": "counter", "question": "Argument 1: Society can provide assistance for the most vulnerable among us\nArgument 2: It is not society's responsibility to provide for all people\nQuestion: Do argument 1 and argument 2 support or counter each other? Answer in one word in the form of 'support' or 'counter'.\n\nAnswer:", "desc": "node_id,node_attr\n0,society\n1,responsibility\n2,provide assistance\n3,vulnerable among us\n4,people\n\nsrc,edge_attr,dst\n0,not capable of,1\n1,synonym of,2\n1,not has context,3\n4,part of,3\n"}
{"id": 2430, "pred": "\n\n[/INST]\n\n[INST] node_id,node_attr\n0,human cloning\n1,immoral\n2,", "label": "support", "question": "Argument 1: Human cloning is unnatural.\nArgument 2: Human cloning is not legal.\nQuestion: Do argument 1 and argument 2 support or counter each other? Answer in one word in the form of 'support' or 'counter'.\n\nAnswer:", "desc": "node_id,node_attr\n0,human cloning\n1,immoral\n2,not legal\n3,unnatural\n\nsrc,edge_attr,dst\n0,is a,1\n1,part of,2\n2,is a,3\n"}
{"id": 1742, "pred": "\n```\n\n### [ENST]\n\n```\n[ENST] node_id,node_attr\n0,students\n1", "label": "support", "question": "Argument 1: zero-tolerance policy to punish students is not good.\nArgument 2: Many students do not make the same mistake for a second time.\nQuestion: Do argument 1 and argument 2 support or counter each other? Answer in one word in the form of 'support' or 'counter'.\n\nAnswer:", "desc": "node_id,node_attr\n0,students\n1,same mistake\n2,zero-tolerance policy\n3,a second time\n4,harsh\n5,punish students\n6,not good\n\nsrc,edge_attr,dst\n0,not capable of,1\n1,receives action,2\n1,has context,3\n2,is a,4\n4,not desires,5\n4,is a,6\n"}
{"id": 296, "pred": "\n\n[/INST]\n\n[/INST]\n\n[/INST]\n\n[/INST]\n\n[/INST]\n\n", "label": "counter", "question": "Argument 1: missionary work should be banned.\nArgument 2: missionary work helps the poor.\nQuestion: Do argument 1 and argument 2 support or counter each other? Answer in one word in the form of 'support' or 'counter'.\n\nAnswer:", "desc": "node_id,node_attr\n0,missionary work\n1,charity\n2,helps the poor\n3,banned\n\nsrc,edge_attr,dst\n0,has subevent,1\n1,has subevent,2\n2,not receives action,3\n"}
{"id": 2646, "pred": "\n\n[INST] node_id,node_attr\n0,human cloning\n1,create people\n2,body parts only\n3,", "label": "counter", "question": "Argument 1: Human cloning should be allowed, as it would be a great boon for medical advancements.\nArgument 2: It is immoral to create people for the sole purpose of curing others.\nQuestion: Do argument 1 and argument 2 support or counter each other? Answer in one word in the form of 'support' or 'counter'.\n\nAnswer:", "desc": "node_id,node_attr\n0,human cloning\n1,create people\n2,body parts only\n3,immoral\n4,allowed\n\nsrc,edge_attr,dst\n0,used for,1\n1,used for,2\n2,has context,3\n3,not desires,4\n"}
{"id": 1116, "pred": "\n\n[/INST]\n\n[/INST]\n\n[/INST]\n\n[/INST]\n\n[/INST]\n\n", "label": "support", "question": "Argument 1: Prostitution is also a way of life and a body autonomy, it should be legal to perform\nArgument 2: everyone has right to body autonomy, prostitution is one aspect of it that should not be a crime.\nQuestion: Do argument 1 and argument 2 support or counter each other? Answer in one word in the form of 'support' or 'counter'.\n\nAnswer:", "desc": "node_id,node_attr\n0,prostitution\n1,individual decision\n2,body autonomy\n3,crime\n\nsrc,edge_attr,dst\n0,has context,1\n1,created by,2\n2,not capable of,3\n"}
{"id": 2563, "pred": "\n\n\n", "label": "support", "question": "Argument 1: Since a moral crisis can be created, and people can be exploited, human cloning shouldn't be allowed.\nArgument 2: God creates life.\nQuestion: Do argument 1 and argument 2 support or counter each other? Answer in one word in the form of 'support' or 'counter'.\n\nAnswer:", "desc": "node_id,node_attr\n0,god\n1,eternal being\n2,creates life\n3,human cloning\n4,moral crisis created\n5,people exploited\n6,violates god\n7,allowed\n\nsrc,edge_attr,dst\n0,is a,1\n1,capable of,2\n2,not desires,3\n3,capable of,4\n3,capable of,5\n4,causes,6\n5,causes,6\n6,not desires,7\n"}
{"id": 2762, "pred": "\n\n\n\n### Input\n\n\n\n### Output\n\n\n\n### Example\n\n\n\n### Notes\n\n\n", "label": "support", "question": "Argument 1: People should be allowed to believe fairy tales if they want to.\nArgument 2: Some fairy tales are based on facts with a colorful details added.\nQuestion: Do argument 1 and argument 2 support or counter each other? Answer in one word in the form of 'support' or 'counter'.\n\nAnswer:", "desc": "node_id,node_attr\n0,believable\n1,by people\n2,believe\n3,fairy tales\n4,based on facts\n5,colorful details added\n6,truth\n\nsrc,edge_attr,dst\n0,has context,1\n0,synonym of,2\n3,capable of,4\n3,has context,5\n4,has property,6\n6,has property,0\n"}
{"id": 1200, "pred": "\n\n\n### [INPUT]\n\n[INST] node_id,node_attr\n0,money\n1,surplus\n", "label": "support", "question": "Argument 1: The money would be better spent on employees.\nArgument 2: Some people believe that extra money should go to the employees of an organization.\nQuestion: Do argument 1 and argument 2 support or counter each other? Answer in one word in the form of 'support' or 'counter'.\n\nAnswer:", "desc": "node_id,node_attr\n0,money\n1,surplus\n2,better spent\n3,organization\n4,employees\n\nsrc,edge_attr,dst\n0,capable of,1\n1,capable of,2\n2,has property,3\n3,has property,4\n"}
{"id": 1192, "pred": "\n\n[INST] node_id,node_attr\n0,stay home dads\n1,be more productive\n2,subs", "label": "support", "question": "Argument 1: When we subsidize stay at home Dads they tend to be more productive\nArgument 2: stay at home Dads will be happy when they are supported, they will invest and help themselves and the country\nQuestion: Do argument 1 and argument 2 support or counter each other? Answer in one word in the form of 'support' or 'counter'.\n\nAnswer:", "desc": "node_id,node_attr\n0,stay home dads\n1,be more productive\n2,subsidy\n3,happy\n4,dads\n\nsrc,edge_attr,dst\n0,capable of,1\n1,created by,2\n2,causes,3\n3,used for,4\n"}
{"id": 252, "pred": "\n\n#!/bin/bash\n\n# $1 = file\n# $2 = file\n# $3 = file\n# $4 = file", "label": "support", "question": "Argument 1: Undercutting hamas would help end the blockade of the gaza strip.\nArgument 2: Ending the blockade of the gaza strip and providing aid by Israel to undercut hamas.\nQuestion: Do argument 1 and argument 2 support or counter each other? Answer in one word in the form of 'support' or 'counter'.\n\nAnswer:", "desc": "node_id,node_attr\n0,sanction\n1,undercutting hamas\n2,blockade\n3,stop hamas terrorist\n4,the gaza strip\n\nsrc,edge_attr,dst\n0,used for,1\n2,is a,0\n1,used for,3\n3,at location,4\n"}
{"id": 445, "pred": "\n\n### Question: Do argument 1 and argument 2 support or counter each other? Answer in one word in the form of 'support' or", "label": "support", "question": "Argument 1: missionary work should not be banned\nArgument 2: we need more people going out doing missionary work to make a difference\nQuestion: Do argument 1 and argument 2 support or counter each other? Answer in one word in the form of 'support' or 'counter'.\n\nAnswer:", "desc": "node_id,node_attr\n0,missionary work\n1,make a difference\n2,not be banned\n3,people\n\nsrc,edge_attr,dst\n0,capable of,1\n1,has property,2\n0,made of,3\n"}
{"id": 1765, "pred": "\n\n[/INST]\n\n[INST]\n\n[/INST]\n\n[INST]\n\n[/INST]\n\n[INST", "label": "support", "question": "Argument 1: Once free speech is limited, it can go to dangerous places.\nArgument 2: The government will get used to limiting freedom.\nQuestion: Do argument 1 and argument 2 support or counter each other? Answer in one word in the form of 'support' or 'counter'.\n\nAnswer:", "desc": "node_id,node_attr\n0,free speech\n1,restriction\n2,limited\n3,government\n4,dangerous places\n5,limiting freedom\n\nsrc,edge_attr,dst\n0,not desires,1\n1,synonym of,2\n1,created by,3\n1,capable of,4\n2,has context,5\n"}
{"id": 222, "pred": "\n\n[/INST]\n\n[/INST]\n\n[/INST]\n\n[/INST]\n\n[/INST]\n\n", "label": "support", "question": "Argument 1: Women should not be allowed in combat.\nArgument 2: Some believe that the biomechanics of women allow them to not carry a similar weight of equipment as men.\nQuestion: Do argument 1 and argument 2 support or counter each other? Answer in one word in the form of 'support' or 'counter'.\n\nAnswer:", "desc": "node_id,node_attr\n0,women\n1,strength\n2,biomechanics\n3,weapons\n4,combat\n\nsrc,edge_attr,dst\n0,not capable of,1\n1,created by,2\n2,used for,3\n3,used for,4\n"}
{"id": 63, "pred": "\n\nAnswer: [/INST]\n\nAnswer: [/INST]\n\nAnswer: [/INST]\n\nAnswer: [/INST]", "label": "support", "question": "Argument 1: The use of recreational weed may increase DUI deaths.\nArgument 2: The use of recreational weeds should be banned as the mortality rate is likely to increase.\nQuestion: Do argument 1 and argument 2 support or counter each other? Answer in one word in the form of 'support' or 'counter'.\n\nAnswer:", "desc": "node_id,node_attr\n0,use of\n1,recreational weeds\n2,addiction\n3,use before driving\n4,accidents\n5,increase dui deaths\n6,mortality rate\n7,increase\n\nsrc,edge_attr,dst\n0,has context,1\n1,causes,2\n2,capable of,3\n3,causes,4\n4,causes,5\n5,causes,6\n6,receives action,7\n"}
{"id": 406, "pred": "\n\n[INST]\nnode_id,node_attr\n0,factory farming\n1,cheap meats\n2,cheap me", "label": "support", "question": "Argument 1: People rely on factory farming for cheap meals.\nArgument 2: Millions rely on factory farming for cheap meat that is not healthy.\nQuestion: Do argument 1 and argument 2 support or counter each other? Answer in one word in the form of 'support' or 'counter'.\n\nAnswer:", "desc": "node_id,node_attr\n0,factory farming\n1,cheap meats\n2,cheap meals\n3,healthy\n4,people\n\nsrc,edge_attr,dst\n0,used for,1\n1,used for,2\n2,not part of,3\n3,used for,4\n"}
{"id": 2497, "pred": "\n\nAnswer: [/INST]\n\nAnswer: [/INST]\n\nAnswer: [/INST]\n\nAnswer: [/INST]", "label": "counter", "question": "Argument 1: Austerity forces poor people to become even poorer.\nArgument 2: Any type of government keeps poor people poor.\nQuestion: Do argument 1 and argument 2 support or counter each other? Answer in one word in the form of 'support' or 'counter'.\n\nAnswer:", "desc": "node_id,node_attr\n0,any type\n1,government\n2,keeps\n3,poor people poor\n4,austerity\n5,forces\n6,become even poorer\n\nsrc,edge_attr,dst\n0,used for,1\n1,capable of,2\n2,has context,3\n0,not created by,4\n4,not capable of,5\n3,not capable of,6\n5,has context,3\n"}
{"id": 1159, "pred": "\n```\n\n### Example\n\n```\n[INST] node_id,node_attr\n0,child actors\n1,happy\n", "label": "support", "question": "Argument 1: We should continue to allow child actors.\nArgument 2: Some roles are designed for children and should be played by children to be realistic.\nQuestion: Do argument 1 and argument 2 support or counter each other? Answer in one word in the form of 'support' or 'counter'.\n\nAnswer:", "desc": "node_id,node_attr\n0,child actors\n1,happy\n2,continue to allow\n3,some roles\n4,designed for children\n5,played by children\n6,should be allowed\n\nsrc,edge_attr,dst\n0,capable of,1\n1,desires,2\n3,has context,4\n4,desires,5\n5,has context,6\n6,causes,2\n"}
{"id": 44, "pred": "\n\n[/INST]\n", "label": "support", "question": "Argument 1: If people are allowed to use cannabis, which is a gateway drug, it's steering them towards lifelong addictions.\nArgument 2: Many people's first drug is cannabis.\nQuestion: Do argument 1 and argument 2 support or counter each other? Answer in one word in the form of 'support' or 'counter'.\n\nAnswer:", "desc": "node_id,node_attr\n0,cannabis\n1,first drug\n2,gateway drug\n3,many people's first\n4,lifelong addictions\n5,blight on society\n6,allowed to use\n\nsrc,edge_attr,dst\n0,has property,1\n1,has context,2\n2,has context,3\n3,has subevent,4\n4,has context,5\n5,not desires,6\n"}
{"id": 1557, "pred": "\n\n[/INST]\n\n[INST]\nQuestion: Do argument 1 and argument 2 support or counter each other? Answer in one word", "label": "counter", "question": "Argument 1: women should not be discriminated against in the role in military combat.\nArgument 2: women should not leave her family for a long time.\nQuestion: Do argument 1 and argument 2 support or counter each other? Answer in one word in the form of 'support' or 'counter'.\n\nAnswer:", "desc": "node_id,node_attr\n0,women\n1,leave her family\n2,military combat\n3,fighting in combat\n4,discriminated against\n5,females\n\nsrc,edge_attr,dst\n0,not desires,1\n2,desires,1\n0,not used for,3\n3,has context,4\n3,synonym of,2\n0,synonym of,5\n5,desires,4\n"}
{"id": 1251, "pred": "\n```\n\n### Explanation\n\nThis example is a multiple-choice question.\n\n### Solution\n\n```python\nimport sp", "label": "support", "question": "Argument 1: Abolishing mandatory retirement will benefit society.\nArgument 2: Abolishing mandatory retirement will reduce citizens' dependence on the state.\nQuestion: Do argument 1 and argument 2 support or counter each other? Answer in one word in the form of 'support' or 'counter'.\n\nAnswer:", "desc": "node_id,node_attr\n0,abolishing mandatory retirement\n1,reduction\n2,citizens' dependence\n3,benefit society\n\nsrc,edge_attr,dst\n0,capable of,1\n1,used for,2\n2,capable of,3\n"}
{"id": 942, "pred": "\n\n[/INST]\n", "label": "support", "question": "Argument 1: A quarter of people suffer from something that can be alleviated by legalizing something.\nArgument 2: Anything that helps people get relief from suffering should be legal.\nQuestion: Do argument 1 and argument 2 support or counter each other? Answer in one word in the form of 'support' or 'counter'.\n\nAnswer:", "desc": "node_id,node_attr\n0,suffering\n1,relief\n2,legalizing something\n3,alternative medications\n4,anything that helps\n5,people suffer\n6,should be legal\n\nsrc,edge_attr,dst\n0,desires,1\n1,created by,2\n2,has context,3\n3,part of,4\n4,used for,5\n5,desires,6\n"}
{"id": 331, "pred": "\n\n[/INST]\n\nAnswer:\n[/INST]\n\n[/INST]\n\nAnswer:\n[/INST]\n\n", "label": "support", "question": "Argument 1: Missionaries are a benefit to society.\nArgument 2: Missionaries help many individuals.\nQuestion: Do argument 1 and argument 2 support or counter each other? Answer in one word in the form of 'support' or 'counter'.\n\nAnswer:", "desc": "node_id,node_attr\n0,missionaries\n1,help\n2,many individuals\n3,benefit to society\n\nsrc,edge_attr,dst\n0,capable of,1\n1,used for,2\n1,causes,3\n"}
{"id": 2060, "pred": "\n\n[/INST]\n\n[/INST]\n\n[/INST]\n\n[/INST]\n\n[/INST]\n\n", "label": "counter", "question": "Argument 1: People in safe space are vulnerable\nArgument 2: Safe space accommodates everyone\nQuestion: Do argument 1 and argument 2 support or counter each other? Answer in one word in the form of 'support' or 'counter'.\n\nAnswer:", "desc": "node_id,node_attr\n0,safe space\n1,neutral\n2,vulnerable\n3,accommodates everyone\n\nsrc,edge_attr,dst\n0,has context,1\n1,is not a,2\n0,capable of,3\n"}
{"id": 1216, "pred": "\n\nAnswer: [/INST]\n\nAnswer: [/INST]\n\nAnswer: [/INST]\n\nAnswer: [/INST]", "label": "support", "question": "Argument 1: People should be free to use alternative health care.\nArgument 2: Many healthcare remedies - both prescribed and alternative - can help via the placebo effect.\nQuestion: Do argument 1 and argument 2 support or counter each other? Answer in one word in the form of 'support' or 'counter'.\n\nAnswer:", "desc": "node_id,node_attr\n0,alternative health care\n1,alternative medicine\n2,placebo effect\n3,people\n4,many healthcare remedies\n\nsrc,edge_attr,dst\n0,made of,1\n1,has property,2\n2,used for,3\n3,desires,4\n"}
{"id": 230, "pred": "\n\n```\n[INST]\n[/INST]\n\n[INSTRUCTIONS]\n\n[/INSTRUCTIONS]\n", "label": "counter", "question": "Argument 1: women should be allowed in combat.\nArgument 2: Women are more emotional than men.\nQuestion: Do argument 1 and argument 2 support or counter each other? Answer in one word in the form of 'support' or 'counter'.\n\nAnswer:", "desc": "node_id,node_attr\n0,women\n1,soft heartened\n2,emotional\n3,combat\n\nsrc,edge_attr,dst\n0,has property,1\n1,causes,2\n2,not used for,3\n"}
{"id": 727, "pred": "\n\n```\n\n### 2.2.3.1.1\n\n[INST] node_id,node_attr\n0,", "label": "counter", "question": "Argument 1: The three strikes law is effective.\nArgument 2: The three strikes law does not prevent someone from committing crimes.\nQuestion: Do argument 1 and argument 2 support or counter each other? Answer in one word in the form of 'support' or 'counter'.\n\nAnswer:", "desc": "node_id,node_attr\n0,three strikes law\n1,efficient\n2,not prevent someone\n3,effective\n4,commiting crime\n\nsrc,edge_attr,dst\n0,is not a,1\n1,created by,2\n2,not part of,3\n2,causes,4\n"}
{"id": 316, "pred": "\n\n[INST] node_id,node_attr\n0,factory farming\n1,control\n2,consistent\n3,changes\n", "label": "support", "question": "Argument 1: Factory farming allows the conditions to stay consistent, and the the quality stays consistent.\nArgument 2: Factory farming doesn't allow for changes from nature.\nQuestion: Do argument 1 and argument 2 support or counter each other? Answer in one word in the form of 'support' or 'counter'.\n\nAnswer:", "desc": "node_id,node_attr\n0,factory farming\n1,control\n2,consistent\n3,changes\n4,conditions\n\nsrc,edge_attr,dst\n0,has property,1\n1,used for,2\n2,antonym of,3\n3,not used for,4\n"}
{"id": 1561, "pred": "\n\n[/INST]\n\n[/INST]\n\n[/INST]\n\n[/INST]\n\n[/INST]\n\n", "label": "support", "question": "Argument 1: blockades are a better options than the military\nArgument 2: blockades serves us better than the options from military.\nQuestion: Do argument 1 and argument 2 support or counter each other? Answer in one word in the form of 'support' or 'counter'.\n\nAnswer:", "desc": "node_id,node_attr\n0,blockades\n1,peaceful\n2,military\n3,better options\n4,serves us better\n\nsrc,edge_attr,dst\n0,has context,1\n2,not has context,1\n1,has context,3\n3,has context,4\n"}
{"id": 1554, "pred": "\n\n\n\n\n\n\n\n\n\n\n\n\n\n\n\n\n\n\n\n\n\n\n\n\n\n\n\n\n\n\n\n", "label": "support", "question": "Argument 1: blockades in gaza should continue if people feel threatened.\nArgument 2: The blockade is necessary as to make the people feel safe.\nQuestion: Do argument 1 and argument 2 support or counter each other? Answer in one word in the form of 'support' or 'counter'.\n\nAnswer:", "desc": "node_id,node_attr\n0,blockades\n1,necessary\n2,barrier\n3,gaza\n4,continue\n5,people feel safe\n6,people feel threatened\n\nsrc,edge_attr,dst\n0,is a,1\n0,is a,2\n2,at location,3\n2,desires,4\n4,has context,5\n5,antonym of,6\n"}
{"id": 1463, "pred": "\n\n[INST] node_id,node_attr\n0,people\n1,traded alone\n2,algorithmic trading\n3,", "label": "counter", "question": "Argument 1: Algorithmic trading is better for the economy.\nArgument 2: People have successfully traded alone for hundreds of years.\nQuestion: Do argument 1 and argument 2 support or counter each other? Answer in one word in the form of 'support' or 'counter'.\n\nAnswer:", "desc": "node_id,node_attr\n0,people\n1,traded alone\n2,algorithmic trading\n3,successfully\n4,better\n\nsrc,edge_attr,dst\n0,capable of,1\n2,not used for,1\n1,capable of,3\n3,has context,4\n"}
{"id": 1817, "pred": "\n\n[INST]\n\n[/INST]\n\n[INST]\n\n[/INST]\n\n[INST]\n\n[/INST", "label": "counter", "question": "Argument 1: Alternative medicines can be harmful.\nArgument 2: Alternative medicines are often no more harmful than many already-existing treatments.\nQuestion: Do argument 1 and argument 2 support or counter each other? Answer in one word in the form of 'support' or 'counter'.\n\nAnswer:", "desc": "node_id,node_attr\n0,alternative medicines\n1,no more harmful\n2,already-existing treatments\n3,harmful\n\nsrc,edge_attr,dst\n0,has context,1\n2,capable of,3\n3,antonym of,1\n"}
{"id": 964, "pred": "\n\n### Expected output\n\n[INST]\n0,support\n1,counter\n2,support\n3,support\n4,support", "label": "support", "question": "Argument 1: If people are allowed to choose their baby's gender, a gender imbalance could be created in the population.\nArgument 2: Gender selection is controversial.\nQuestion: Do argument 1 and argument 2 support or counter each other? Answer in one word in the form of 'support' or 'counter'.\n\nAnswer:", "desc": "node_id,node_attr\n0,gender selection\n1,bias\n2,gender imbalance\n3,controversial\n4,people\n\nsrc,edge_attr,dst\n0,causes,1\n1,causes,2\n2,has property,3\n3,used for,4\n"}
{"id": 2503, "pred": "\n\n[/INST]\n\n[INST] node_id,node_attr\n0,this country\n1,freedom of religion\n2", "label": "support", "question": "Argument 1: People should believe what they choose to believe.\nArgument 2: This country has freedom of religion.\nQuestion: Do argument 1 and argument 2 support or counter each other? Answer in one word in the form of 'support' or 'counter'.\n\nAnswer:", "desc": "node_id,node_attr\n0,this country\n1,freedom of religion\n2,choose to believe\n3,people\n\nsrc,edge_attr,dst\n0,capable of,1\n1,capable of,2\n3,desires,1\n"}
{"id": 1135, "pred": "\n\n[INST] node_id,node_attr\n0,racial profiling\n1,allows\n2,criminals\n3", "label": "support", "question": "Argument 1: racial profiling allows people who have committed a crime to be caught quickly\nArgument 2: Racial profiling allows criminals of certain races to be fished out as early as possible\nQuestion: Do argument 1 and argument 2 support or counter each other? Answer in one word in the form of 'support' or 'counter'.\n\nAnswer:", "desc": "node_id,node_attr\n0,racial profiling\n1,allows\n2,criminals\n3,certain races\n4,be fished out\n5,earliest possible\n6,people\n7,committed an offence\n8,be caught quickly\n\nsrc,edge_attr,dst\n0,receives action,1\n1,has context,2\n2,part of,3\n3,capable of,4\n4,has subevent,5\n6,receives action,7\n7,capable of,8\n5,causes,6\n"}
{"id": 879, "pred": "\n\n[/INST]\n", "label": "support", "question": "Argument 1: Safe spaces are important to personal emotional health.\nArgument 2: Safe spaces are places for people to gather, and feel protected\nQuestion: Do argument 1 and argument 2 support or counter each other? Answer in one word in the form of 'support' or 'counter'.\n\nAnswer:", "desc": "node_id,node_attr\n0,safe spaces\n1,security\n2,personal emotional health\n3,protected\n\nsrc,edge_attr,dst\n0,causes,1\n1,capable of,2\n0,capable of,3\n"}
{"id": 2539, "pred": "\n\nAnswer: [/INST]\n\nAnswer: [/INST]\n\nAnswer: [/INST]\n\nAnswer: [/INST]", "label": "support", "question": "Argument 1: Known killers need to be held.\nArgument 2: Criminals need to be off the street.\nQuestion: Do argument 1 and argument 2 support or counter each other? Answer in one word in the form of 'support' or 'counter'.\n\nAnswer:", "desc": "node_id,node_attr\n0,criminals\n1,off the street\n2,known killers\n3,be held\n\nsrc,edge_attr,dst\n0,capable of,1\n2,synonym of,0\n1,synonym of,3\n"}
{"id": 756, "pred": "\n\n[/IN]\n\n[/M]\n", "label": "counter", "question": "Argument 1: People can abuse second and third chances given to them.\nArgument 2: People's brains change as they mature and have new experiences.\nQuestion: Do argument 1 and argument 2 support or counter each other? Answer in one word in the form of 'support' or 'counter'.\n\nAnswer:", "desc": "node_id,node_attr\n0,people\n1,changing\n2,mature\n3,abuse\n4,new experiences\n\nsrc,edge_attr,dst\n0,capable of,1\n1,created by,2\n2,not causes,3\n3,not created by,4\n"}
{"id": 1281, "pred": "\n\nAnswer: [/INST]\n\nAnswer: [/INST]\n\nAnswer: [/INST]\n\nAnswer: [/INST]", "label": "support", "question": "Argument 1: A person is allowed to state how they feel about their country.\nArgument 2: Freedom of speech is the first amendment of the US constitution.\nQuestion: Do argument 1 and argument 2 support or counter each other? Answer in one word in the form of 'support' or 'counter'.\n\nAnswer:", "desc": "node_id,node_attr\n0,freedom of speech\n1,gives people freedom\n2,allowed to state\n3,their opinions\n4,how they feel\n5,about their society\n6,first amendment\n7,us constitution\n\nsrc,edge_attr,dst\n0,receives action,1\n1,causes,2\n2,has context,3\n3,created by,4\n4,has context,5\n0,is a,6\n6,part of,7\n"}
{"id": 121, "pred": "\n", "label": "counter", "question": "Argument 1: The Olympic games are a waste of money and space\nArgument 2: The Olympic games are viewed by millions of people all over the world\nQuestion: Do argument 1 and argument 2 support or counter each other? Answer in one word in the form of 'support' or 'counter'.\n\nAnswer:", "desc": "node_id,node_attr\n0,the olympic games\n1,viewed by\n2,millions of people\n3,over the world\n4,get entertainment\n5,explore more spaces\n6,olympic venues\n7,waste of money\n8,waste of space\n\nsrc,edge_attr,dst\n0,receives action,1\n1,has context,2\n2,at location,3\n2,capable of,4\n3,capable of,5\n5,used for,6\n4,not causes,7\n6,not causes,8\n"}
{"id": 1398, "pred": "\n```\n\n### Instance 2\n```\n[INST] node_id,node_attr\n0,mandatory retirement\n", "label": "support", "question": "Argument 1: Mandatory retirement keeps the workforce fresh.\nArgument 2: Mandatory retirement allows people to know for a certainty when they will have to stop working.\nQuestion: Do argument 1 and argument 2 support or counter each other? Answer in one word in the form of 'support' or 'counter'.\n\nAnswer:", "desc": "node_id,node_attr\n0,mandatory retirement\n1,new employees\n2,workforce fresh\n3,certainty\n\nsrc,edge_attr,dst\n0,causes,1\n1,causes,2\n0,causes,3\n"}
{"id": 729, "pred": "\n\n[/INST]\n\n[/INST]\n\n[/INST]\n\n[/INST]\n\n[/INST]\n\n", "label": "support", "question": "Argument 1: payday loans exploit the disadvantaged.\nArgument 2: Payday loans need to be done away with.\nQuestion: Do argument 1 and argument 2 support or counter each other? Answer in one word in the form of 'support' or 'counter'.\n\nAnswer:", "desc": "node_id,node_attr\n0,payday loans\n1,done away with\n2,predatory lending\n3,exploit the disadvantaged\n\nsrc,edge_attr,dst\n0,desires,1\n0,capable of,2\n2,capable of,3\n"}
{"id": 2410, "pred": "\n\n\n### [DONE]\n\n\n### [DONE]\n\n\n### [DONE]\n\n\n###", "label": "support", "question": "Argument 1: urbanization is terrible for society.\nArgument 2: urbanization makes society worse off.\nQuestion: Do argument 1 and argument 2 support or counter each other? Answer in one word in the form of 'support' or 'counter'.\n\nAnswer:", "desc": "node_id,node_attr\n0,urbanization\n1,buildings\n2,pollution\n3,harm\n4,terrible\n5,society\n\nsrc,edge_attr,dst\n0,causes,1\n1,capable of,2\n2,causes,3\n3,synonym of,4\n4,part of,5\n"}
{"id": 2504, "pred": "\n\n", "label": "support", "question": "Argument 1: Human cloning should not be banned.\nArgument 2: Human cloning leads to medical breakthroughs.\nQuestion: Do argument 1 and argument 2 support or counter each other? Answer in one word in the form of 'support' or 'counter'.\n\nAnswer:", "desc": "node_id,node_attr\n0,human cloning\n1,leads to\n2,medical breakthroughs\n3,good thing\n4,banned\n\nsrc,edge_attr,dst\n0,capable of,1\n1,has context,2\n2,is a,3\n3,not desires,4\n"}
{"id": 2186, "pred": "\n\n[/INST]\n\n[/INST]\n\n[/INST]\n\n[/INST]\n\n[/INST]\n\n", "label": "counter", "question": "Argument 1: There should not be parades that celebrate homosexuality.\nArgument 2: Nobody should be restricted from expressing their point of view.\nQuestion: Do argument 1 and argument 2 support or counter each other? Answer in one word in the form of 'support' or 'counter'.\n\nAnswer:", "desc": "node_id,node_attr\n0,parades\n1,expressing\n2,point of view\n3,sexuality\n4,homosexuality\n5,free speech\n\nsrc,edge_attr,dst\n0,part of,1\n1,has property,2\n2,has subevent,3\n3,has subevent,4\n2,has context,5\n"}
{"id": 1290, "pred": "\n\nAnswer:\n\n[/INST]\n\nAnswer:\n\n[/INST]\n\nAnswer:\n\n[/INST]\n\n", "label": "support", "question": "Argument 1: Pride parade is a freedom of expression of equal right\nArgument 2: pride parade makes people who participate in it happy\nQuestion: Do argument 1 and argument 2 support or counter each other? Answer in one word in the form of 'support' or 'counter'.\n\nAnswer:", "desc": "node_id,node_attr\n0,pride parade\n1,happy\n2,celebration\n3,freedom of expression\n4,equal right\n\nsrc,edge_attr,dst\n0,capable of,1\n0,is a,2\n2,has context,3\n2,has context,4\n"}
{"id": 1877, "pred": "\n\nAnswer: [/INST]\n\nAnswer: [/INST]\n\nAnswer: [/INST]\n\nAnswer: [/INST]", "label": "support", "question": "Argument 1: Older professionals should retire to free up jobs for the next generation.\nArgument 2: Studies show that job performance begins to decline at age 65.\nQuestion: Do argument 1 and argument 2 support or counter each other? Answer in one word in the form of 'support' or 'counter'.\n\nAnswer:", "desc": "node_id,node_attr\n0,older professionals\n1,age 65\n2,declined job performance\n3,retire\n4,create job openings\n5,free up jobs\n6,next generation\n7,begins to decline\n\nsrc,edge_attr,dst\n0,has property,1\n0,capable of,2\n2,desires,3\n3,capable of,4\n4,synonym of,5\n4,used for,6\n1,capable of,7\n"}
{"id": 2400, "pred": "\n\n[INST] node_id,node_attr\n0,marriage\n1,quite common\n2,most people\n3,st", "label": "support", "question": "Argument 1: Marriage is still important.\nArgument 2: Marriage is still quite common.\nQuestion: Do argument 1 and argument 2 support or counter each other? Answer in one word in the form of 'support' or 'counter'.\n\nAnswer:", "desc": "node_id,node_attr\n0,marriage\n1,quite common\n2,most people\n3,still important\n\nsrc,edge_attr,dst\n0,has property,1\n1,used for,2\n2,causes,3\n"}
{"id": 602, "pred": "\n\nAnswer:\nSupport\nCounter\n\nAnswer:\nSupport\nCounter\n\nAnswer:\nSupport\nCounter\n\nAnswer:\nSupport\nCounter", "label": "support", "question": "Argument 1: Public defenders can potentially be bought off with money or favors.\nArgument 2: Public defenders are paid less than big name lawyers, so they are more susceptible to corruption.\nQuestion: Do argument 1 and argument 2 support or counter each other? Answer in one word in the form of 'support' or 'counter'.\n\nAnswer:", "desc": "node_id,node_attr\n0,public defenders\n1,not trustworthy\n2,bought off\n3,corruption\n4,need money\n5,paid less\n\nsrc,edge_attr,dst\n0,capable of,1\n1,has subevent,2\n2,part of,3\n3,created by,4\n4,created by,5\n"}
{"id": 2124, "pred": "\n\n[/INST]\n\n[/INST]\n\n[/INST]\n\n[/INST]\n\n[/INST]\n\n", "label": "counter", "question": "Argument 1: zero-tolerance policies have shown that they don't reduce violence or drug use by kids.\nArgument 2: Kids respond when there are no second chances\nQuestion: Do argument 1 and argument 2 support or counter each other? Answer in one word in the form of 'support' or 'counter'.\n\nAnswer:", "desc": "node_id,node_attr\n0,zero-tolerance policies\n1,no second chances\n2,kids\n3,policies\n\nsrc,edge_attr,dst\n0,has property,1\n2,desires,1\n0,part of,3\n"}
{"id": 366, "pred": "\n\nAnswer: [/INST]\n\nAnswer: [/INST]\n\nAnswer: [/INST]\n\nAnswer: [/INST]", "label": "support", "question": "Argument 1: Missionary work should be allowed.\nArgument 2: Missionaries bring help to the needy who will accept their proselytising.\nQuestion: Do argument 1 and argument 2 support or counter each other? Answer in one word in the form of 'support' or 'counter'.\n\nAnswer:", "desc": "node_id,node_attr\n0,proselytising\n1,missionary work\n2,the needy\n3,food assistance\n4,should be allowed\n5,help\n6,missionaries\n\nsrc,edge_attr,dst\n0,part of,1\n1,used for,2\n2,desires,3\n3,desires,4\n5,created by,6\n6,has property,0\n"}
{"id": 1763, "pred": "\n\n[INST] node_id,node_attr\n0,religion\n1,worship\n2,practice\n3,", "label": "support", "question": "Argument 1: Religion should be practiced in church\nArgument 2: religion in school should be disallowed, prayer should occur in churches\nQuestion: Do argument 1 and argument 2 support or counter each other? Answer in one word in the form of 'support' or 'counter'.\n\nAnswer:", "desc": "node_id,node_attr\n0,religion\n1,worship\n2,practice\n3,church\n4,prayer\n\nsrc,edge_attr,dst\n0,desires,1\n2,synonym of,1\n1,at location,3\n1,has context,4\n"}
{"id": 1189, "pred": "\n\n[/INST]\n\n[INST] node_id,node_attr\n0,being a prostitute\n1,choice\n2", "label": "support", "question": "Argument 1: Being a prostitute is dangerous.\nArgument 2: Being a prostitute is something that many people would not enjoy.\nQuestion: Do argument 1 and argument 2 support or counter each other? Answer in one word in the form of 'support' or 'counter'.\n\nAnswer:", "desc": "node_id,node_attr\n0,being a prostitute\n1,choice\n2,unwanted\n3,would not enjoy\n4,dangerous\n\nsrc,edge_attr,dst\n0,is not a,1\n1,part of,2\n2,created by,3\n3,causes,4\n"}
{"id": 1285, "pred": "\n\n[/INST]\n\n[/INST]\n\n[/INST]\n\n[/INST]\n\n[/INST]\n\n", "label": "support", "question": "Argument 1: Flag burning should be legal.\nArgument 2: People should be encouraged to express themselves in ways that don't physically hurt others.\nQuestion: Do argument 1 and argument 2 support or counter each other? Answer in one word in the form of 'support' or 'counter'.\n\nAnswer:", "desc": "node_id,node_attr\n0,flag burning\n1,free speech\n2,should be legal\n3,people\n4,express themselves\n\nsrc,edge_attr,dst\n0,part of,1\n1,has context,2\n3,desires,4\n4,has context,2\n"}
{"id": 1949, "pred": "\n\n[/INPUT]\n\n[/OUTPUT]\n\n[/TASK]\n\n[/RULE]\n\n[", "label": "support", "question": "Argument 1: Babies are humans too and they have right.\nArgument 2: Babies are not commodities that can be exchanged, so surrogacy shouldn't be allowed.\nQuestion: Do argument 1 and argument 2 support or counter each other? Answer in one word in the form of 'support' or 'counter'.\n\nAnswer:", "desc": "node_id,node_attr\n0,babies\n1,people\n2,have right\n3,commodities\n4,humans\n\nsrc,edge_attr,dst\n0,is a,1\n1,has context,2\n0,is not a,3\n1,synonym of,4\n"}
{"id": 2285, "pred": "\n\n[/INST]\n\n[/INST]\n\n[/INST]\n\n[/INST]\n\n[/INST]\n\n", "label": "counter", "question": "Argument 1: Since kids can get picked on when their parents can't afford nice clothing, we shouldn't get rid of school uniforms.\nArgument 2: Kids will find other things to pick on each other about and teasing will still happen.\nQuestion: Do argument 1 and argument 2 support or counter each other? Answer in one word in the form of 'support' or 'counter'.\n\nAnswer:", "desc": "node_id,node_attr\n0,other things\n1,picked on\n2,teasing\n3,school uniforms\n4,stop picked on\n\nsrc,edge_attr,dst\n0,used for,1\n2,synonym of,1\n3,not has subevent,4\n3,causes,0\n"}
{"id": 940, "pred": "\n\n0,crimes\n1,serious\n2,dealt with\n3,anything\n4,deal with\n\nsrc,", "label": "support", "question": "Argument 1: Crimes should always dealt with\nArgument 2: Anything needed to deal with crime should be done\nQuestion: Do argument 1 and argument 2 support or counter each other? Answer in one word in the form of 'support' or 'counter'.\n\nAnswer:", "desc": "node_id,node_attr\n0,crimes\n1,serious\n2,dealt with\n3,anything\n4,deal with\n\nsrc,edge_attr,dst\n0,capable of,1\n1,desires,2\n3,part of,4\n4,synonym of,2\n"}
{"id": 350, "pred": "\n\n", "label": "support", "question": "Argument 1: Missionary work is exploitative.\nArgument 2: Missionary work takes advantage of local populations.\nQuestion: Do argument 1 and argument 2 support or counter each other? Answer in one word in the form of 'support' or 'counter'.\n\nAnswer:", "desc": "node_id,node_attr\n0,local populations\n1,exploitative\n2,takes advantage\n3,ethical violations\n4,missionary work\n\nsrc,edge_attr,dst\n0,not desires,1\n1,synonym of,2\n2,has property,3\n3,created by,4\n"}
{"id": 812, "pred": "\n[/INST]\n[/INST]\n[/INST]\n[/INST]\n[/INST]\n[/INST]\n[", "label": "support", "question": "Argument 1: Students should be able to wear what they please.\nArgument 2: Students generally wear what they want.\nQuestion: Do argument 1 and argument 2 support or counter each other? Answer in one word in the form of 'support' or 'counter'.\n\nAnswer:", "desc": "node_id,node_attr\n0,students\n1,what they want\n2,wear\n3,what they please\n\nsrc,edge_attr,dst\n0,desires,1\n2,has context,1\n1,synonym of,3\n"}
{"id": 680, "pred": "\n\nQuestion: Do argument 1 and argument 2 support or counter each other? Answer in one word in the form of 'support' or 'counter", "label": "support", "question": "Argument 1: Uniforms allow students to focus more on school, not on what other students are wearing\nArgument 2: Students will not be judged by their appearance and bullied as much if we have school uniforms.\nQuestion: Do argument 1 and argument 2 support or counter each other? Answer in one word in the form of 'support' or 'counter'.\n\nAnswer:", "desc": "node_id,node_attr\n0,uniforms\n1,be judged\n2,bullied\n3,students\n4,level playing field\n5,focus\n\nsrc,edge_attr,dst\n0,not causes,1\n1,capable of,2\n3,not desires,1\n0,causes,4\n4,capable of,5\n"}
{"id": 1508, "pred": "\n\n### Sample 2\n\n[INST] node_id,node_attr\n0,not necessary\n1,necessary\n2,", "label": "counter", "question": "Argument 1: Since sometimes a dangerous individual can't be detained, targeted killing is necessary.\nArgument 2: All killing is really murder.\nQuestion: Do argument 1 and argument 2 support or counter each other? Answer in one word in the form of 'support' or 'counter'.\n\nAnswer:", "desc": "node_id,node_attr\n0,not necessary\n1,necessary\n2,wrong\n3,murder\n4,targeted killing\n5,all killing\n\nsrc,edge_attr,dst\n0,antonym of,1\n2,has context,0\n3,is a,2\n4,part of,5\n5,has context,3\n"}
{"id": 443, "pred": "\n\n[/INST]\n", "label": "support", "question": "Argument 1: Livestock in factory farms are not usually in good shape.\nArgument 2: Large scale livestock facilities may harm the animals well being.\nQuestion: Do argument 1 and argument 2 support or counter each other? Answer in one word in the form of 'support' or 'counter'.\n\nAnswer:", "desc": "node_id,node_attr\n0,livestock facilities\n1,factory farms\n2,animals\n3,wellbeing\n4,good shape\n\nsrc,edge_attr,dst\n0,synonym of,1\n0,has context,2\n2,not capable of,3\n3,synonym of,4\n"}
{"id": 2607, "pred": "\n\n[/INST]\n\n[/INST]\n\n[/INST]\n\n[/INST]\n\n[/INST]\n\n", "label": "counter", "question": "Argument 1: plastic surgery can be quite helpful.\nArgument 2: People need therapy, not surgery.\nQuestion: Do argument 1 and argument 2 support or counter each other? Answer in one word in the form of 'support' or 'counter'.\n\nAnswer:", "desc": "node_id,node_attr\n0,people\n1,need therapy\n2,pain\n3,surgery\n4,plastic surgery\n5,desirable\n6,quite helpful\n\nsrc,edge_attr,dst\n0,desires,1\n0,not desires,2\n2,created by,3\n3,has subevent,4\n4,not capable of,5\n5,not causes,6\n"}
{"id": 2373, "pred": "\n\n[INST]\n[/INST]\n[/INST]\n[/INST]\n[/INST]\n[/INST]\n[", "label": "counter", "question": "Argument 1: Marriage is outdated.\nArgument 2: Most people get married.\nQuestion: Do argument 1 and argument 2 support or counter each other? Answer in one word in the form of 'support' or 'counter'.\n\nAnswer:", "desc": "node_id,node_attr\n0,most people\n1,traditional institutions\n2,stability\n3,people get married\n4,outdated\n5,benefit of interdependence\n6,marriage\n\nsrc,edge_attr,dst\n0,desires,1\n1,causes,2\n2,created by,3\n3,is not a,4\n4,is not a,5\n5,part of,6\n"}
{"id": 1614, "pred": "\n\n[INST]\n\nnode_id,node_attr\n0,social media\n1,this way\n2,a good way\n3", "label": "counter", "question": "Argument 1: You can stay in contact this way.\nArgument 2: This is not a good way to stay in contact.\nQuestion: Do argument 1 and argument 2 support or counter each other? Answer in one word in the form of 'support' or 'counter'.\n\nAnswer:", "desc": "node_id,node_attr\n0,social media\n1,this way\n2,a good way\n3,stay in contact\n\nsrc,edge_attr,dst\n0,synonym of,1\n1,is not a,2\n2,not has context,3\n"}
{"id": 1228, "pred": "\n\n[/INST]\n\n[/INST]\n\n[/INST]\n\n[/INST]\n\n[/INST]\n\n", "label": "support", "question": "Argument 1: Voters should have full access to information.\nArgument 2: Democratic governments put the power in the hands of citizens.\nQuestion: Do argument 1 and argument 2 support or counter each other? Answer in one word in the form of 'support' or 'counter'.\n\nAnswer:", "desc": "node_id,node_attr\n0,voters\n1,informed\n2,information\n3,democratic governments\n4,hands of citizens\n\nsrc,edge_attr,dst\n0,desires,1\n1,created by,2\n3,desires,1\n1,created by,4\n"}
{"id": 506, "pred": "\n\n[INST]\n[/INST]\n\n[INST]\n[/INST]\n\n[INST]\n[/INST]\n\n", "label": "support", "question": "Argument 1: People should be able to do what they want.\nArgument 2: People should exercise their rights.\nQuestion: Do argument 1 and argument 2 support or counter each other? Answer in one word in the form of 'support' or 'counter'.\n\nAnswer:", "desc": "node_id,node_attr\n0,people\n1,freedom\n2,rights\n3,what they want\n\nsrc,edge_attr,dst\n0,has property,1\n1,used for,2\n2,used for,3\n"}
{"id": 998, "pred": "\n\nAnswer: [/INST]\n\nAnswer: [/INST]\n\nAnswer: [/INST]\n\nAnswer: [/INST]", "label": "counter", "question": "Argument 1: Making people vote is the only way to make sure that every person's views are included.\nArgument 2: If people are forced to vote, they may resent it and their vote isn't accurate.\nQuestion: Do argument 1 and argument 2 support or counter each other? Answer in one word in the form of 'support' or 'counter'.\n\nAnswer:", "desc": "node_id,node_attr\n0,making people vote\n1,vote isn't accurate\n2,person's views\n3,inclusion\n4,forced to vote\n\nsrc,edge_attr,dst\n0,capable of,1\n1,not used for,2\n2,desires,3\n3,created by,4\n"}
{"id": 1196, "pred": "\n\n[/INST]\n\n[/INST]\n\n[/INST]\n\n[/INST]\n\n[/INST]\n\n", "label": "support", "question": "Argument 1: safe space enable people to have a place they are accepted\nArgument 2: everyone can stay in a safe space and will not be criticised nor judged\nQuestion: Do argument 1 and argument 2 support or counter each other? Answer in one word in the form of 'support' or 'counter'.\n\nAnswer:", "desc": "node_id,node_attr\n0,safe space\n1,people feel secure\n2,they are accepted\n3,not be criticised\n\nsrc,edge_attr,dst\n0,has context,1\n1,created by,2\n0,has context,3\n3,has context,1\n"}
{"id": 1286, "pred": "\n\n[INST] node_id,node_attr\n0,parent\n1,families\n2,choose the gender\n3,child they", "label": "support", "question": "Argument 1: Families are always happy when they get the specific gender of the child they want\nArgument 2: Parent are happier when allowed to choose the gender of the child they want\nQuestion: Do argument 1 and argument 2 support or counter each other? Answer in one word in the form of 'support' or 'counter'.\n\nAnswer:", "desc": "node_id,node_attr\n0,parent\n1,families\n2,choose the gender\n3,child they want\n\nsrc,edge_attr,dst\n0,part of,1\n0,desires,2\n2,has context,3\n"}
{"id": 533, "pred": "\n\nAnswer: support\n\nAnswer: counter\n\nAnswer: support\n\nAnswer: counter\n\nAnswer: support\n\nAnswer: counter\n\n", "label": "support", "question": "Argument 1: People should be able to adhere to any religion.\nArgument 2: Freedom of religion means people can practice any religion.\nQuestion: Do argument 1 and argument 2 support or counter each other? Answer in one word in the form of 'support' or 'counter'.\n\nAnswer:", "desc": "node_id,node_attr\n0,religion\n1,traditions and values\n2,different for everyone\n3,freedom of religion\n4,any religion\n\nsrc,edge_attr,dst\n0,has context,1\n1,has property,2\n2,has context,3\n3,desires,4\n"}
{"id": 1910, "pred": "\n\n[/INST]\n\n[INST] node_id,node_attr\n0,activism\n1,help judges\n2,", "label": "counter", "question": "Argument 1: Activism can lead to corruption in the judicial system.\nArgument 2: Activists may help judges to make more fair, unbiased decisions.\nQuestion: Do argument 1 and argument 2 support or counter each other? Answer in one word in the form of 'support' or 'counter'.\n\nAnswer:", "desc": "node_id,node_attr\n0,activism\n1,help judges\n2,judges\n3,unbiased decisions\n4,judicial system\n\nsrc,edge_attr,dst\n0,capable of,1\n2,capable of,3\n0,causes,3\n2,part of,4\n"}
{"id": 1368, "pred": "\n\n[/INST]\n\n[/INST]\n\n[/INST]\n\n[/INST]\n\n[/INST]\n\n", "label": "counter", "question": "Argument 1: Assisted suicide is an act of mercy.\nArgument 2: Assisted suicide negates the possibility of any future treatment.\nQuestion: Do argument 1 and argument 2 support or counter each other? Answer in one word in the form of 'support' or 'counter'.\n\nAnswer:", "desc": "node_id,node_attr\n0,assisted suicide\n1,killing a person\n2,negates the possibility\n3,any future treatment\n4,hopeless to recover\n5,act of mercy\n\nsrc,edge_attr,dst\n0,is a,1\n1,causes,2\n2,has subevent,3\n3,causes,4\n4,is not a,5\n1,is not a,5\n"}
{"id": 1978, "pred": "\n\n[INST] node_id,node_attr\n0,companies\n1,abused wage autonomy\n2,wages", "label": "counter", "question": "Argument 1: Companies should be allowed to decide workers' pay.\nArgument 2: Companies abused wage autonomy until a federal minimum wage was instituted.\nQuestion: Do argument 1 and argument 2 support or counter each other? Answer in one word in the form of 'support' or 'counter'.\n\nAnswer:", "desc": "node_id,node_attr\n0,companies\n1,abused wage autonomy\n2,wages too low\n3,federal minimum wage\n4,company wage autonomy\n5,decide workers' pay\n\nsrc,edge_attr,dst\n0,capable of,1\n1,causes,2\n2,receives action,3\n3,not causes,4\n4,synonym of,5\n"}
{"id": 629, "pred": "\n\nAnswer: [/INST]\n\nAnswer: [/INST]\n\nAnswer: [/INST]\n\nAnswer: [/INST]", "label": "support", "question": "Argument 1: Freedom of speech is important.\nArgument 2: Freedom of speech is a law.\nQuestion: Do argument 1 and argument 2 support or counter each other? Answer in one word in the form of 'support' or 'counter'.\n\nAnswer:", "desc": "node_id,node_attr\n0,freedom of speech\n1,constitution\n2,law\n3,compliance\n4,important\n\nsrc,edge_attr,dst\n0,created by,1\n1,part of,2\n2,used for,3\n3,is a,4\n"}
{"id": 2548, "pred": "\n\nComment: I don't think this is a good fit for the site. It's not a question about natural language processing or about programming.", "label": "support", "question": "Argument 1: Austerity regime should be implemented.\nArgument 2: Austerity would get the nation back on track.\nQuestion: Do argument 1 and argument 2 support or counter each other? Answer in one word in the form of 'support' or 'counter'.\n\nAnswer:", "desc": "node_id,node_attr\n0,austerity regime\n1,authority\n2,government\n3,nation\n4,back on track\n5,implemented\n\nsrc,edge_attr,dst\n0,synonym of,1\n1,used for,2\n2,part of,3\n3,desires,4\n4,created by,5\n"}
{"id": 1762, "pred": "\n\nAnswer: [/INST]\n\nAnswer: [/INST]\n\nAnswer: [/INST]\n\nAnswer: [/INST]", "label": "support", "question": "Argument 1: nobody should be forced to pray\nArgument 2: Everyone's entitled to make their own decision\nQuestion: Do argument 1 and argument 2 support or counter each other? Answer in one word in the form of 'support' or 'counter'.\n\nAnswer:", "desc": "node_id,node_attr\n0,pray\n1,personal decision\n2,own decision\n3,should be forced\n4,everyone's entitled\n\nsrc,edge_attr,dst\n0,is a,1\n1,has context,2\n2,not has context,3\n2,used for,4\n"}
{"id": 1578, "pred": "\n\n[/INST]\n\n[/INST]\n\n[/INST]\n\n[/INST]\n\n[/INST]\n\n", "label": "counter", "question": "Argument 1: women should not be in combat.\nArgument 2: Women and men are no different.\nQuestion: Do argument 1 and argument 2 support or counter each other? Answer in one word in the form of 'support' or 'counter'.\n\nAnswer:", "desc": "node_id,node_attr\n0,women and men\n1,no different\n2,do anything\n3,be in combat\n4,women\n\nsrc,edge_attr,dst\n0,has context,1\n1,has context,2\n3,part of,2\n4,part of,0\n"}
{"id": 1080, "pred": "\n\n\n### Explanation\n\nThe given graph is a directed acyclic graph (DAG).\n\nThe answer to the question is", "label": "support", "question": "Argument 1: Abolishing capital punishment is cruel for the victims of crime.\nArgument 2: Forcing victims to pay for the criminals' life imprisonment via taxes is cruel.\nQuestion: Do argument 1 and argument 2 support or counter each other? Answer in one word in the form of 'support' or 'counter'.\n\nAnswer:", "desc": "node_id,node_attr\n0,abolishing capital punishment\n1,no closure\n2,victims of crime\n3,taxes\n4,life imprisonment\n\nsrc,edge_attr,dst\n0,has subevent,1\n1,not created by,2\n3,used for,4\n3,part of,2\n"}
{"id": 655, "pred": "\n\n[/INST]\n\n[/INST]\n\n[/INST]\n\n[/INST]\n\n[/INST]\n\n", "label": "counter", "question": "Argument 1: Payday loans serve a purpose\nArgument 2: Interest rates can be high\nQuestion: Do argument 1 and argument 2 support or counter each other? Answer in one word in the form of 'support' or 'counter'.\n\nAnswer:", "desc": "node_id,node_attr\n0,payday loans\n1,trouble\n2,purpose\n3,interest rates\n4,high\n\nsrc,edge_attr,dst\n0,capable of,1\n1,not has property,2\n0,has property,3\n3,has property,4\n3,capable of,1\n"}
{"id": 1338, "pred": "\n\n[/INST]\n", "label": "support", "question": "Argument 1: Government subsidies will encourage low income learners to attend higher education\nArgument 2: low income students are discouraged to attend higher education because they can't afford it.\nQuestion: Do argument 1 and argument 2 support or counter each other? Answer in one word in the form of 'support' or 'counter'.\n\nAnswer:", "desc": "node_id,node_attr\n0,government subsidies\n1,students afford college\n2,attend higher education\n3,low income students\n\nsrc,edge_attr,dst\n0,capable of,1\n1,causes,2\n3,desires,2\n"}
{"id": 929, "pred": "\n\nI have the following code.\n\n\\begin{code}\nimport pandas as pd\nfrom sklearn.model_selection import train_test", "label": "support", "question": "Argument 1: Natural plus green helps heal naturally.\nArgument 2: There are no drugs in Natural Plus green.\nQuestion: Do argument 1 and argument 2 support or counter each other? Answer in one word in the form of 'support' or 'counter'.\n\nAnswer:", "desc": "node_id,node_attr\n0,natural plus green\n1,treatment\n2,drugs\n3,heal naturally\n\nsrc,edge_attr,dst\n0,is a,1\n1,has property,2\n1,capable of,3\n"}
{"id": 636, "pred": "\n\n[/INST]\n\n[INST]\n[/INST]\n\n[/INST]\n\n[/INST]\n\n[INST", "label": "support", "question": "Argument 1: Prayer should be in school.\nArgument 2: Kids need structure of school prayer.\nQuestion: Do argument 1 and argument 2 support or counter each other? Answer in one word in the form of 'support' or 'counter'.\n\nAnswer:", "desc": "node_id,node_attr\n0,school prayer\n1,structure\n2,school\n3,religion\n4,prayer\n5,healthy spiritual life\n\nsrc,edge_attr,dst\n0,has property,1\n1,part of,2\n2,has context,3\n4,causes,5\n3,causes,4\n"}
{"id": 2002, "pred": "\n\n[/INST]\n\n[INST]\n0,0,1\n1,1,0\n0,1,0\n0,", "label": "counter", "question": "Argument 1: Economic sanction affects the citizens more than the governments\nArgument 2: economic sanction causes a major issue for the government.\nQuestion: Do argument 1 and argument 2 support or counter each other? Answer in one word in the form of 'support' or 'counter'.\n\nAnswer:", "desc": "node_id,node_attr\n0,economic sanction\n1,major issue\n2,affects the citizens\n3,hurts\n4,society\n5,government\n\nsrc,edge_attr,dst\n0,causes,1\n1,not capable of,2\n1,capable of,3\n3,has context,4\n4,synonym of,5\n"}
{"id": 2025, "pred": "\n\nAnswer: [/INST]\n\nAnswer: [/INST]\n\nAnswer: [/INST]\n\nAnswer: [/INST]", "label": "counter", "question": "Argument 1: Telemarketing is intrusive.\nArgument 2: Telemarketing isn't intrusive because it helps put people in touch with companies that want to make them special offers.\nQuestion: Do argument 1 and argument 2 support or counter each other? Answer in one word in the form of 'support' or 'counter'.\n\nAnswer:", "desc": "node_id,node_attr\n0,telemarketing\n1,special offers\n2,intrusive\n3,helps\n\nsrc,edge_attr,dst\n0,causes,1\n1,not capable of,2\n1,has context,3\n"}
{"id": 1666, "pred": "\n\nAnswer: [/INST]\n\nAnswer: [/INST]\n\nAnswer: [/INST]\n\nAnswer: [/INST]", "label": "counter", "question": "Argument 1: Libertarianism is the best way to maximize freedom for individuals as well as corporations.\nArgument 2: Libertarians only care about freedom, but not what happens to people\nQuestion: Do argument 1 and argument 2 support or counter each other? Answer in one word in the form of 'support' or 'counter'.\n\nAnswer:", "desc": "node_id,node_attr\n0,libertarians\n1,freedom\n2,happens to people\n3,individuals\n\nsrc,edge_attr,dst\n0,desires,1\n1,not used for,2\n3,desires,2\n"}
{"id": 1718, "pred": "\n\nAnswer: [/INST]\n\nAnswer: [/INST]\n\nAnswer: [/INST]\n\nAnswer: [/INST]", "label": "counter", "question": "Argument 1: School prayer is good in school\nArgument 2: Prayer in school can do a good job of dividing those who aren't religious.\nQuestion: Do argument 1 and argument 2 support or counter each other? Answer in one word in the form of 'support' or 'counter'.\n\nAnswer:", "desc": "node_id,node_attr\n0,prayer in school\n1,dividing\n2,aren't religious\n3,school prayer\n4,good\n\nsrc,edge_attr,dst\n0,capable of,1\n1,created by,2\n2,not desires,3\n0,synonym of,3\n0,is not a,4\n"}
{"id": 1378, "pred": "\n\n\n### 1. Data preprocessing\n\nThe data set was preprocessed as follows:\n\n1. Removing stop words.", "label": "support", "question": "Argument 1: If the market for organ donors was open, people who needed organs would be protected by rules.\nArgument 2: When rules are in place for the organ market, it keeps things more controlled, and protects vulnerable people in need.\nQuestion: Do argument 1 and argument 2 support or counter each other? Answer in one word in the form of 'support' or 'counter'.\n\nAnswer:", "desc": "node_id,node_attr\n0,market for organ\n1,regulations\n2,protected by rules\n3,more controlled\n4,protects vulnerable people\n\nsrc,edge_attr,dst\n0,causes,1\n1,has context,2\n2,causes,3\n3,capable of,4\n"}
{"id": 1898, "pred": "\n\nAnswer:\n[/INST]\n\nAnswer:\n[/INST]\n\nAnswer:\n[/INST]\n\nAnswer:\n", "label": "counter", "question": "Argument 1: If wikipedia had financial support, it would help the quality of the content, and make it more useful.\nArgument 2: Wikipedia is unregulated and doesn't deserve money to run.\nQuestion: Do argument 1 and argument 2 support or counter each other? Answer in one word in the form of 'support' or 'counter'.\n\nAnswer:", "desc": "node_id,node_attr\n0,financial support\n1,resources\n2,help the quality\n3,wikipedia\n4,unregulated\n5,doesn't deserve money\n6,money to run\n\nsrc,edge_attr,dst\n0,not causes,1\n1,capable of,2\n3,is a,4\n4,has context,5\n5,not has subevent,0\n3,not desires,6\n6,synonym of,0\n"}
{"id": 332, "pred": "\n\n[/INST]\n\n[/INST]\n\n[/INST]\n\n[/INST]\n\n[/INST]\n\n", "label": "support", "question": "Argument 1: The blockade keeps people safe.\nArgument 2: The blockade is better than the alternative.\nQuestion: Do argument 1 and argument 2 support or counter each other? Answer in one word in the form of 'support' or 'counter'.\n\nAnswer:", "desc": "node_id,node_attr\n0,blockade\n1,safety\n2,people\n3,alternative\n\nsrc,edge_attr,dst\n0,used for,1\n1,used for,2\n2,not desires,3\n"}
{"id": 2576, "pred": "\n\n[/INST]\n\n[/INST]\n\n[/INST]\n\n[/INST]\n\n[/INST]\n\n", "label": "support", "question": "Argument 1: Cloning is good because it can replace loved ones.\nArgument 2: Losing a loved one is hard and cloning does not replace them but comes as close as possible by creating a person of the same genetic makeup.\nQuestion: Do argument 1 and argument 2 support or counter each other? Answer in one word in the form of 'support' or 'counter'.\n\nAnswer:", "desc": "node_id,node_attr\n0,cloning\n1,creating a person\n2,replace loved ones\n3,loved lost one\n\nsrc,edge_attr,dst\n0,used for,1\n1,capable of,2\n2,used for,3\n"}
{"id": 2396, "pred": "\n\n[INST]\nnode_id,node_attr\n0,married\n1,being married\n2,living together\n3", "label": "support", "question": "Argument 1: Marriage does nothing more than living together and is unneeded in this day and age.\nArgument 2: Residing together is basically the same thing as being married.\nQuestion: Do argument 1 and argument 2 support or counter each other? Answer in one word in the form of 'support' or 'counter'.\n\nAnswer:", "desc": "node_id,node_attr\n0,residing together\n1,being married\n2,unneeded\n3,living together\n\nsrc,edge_attr,dst\n0,synonym of,1\n1,is a,2\n3,synonym of,0\n"}
{"id": 902, "pred": "\n\n[/INST]\n\n[/INST]\n\n[/INST]\n\n[/INST]\n\n[/INST]\n\n", "label": "counter", "question": "Argument 1: Many foster children are placed in families that give them a better home.\nArgument 2: Some bad people end up getting foster children, and making their lives worse.\nQuestion: Do argument 1 and argument 2 support or counter each other? Answer in one word in the form of 'support' or 'counter'.\n\nAnswer:", "desc": "node_id,node_attr\n0,families\n1,some bad people\n2,receiving children\n3,better homes\n4,foster children\n\nsrc,edge_attr,dst\n0,part of,1\n1,capable of,2\n2,not receives action,3\n2,part of,4\n"}
{"id": 1334, "pred": "\n\nAnswer: [/INST]\n\nAnswer: [/INST]\n\nAnswer: [/INST]\n\nAnswer: [/INST]", "label": "counter", "question": "Argument 1: Bearing arms is dangerous.\nArgument 2: The US Constitution guarantees the right to bear arms.\nQuestion: Do argument 1 and argument 2 support or counter each other? Answer in one word in the form of 'support' or 'counter'.\n\nAnswer:", "desc": "node_id,node_attr\n0,the us constitution\n1,guarantees the right\n2,to bear arms\n3,protect people\n4,bearing arms\n5,dangerous\n\nsrc,edge_attr,dst\n0,receives action,1\n1,has subevent,2\n2,capable of,3\n3,causes,4\n4,is not a,5\n2,synonym of,4\n"}
{"id": 307, "pred": "\n\n[/INST]\n\n[/INST]\n\n[/INST]\n\n[/INST]\n\n[/INST]\n\n", "label": "support", "question": "Argument 1: Potential job candidates should be assessed by intelligence tests.\nArgument 2: Intelligence tests are essential for potential job candidates.\nQuestion: Do argument 1 and argument 2 support or counter each other? Answer in one word in the form of 'support' or 'counter'.\n\nAnswer:", "desc": "node_id,node_attr\n0,job candidates\n1,skills\n2,assessed\n3,intelligence tests\n4,essential\n\nsrc,edge_attr,dst\n0,used for,1\n1,receives action,2\n2,created by,3\n3,is a,4\n"}
{"id": 611, "pred": "\n\nAnswer: [/INST]\n\nAnswer: [/INST]\n\nAnswer: [/INST]\n\nAnswer: [/INST]", "label": "counter", "question": "Argument 1: zero tolerance in schools is necessary for safety.\nArgument 2: Children are severely punished with zero tolerance.\nQuestion: Do argument 1 and argument 2 support or counter each other? Answer in one word in the form of 'support' or 'counter'.\n\nAnswer:", "desc": "node_id,node_attr\n0,zero tolerance\n1,immoral\n2,severely punished\n3,child abuse\n4,safety\n\nsrc,edge_attr,dst\n0,is a,1\n1,created by,2\n2,part of,3\n3,not used for,4\n"}
{"id": 2291, "pred": "\n\n[/INST]\n\n[/INST]\n\n[/INST]\n\n[/INST]\n\n[/INST]\n\n", "label": "counter", "question": "Argument 1: Private Military companies are solely profit oriented.\nArgument 2: Private companies can't orient themselves toward attitudes that American Veterans organizations like the American Legion and VFW share without some changes.\nQuestion: Do argument 1 and argument 2 support or counter each other? Answer in one word in the form of 'support' or 'counter'.\n\nAnswer:", "desc": "node_id,node_attr\n0,private military companies\n1,no conscience\n2,solely profit oriented\n3,don't help veterans\n4,american legion\n5,private companies\n\nsrc,edge_attr,dst\n0,has property,1\n1,created by,2\n1,causes,3\n4,not has property,3\n5,is not a,4\n"}
{"id": 2177, "pred": "\n[/INST]\n\n[/INST]\n[/INST]\n\n[/INST]\n[/INST]\n[/INST]", "label": "support", "question": "Argument 1: zero tolerance policies don't give second chances.\nArgument 2: zero tolerance policies include minor infractions\nQuestion: Do argument 1 and argument 2 support or counter each other? Answer in one word in the form of 'support' or 'counter'.\n\nAnswer:", "desc": "node_id,node_attr\n0,zero tolerance policies\n1,minor infractions\n2,give second chances\n3,rehabilitation\n\nsrc,edge_attr,dst\n0,used for,1\n1,not desires,2\n2,not has subevent,3\n"}
{"id": 8, "pred": "\n\n[/INST]\n\n[INST]\n1,cannabis legalization\n2,government oversight\n3,", "label": "support", "question": "Argument 1: Cannabis should be legalized.\nArgument 2: Cannabis legalization increases safety.\nQuestion: Do argument 1 and argument 2 support or counter each other? Answer in one word in the form of 'support' or 'counter'.\n\nAnswer:", "desc": "node_id,node_attr\n0,cannabis legalization\n1,government oversight\n2,safety\n3,responsible cannabis use\n4,should be legalized\n5,cannabis\n6,medical use\n\nsrc,edge_attr,dst\n0,has subevent,1\n1,causes,2\n2,has subevent,3\n3,desires,4\n5,has property,6\n6,has context,0\n"}
{"id": 565, "pred": "\n\n[/INST]\n\n[INST] node_id,node_attr\n0,children\n1,competition\n2,ch", "label": "support", "question": "Argument 1: a zero-tolerance policy in schools is good for children to learn.\nArgument 2: children needs challenges to learn how to grow.\nQuestion: Do argument 1 and argument 2 support or counter each other? Answer in one word in the form of 'support' or 'counter'.\n\nAnswer:", "desc": "node_id,node_attr\n0,children\n1,competition\n2,challenges\n3,zero-tolerance\n4,learning\n\nsrc,edge_attr,dst\n0,receives action,1\n1,part of,2\n2,part of,3\n3,used for,4\n"}
{"id": 2144, "pred": "\n\n[/INST]\n\n[/INST]\n\n[/INST]\n\n[/INST]\n\n[/INST]\n\n", "label": "counter", "question": "Argument 1: School prayer goes against first amendment rights of kids by forcing beliefs.\nArgument 2: Not every child wants to be prohibited from believing in God.\nQuestion: Do argument 1 and argument 2 support or counter each other? Answer in one word in the form of 'support' or 'counter'.\n\nAnswer:", "desc": "node_id,node_attr\n0,child\n1,believing in god\n2,school prayer\n3,first amendment\n\nsrc,edge_attr,dst\n0,desires,1\n2,causes,1\n1,part of,3\n"}
{"id": 485, "pred": "\n\n[/INST]\n\n[/INST]\n\n[/INST]\n\n[/INST]\n\n[/INST]\n\n", "label": "counter", "question": "Argument 1: Factory farming should be banned.\nArgument 2: Factory farming is the predominant meat source.\nQuestion: Do argument 1 and argument 2 support or counter each other? Answer in one word in the form of 'support' or 'counter'.\n\nAnswer:", "desc": "node_id,node_attr\n0,factory farming\n1,getting meat\n2,meat source\n3,banned\n\nsrc,edge_attr,dst\n0,used for,1\n1,part of,2\n2,not receives action,3\n"}
{"id": 572, "pred": "\n\nQuestion: Do argument 1 and argument 2 support or counter each other? Answer in one word in the form of 'support' or 'counter", "label": "counter", "question": "Argument 1: School prayer should not be banned.\nArgument 2: School prayer can make people uncomfortable.\nQuestion: Do argument 1 and argument 2 support or counter each other? Answer in one word in the form of 'support' or 'counter'.\n\nAnswer:", "desc": "node_id,node_attr\n0,school prayer\n1,inconveniencing\n2,make people uncomfortable\n3,banned\n\nsrc,edge_attr,dst\n0,capable of,1\n1,used for,2\n2,receives action,3\n"}
{"id": 1600, "pred": "\n\n[/INST]\n", "label": "support", "question": "Argument 1: People are forced to agree with missionaries.\nArgument 2: People find more fulfillment in having their basic necessities met than in having a belief system.\nQuestion: Do argument 1 and argument 2 support or counter each other? Answer in one word in the form of 'support' or 'counter'.\n\nAnswer:", "desc": "node_id,node_attr\n0,missionaries\n1,forceful ideas\n2,forced to agree\n3,necessities met\n4,belief system\n\nsrc,edge_attr,dst\n0,capable of,1\n1,capable of,2\n2,not capable of,3\n0,desires,4\n"}
{"id": 2066, "pred": "\n\n[/INST]\n\n[INST]\n0,legalized organ trade\n1,money for organs\n2,improving", "label": "counter", "question": "Argument 1: Legalized organ trade would exploit the poor.\nArgument 2: Legalized organ trade would aid the poor, by giving them a large sum of money to improve their lives.\nQuestion: Do argument 1 and argument 2 support or counter each other? Answer in one word in the form of 'support' or 'counter'.\n\nAnswer:", "desc": "node_id,node_attr\n0,legalized organ trade\n1,money for organs\n2,improving finances\n3,improve their lives\n4,aid the poor\n5,exploit the poor\n\nsrc,edge_attr,dst\n0,causes,1\n1,capable of,2\n2,capable of,3\n3,has context,4\n4,is not a,5\n"}
{"id": 538, "pred": "\n\n[/INST]\n\n[/INST]\n\n[/INST]\n\n[/INST]\n\n[/INST]\n\n", "label": "support", "question": "Argument 1: We have to accept that the holocaust was a documentary historical event.\nArgument 2: There is no denying that the holocaust is a historic event.\nQuestion: Do argument 1 and argument 2 support or counter each other? Answer in one word in the form of 'support' or 'counter'.\n\nAnswer:", "desc": "node_id,node_attr\n0,holocaust\n1,has happened\n2,historic event\n3,documentary\n4,denying\n\nsrc,edge_attr,dst\n0,has property,1\n1,part of,2\n2,created by,3\n3,not receives action,4\n"}
{"id": 873, "pred": "\n\nAnswer: [/INST]\n\nAnswer: [/INST]\n\nAnswer: [/INST]\n\nAnswer: [/INST]", "label": "counter", "question": "Argument 1: Executive earn too much which should not be the case in an organisation\nArgument 2: Executive have worked to get to where they are now, so they should earn more income\nQuestion: Do argument 1 and argument 2 support or counter each other? Answer in one word in the form of 'support' or 'counter'.\n\nAnswer:", "desc": "node_id,node_attr\n0,executive\n1,hard work\n2,earn too much\n3,income\n4,organisation\n\nsrc,edge_attr,dst\n0,has property,1\n1,not capable of,2\n2,part of,3\n3,created by,4\n"}
{"id": 1494, "pred": "\n\n#define NUM_EDGES 4\n\nint nodes[NUM_EDGES];\nint edges[NUM_EDGES][", "label": "counter", "question": "Argument 1: enemies need to be captured.\nArgument 2: Enemies need to be reasoned with and not dealt with.\nQuestion: Do argument 1 and argument 2 support or counter each other? Answer in one word in the form of 'support' or 'counter'.\n\nAnswer:", "desc": "node_id,node_attr\n0,enemies\n1,reasoned with\n2,find compromise\n3,not enemy\n4,captured\n\nsrc,edge_attr,dst\n0,receives action,1\n1,capable of,2\n2,causes,3\n1,is not a,4\n"}
{"id": 105, "pred": "\n\n[/INST]\n", "label": "counter", "question": "Argument 1: cannabis should be not be legalized.\nArgument 2: not all cannabis are used in a wrongful way.\nQuestion: Do argument 1 and argument 2 support or counter each other? Answer in one word in the form of 'support' or 'counter'.\n\nAnswer:", "desc": "node_id,node_attr\n0,cannabis\n1,wrongful way\n2,helpful\n3,be legalized\n\nsrc,edge_attr,dst\n0,not desires,1\n1,capable of,2\n2,desires,3\n"}
{"id": 70, "pred": "\n```\n\n### Question 2:\n\n```\n[INST] node_id,node_attr\n0,trading\n1,", "label": "support", "question": "Argument 1: Algorithmic trading is not fair.\nArgument 2: Algorithmic trading gives some an advantage.\nQuestion: Do argument 1 and argument 2 support or counter each other? Answer in one word in the form of 'support' or 'counter'.\n\nAnswer:", "desc": "node_id,node_attr\n0,trading\n1,free of bias\n2,algorithmic trading\n3,an advantage\n4,computing of probabilities\n5,speed\n6,not fair\n\nsrc,edge_attr,dst\n0,desires,1\n1,not part of,2\n2,has property,3\n3,created by,4\n4,has property,5\n5,part of,6\n"}
{"id": 1044, "pred": "\n\nAnswer: [/INST]\n\nAnswer: [/INST]\n\nAnswer: [/INST]\n\nAnswer: [/INST]", "label": "support", "question": "Argument 1: Most telemarketers are scammers\nArgument 2: Telemarketing should be banned as other source of advertisement should be used.\nQuestion: Do argument 1 and argument 2 support or counter each other? Answer in one word in the form of 'support' or 'counter'.\n\nAnswer:", "desc": "node_id,node_attr\n0,telemarketers\n1,extortion\n2,scammers\n3,telemarketing\n4,banned\n\nsrc,edge_attr,dst\n0,capable of,1\n1,created by,2\n2,created by,3\n1,receives action,4\n"}
{"id": 1797, "pred": "\n\n[/INST]\n\n[/INST]\n\n[/INST]\n\n[/INST]\n\n[/INST]\n\n", "label": "counter", "question": "Argument 1: Capital punishment is always brutal.\nArgument 2: Capital punishment sometimes is the case to end crime.\nQuestion: Do argument 1 and argument 2 support or counter each other? Answer in one word in the form of 'support' or 'counter'.\n\nAnswer:", "desc": "node_id,node_attr\n0,capital punishment\n1,end crime\n2,positive effect\n3,brutal\n\nsrc,edge_attr,dst\n0,capable of,1\n1,is a,2\n2,not capable of,3\n"}
{"id": 1091, "pred": "\n\n\n\n\n\n\n\n\n\n\n\n\n\n\n\n\n\n\n\n\n\n\n\n\n\n\n\n\n\n\n\n", "label": "counter", "question": "Argument 1: Surrogacy is an act rendering help to those who cannot give birth\nArgument 2: Surrogacy is like cheating the law of natural order\nQuestion: Do argument 1 and argument 2 support or counter each other? Answer in one word in the form of 'support' or 'counter'.\n\nAnswer:", "desc": "node_id,node_attr\n0,surrogacy\n1,immoral\n2,cheating the law\n3,rendering help\n\nsrc,edge_attr,dst\n0,has property,1\n1,created by,2\n2,not part of,3\n"}
{"id": 374, "pred": "\n\n[/INST]\n\n[/INST]\n\n[/INST]\n\n[/INST]\n\n[/INST]\n\n", "label": "support", "question": "Argument 1: social media can be dangerous.\nArgument 2: People are stalked on social media.\nQuestion: Do argument 1 and argument 2 support or counter each other? Answer in one word in the form of 'support' or 'counter'.\n\nAnswer:", "desc": "node_id,node_attr\n0,people\n1,stay anonymous\n2,social media\n3,people are stalked\n4,privacy threatened\n5,dangerous\n\nsrc,edge_attr,dst\n0,capable of,1\n1,at location,2\n2,causes,3\n3,causes,4\n4,is a,5\n"}
{"id": 986, "pred": "\n\n[INST]\n[/INST]\n\n[/INST]\n\n[INST]\n[/INST]\n\n[INST]\n", "label": "support", "question": "Argument 1: Telemarketing makes advertising\nArgument 2: Telemarketing makes advertising fast easy and convenient for people\nQuestion: Do argument 1 and argument 2 support or counter each other? Answer in one word in the form of 'support' or 'counter'.\n\nAnswer:", "desc": "node_id,node_attr\n0,telemarketing\n1,reliability\n2,advertising\n3,fast and convenient\n\nsrc,edge_attr,dst\n0,capable of,1\n1,used for,2\n2,receives action,3\n"}
{"id": 802, "pred": "\n\n[INST] node_id,node_attr\n0,people\n1,crime\n2,society\n3,safety", "label": "counter", "question": "Argument 1: The \"three strikes\" law could lead to people receiving sentences that are too harsh, which could change their whole life.\nArgument 2: People who commit more than one crime are, by definition, criminals, and thus should be removed from society.\nQuestion: Do argument 1 and argument 2 support or counter each other? Answer in one word in the form of 'support' or 'counter'.\n\nAnswer:", "desc": "node_id,node_attr\n0,people\n1,crime\n2,society\n3,safety and security\n4,less crime\n5,three strikes law\n6,repeat offenders\n7,too harsh\n8,crime off streets\n\nsrc,edge_attr,dst\n0,capable of,1\n1,part of,2\n2,desires,3\n3,desires,4\n4,created by,5\n5,used for,6\n6,not receives action,7\n7,has subevent,8\n"}
{"id": 1453, "pred": "\n\nAnswer: [/INST]\n\nAnswer: [/INST]\n\nAnswer: [/INST]\n\nAnswer: [/INST]", "label": "support", "question": "Argument 1: legalizing marijuana for recreational use is not recommended.\nArgument 2: marijuana for recreational use do not provide any material benefit.\nQuestion: Do argument 1 and argument 2 support or counter each other? Answer in one word in the form of 'support' or 'counter'.\n\nAnswer:", "desc": "node_id,node_attr\n0,marijuana for recreational\n1,material benefit\n2,legalizing marijuana\n3,recommended\n\nsrc,edge_attr,dst\n0,not capable of,1\n2,desires,1\n3,desires,1\n"}
{"id": 178, "pred": "\n\nAnswer: [/INST]\n\nAnswer: [/INST]\n\nAnswer: [/INST]\n\nAnswer: [/INST]", "label": "support", "question": "Argument 1: these activities should be restricted or outlawed\nArgument 2: supporting these activities is immoral\nQuestion: Do argument 1 and argument 2 support or counter each other? Answer in one word in the form of 'support' or 'counter'.\n\nAnswer:", "desc": "node_id,node_attr\n0,activities\n1,immoral\n2,supporting\n3,restricted\n4,illegal actions\n5,restricted or outlawed\n6,ethically problematic\n\nsrc,edge_attr,dst\n0,has property,1\n1,not receives action,2\n2,antonym of,3\n3,has context,4\n4,desires,5\n5,has context,6\n"}
{"id": 605, "pred": "\n\n```\n\n### 1. Input Format\n\n-   The first line contains a single integer T denoting the number of test cases.", "label": "support", "question": "Argument 1: Zero tolerance school policies are not fair.\nArgument 2: Sometimes rules are broken without bad intentions.\nQuestion: Do argument 1 and argument 2 support or counter each other? Answer in one word in the form of 'support' or 'counter'.\n\nAnswer:", "desc": "node_id,node_attr\n0,zero tolerance\n1,rules\n2,broken\n3,school\n4,bad intentions\n\nsrc,edge_attr,dst\n0,is a,1\n1,capable of,2\n2,at location,3\n3,capable of,4\n"}
{"id": 2729, "pred": "\n\n[/INST]\n\n[/INST]\n\n[/INST]\n\n[/INST]\n\n[/INST]\n\n", "label": "counter", "question": "Argument 1: Atheists take freedom of religion away.\nArgument 2: To be truly free we must be allowed to not be forced to choose a belief system.\nQuestion: Do argument 1 and argument 2 support or counter each other? Answer in one word in the form of 'support' or 'counter'.\n\nAnswer:", "desc": "node_id,node_attr\n0,free\n1,not be forced\n2,religion\n3,atheists\n\nsrc,edge_attr,dst\n0,has context,1\n2,part of,1\n3,desires,1\n3,desires,0\n"}
{"id": 168, "pred": "\n\n[/INST]\n", "label": "counter", "question": "Argument 1: Targeted killing shouldn't be banned, because it ultimately reduces the loss of innocent and civilian lives.\nArgument 2: Criminals still have rights\nQuestion: Do argument 1 and argument 2 support or counter each other? Answer in one word in the form of 'support' or 'counter'.\n\nAnswer:", "desc": "node_id,node_attr\n0,rights\n1,all people\n2,criminals\n3,civilian lives\n4,protection\n5,targeted killing\n6,ethical\n7,due process\n8,banned\n\nsrc,edge_attr,dst\n0,used for,1\n2,part of,1\n1,has context,3\n3,desires,4\n4,desires,5\n5,is not a,6\n6,desires,7\n7,desires,8\n"}
{"id": 637, "pred": "\n\n[/INST]\n\n[INST]\n[/INST]\n[/INST]\n[/INST]\n[/INST]\n", "label": "support", "question": "Argument 1: Financial companies have been exploiting the poor.\nArgument 2: Many needy individuals have had to pay outrageous fees.\nQuestion: Do argument 1 and argument 2 support or counter each other? Answer in one word in the form of 'support' or 'counter'.\n\nAnswer:", "desc": "node_id,node_attr\n0,needy individuals\n1,opening bank accounts\n2,pay outrageous fees\n3,exploiting the poor\n4,societal hierarchy\n5,financial companies\n\nsrc,edge_attr,dst\n0,not capable of,1\n1,causes,2\n2,used for,3\n3,has context,4\n4,created by,5\n"}
{"id": 644, "pred": "\n\n[/INST]\n\n[/INST]\n\n[/INST]\n\n[/INST]\n\n[/INST]\n\n", "label": "support", "question": "Argument 1: payday loans only gets people in more money troubles.\nArgument 2: payday doesn't support their money problems.\nQuestion: Do argument 1 and argument 2 support or counter each other? Answer in one word in the form of 'support' or 'counter'.\n\nAnswer:", "desc": "node_id,node_attr\n0,payday loans\n1,high interest\n2,money problems\n3,money troubles\n4,payday\n\nsrc,edge_attr,dst\n0,capable of,1\n1,causes,2\n2,part of,3\n3,created by,4\n"}
{"id": 2657, "pred": "\n\n### Answer\n\nSupport\n\n### Explanation\n\nArgument 1: When cloning gives us solution to some diseases,", "label": "support", "question": "Argument 1: When cloning gives us solution to some diseases, it should be allowed\nArgument 2: Cloning is a perfect thing to do for us to sustain\nQuestion: Do argument 1 and argument 2 support or counter each other? Answer in one word in the form of 'support' or 'counter'.\n\nAnswer:", "desc": "node_id,node_attr\n0,cloning\n1,helps disease\n2,should be allowed\n3,perfect thing\n\nsrc,edge_attr,dst\n0,capable of,1\n1,has context,2\n0,has context,3\n3,has context,2\n"}
{"id": 2282, "pred": "\n\nAnswer: [/INST]\n\nAnswer: [/INST]\n\nAnswer: [/INST]\n\nAnswer: [/INST]", "label": "counter", "question": "Argument 1: Payday loans are harmful.\nArgument 2: Payday loans allow for quick cash.\nQuestion: Do argument 1 and argument 2 support or counter each other? Answer in one word in the form of 'support' or 'counter'.\n\nAnswer:", "desc": "node_id,node_attr\n0,payday loans\n1,helps needy people\n2,harmful\n3,quick cash\n\nsrc,edge_attr,dst\n0,has property,1\n1,is not a,2\n1,created by,3\n"}
{"id": 1204, "pred": "\n\n", "label": "support", "question": "Argument 1: Television is valuable.\nArgument 2: Television is enjoyed by many Americans.\nQuestion: Do argument 1 and argument 2 support or counter each other? Answer in one word in the form of 'support' or 'counter'.\n\nAnswer:", "desc": "node_id,node_attr\n0,television\n1,fun and entertaining\n2,many americans\n3,traditional hobby\n4,valuable\n5,enjoyed by\n\nsrc,edge_attr,dst\n0,is a,1\n2,is a,3\n3,is a,4\n1,causes,5\n5,has context,2\n"}
{"id": 1264, "pred": "\n\n[/INST]\n\n[/INST]\n\n[/INST]\n\n[/INST]\n\n[/INST]\n\n", "label": "counter", "question": "Argument 1: Subsidies should not be allowed.\nArgument 2: Subsidies can help pave the way for people by providing structure.\nQuestion: Do argument 1 and argument 2 support or counter each other? Answer in one word in the form of 'support' or 'counter'.\n\nAnswer:", "desc": "node_id,node_attr\n0,subsidies\n1,financial assistance\n2,providing structure\n3,helping support\n4,make success possible\n5,pave the way\n6,allowed\n\nsrc,edge_attr,dst\n0,part of,1\n1,capable of,2\n2,used for,3\n3,part of,4\n4,synonym of,5\n5,receives action,6\n"}
{"id": 1582, "pred": "\n\n[INST] node_id,node_attr\n0,social media\n1,information private\n2,privacy\n3,gives", "label": "support", "question": "Argument 1: Social media allows strangers to stalk you.\nArgument 2: I can't keep my information private on social media.\nQuestion: Do argument 1 and argument 2 support or counter each other? Answer in one word in the form of 'support' or 'counter'.\n\nAnswer:", "desc": "node_id,node_attr\n0,social media\n1,information private\n2,privacy\n3,gives people access\n4,strangers to stalk\n\nsrc,edge_attr,dst\n0,not capable of,1\n0,not capable of,2\n0,causes,3\n3,has context,4\n"}
{"id": 798, "pred": "\n\n\n[INST] node_id,node_attr\n0,ai\n1,loyal\n2,environment\n3,the government\n", "label": "counter", "question": "Argument 1: AI should be banned as it is likely that it will turn against people or the government itself, and could cause more problems than they would potentially solve.\nArgument 2: An AI adapts to its environment, and thus would learn to work with people and government much in the same way a human child learns over time.\nQuestion: Do argument 1 and argument 2 support or counter each other? Answer in one word in the form of 'support' or 'counter'.\n\nAnswer:", "desc": "node_id,node_attr\n0,ai\n1,loyal\n2,environment\n3,the government\n4,banned\n5,artificial intelligence\n\nsrc,edge_attr,dst\n0,has context,1\n1,used for,2\n2,created by,3\n3,not desires,4\n4,used for,5\n"}
{"id": 819, "pred": "\n\n\n", "label": "support", "question": "Argument 1: School uniforms should be implemented.\nArgument 2: School uniforms prevent bullying.\nQuestion: Do argument 1 and argument 2 support or counter each other? Answer in one word in the form of 'support' or 'counter'.\n\nAnswer:", "desc": "node_id,node_attr\n0,school uniforms\n1,prevent bullying\n2,improvement for students\n3,be implemented\n\nsrc,edge_attr,dst\n0,capable of,1\n1,capable of,2\n2,desires,3\n"}
{"id": 1637, "pred": "\n\n[/INSTR]\n\n[/DATA]\n\n[/DATA]\n\n[/DATA]\n\n[/DATA]\n", "label": "support", "question": "Argument 1: it is a wonderful way to keep in contact with family and long time friends.\nArgument 2: Not all family and friends live nearby.\nQuestion: Do argument 1 and argument 2 support or counter each other? Answer in one word in the form of 'support' or 'counter'.\n\nAnswer:", "desc": "node_id,node_attr\n0,family and friends\n1,not live nearby\n2,social media\n3,keep in contact\n4,feels nearby\n5,nearby\n6,wonderful\n\nsrc,edge_attr,dst\n0,has context,1\n2,used for,1\n2,used for,3\n3,has context,4\n4,has context,5\n4,has context,6\n"}
{"id": 1563, "pred": "\n\nAnswer: [/INST]\n\n[/INST]\n\n[/INST]\n\n[/INST]\n\n[/INST]", "label": "counter", "question": "Argument 1: women should be allowed to go to combat.\nArgument 2: Women and men are different.\nQuestion: Do argument 1 and argument 2 support or counter each other? Answer in one word in the form of 'support' or 'counter'.\n\nAnswer:", "desc": "node_id,node_attr\n0,women and men\n1,different\n2,combat\n3,dangerous\n4,should be allowed\n\nsrc,edge_attr,dst\n0,has context,1\n1,not desires,2\n2,has context,3\n3,not has context,4\n"}
{"id": 530, "pred": "\n\n#!/usr/bin/env python\n\nimport sys\nimport re\nimport argparse\nimport json\n\nparser = argparse.Argument", "label": "support", "question": "Argument 1: Holocaust denial is not a valid form of free speech\nArgument 2: Holocaust denial is denial of history.\nQuestion: Do argument 1 and argument 2 support or counter each other? Answer in one word in the form of 'support' or 'counter'.\n\nAnswer:", "desc": "node_id,node_attr\n0,holocaust\n1,second world war\n2,history\n3,denial\n4,evidence and scrutiny\n5,free speech\n6,moderation\n\nsrc,edge_attr,dst\n0,has context,1\n1,has context,2\n2,not desires,3\n3,receives action,4\n4,part of,5\n5,desires,6\n"}
{"id": 1559, "pred": "\n\nAnswer: [/INST]\n\nAnswer: [/INST]\n\nAnswer: [/INST]\n\nAnswer: [/INST]", "label": "support", "question": "Argument 1: The blockade should end.\nArgument 2: The blockade can limit resources for the population.\nQuestion: Do argument 1 and argument 2 support or counter each other? Answer in one word in the form of 'support' or 'counter'.\n\nAnswer:", "desc": "node_id,node_attr\n0,blockade\n1,finished\n2,end\n3,limit resources\n\nsrc,edge_attr,dst\n0,desires,1\n1,has context,2\n0,capable of,3\n3,desires,2\n"}
{"id": 522, "pred": "\n\n[/INST]\n\n[/INST]\n\n[/INST]\n\n[/INST]\n\n[/INST]\n\n", "label": "support", "question": "Argument 1: kids need rules.\nArgument 2: Rules keep children in line.\nQuestion: Do argument 1 and argument 2 support or counter each other? Answer in one word in the form of 'support' or 'counter'.\n\nAnswer:", "desc": "node_id,node_attr\n0,rules\n1,children in line\n2,need\n3,structure and stability\n4,keep\n\nsrc,edge_attr,dst\n0,causes,1\n1,is a,2\n2,causes,3\n3,desires,4\n"}
{"id": 196, "pred": "\n\n[/INST]\n\nAnswer: [/INST]\n\n[/INST]\n\nAnswer: [/INST]\n\n[/", "label": "support", "question": "Argument 1: women shouldn't be in combat.\nArgument 2: Women and men are different.\nQuestion: Do argument 1 and argument 2 support or counter each other? Answer in one word in the form of 'support' or 'counter'.\n\nAnswer:", "desc": "node_id,node_attr\n0,women and men\n1,physically different\n2,different\n3,women\n4,be in combat\n5,women is weaker\n\nsrc,edge_attr,dst\n0,is a,1\n1,causes,2\n3,not desires,4\n2,created by,5\n5,causes,3\n"}
{"id": 785, "pred": "\n\n### Problem 2\n\n[INST] node_id,node_attr\n0,payday loans\n1,exploitative", "label": "support", "question": "Argument 1: Payday loans are a negative for the economy.\nArgument 2: Payday loans are not productive.\nQuestion: Do argument 1 and argument 2 support or counter each other? Answer in one word in the form of 'support' or 'counter'.\n\nAnswer:", "desc": "node_id,node_attr\n0,payday loans\n1,exploitative\n2,productive\n3,negative\n4,the society\n\nsrc,edge_attr,dst\n0,has property,1\n1,part of,2\n1,part of,3\n3,used for,4\n"}
{"id": 2680, "pred": "\n\n\n```\n@author: Genglin Zheng\n@date: 2019-05-28\n```\n\n", "label": "support", "question": "Argument 1: Austerity is the way towards improvement.\nArgument 2: Austerity reduces debt.\nQuestion: Do argument 1 and argument 2 support or counter each other? Answer in one word in the form of 'support' or 'counter'.\n\nAnswer:", "desc": "node_id,node_attr\n0,austerity\n1,reduced government spending\n2,budget surplus\n3,reduces debt\n4,improvement\n\nsrc,edge_attr,dst\n0,causes,1\n1,causes,2\n2,used for,3\n3,is a,4\n"}
{"id": 2544, "pred": "\n\n[/INST]\n\n[/INST]\n\n[/INST]\n\n[/INST]\n\n[/INST]\n\n", "label": "support", "question": "Argument 1: People should be allowed to believe in fairy tales\nArgument 2: Fairy tales teach lessons\nQuestion: Do argument 1 and argument 2 support or counter each other? Answer in one word in the form of 'support' or 'counter'.\n\nAnswer:", "desc": "node_id,node_attr\n0,morality tales\n1,makebelieve\n2,teach lessons\n3,allowed to believe\n4,positive value systems\n5,society\n6,people\n7,tell meaningful stories\n8,fairy tales\n\nsrc,edge_attr,dst\n0,has property,1\n1,capable of,2\n2,desires,3\n3,causes,4\n4,has context,5\n5,made of,6\n6,desires,7\n7,part of,8\n"}
{"id": 1073, "pred": "\n\n[/INST]\n\n[/INST]\n\n[/INST]\n\n[/INST]\n\n[/INST]\n\n", "label": "support", "question": "Argument 1: The death penalty is warranted for certain crimes.\nArgument 2: A loved one being murdered is devastating, and the punishment should fit the crime.\nQuestion: Do argument 1 and argument 2 support or counter each other? Answer in one word in the form of 'support' or 'counter'.\n\nAnswer:", "desc": "node_id,node_attr\n0,punishment\n1,fit the crime\n2,death penalty\n3,warranted\n\nsrc,edge_attr,dst\n0,desires,1\n2,is a,0\n0,capable of,3\n"}
{"id": 926, "pred": "\n\n[/INST]\n\nAnswer: [/INST]\n\n[/INST]\n\nAnswer: [/INST]\n\n[/", "label": "support", "question": "Argument 1: Voting should not be mandated.\nArgument 2: Voting is a personal decision.\nQuestion: Do argument 1 and argument 2 support or counter each other? Answer in one word in the form of 'support' or 'counter'.\n\nAnswer:", "desc": "node_id,node_attr\n0,voting\n1,personal decision\n2,lack of options\n3,mandated\n4,citizens choice\n\nsrc,edge_attr,dst\n0,has property,1\n1,not desires,2\n2,created by,3\n3,not used for,4\n"}
{"id": 1467, "pred": "\n\n[/INST]\n\n[/INST]\n\n[/INST]\n\n[/INST]\n\n[/INST]\n\n", "label": "counter", "question": "Argument 1: Recreational weed should be banned.\nArgument 2: There have been no accidents from weed.\nQuestion: Do argument 1 and argument 2 support or counter each other? Answer in one word in the form of 'support' or 'counter'.\n\nAnswer:", "desc": "node_id,node_attr\n0,weed\n1,no accidents\n2,good\n3,banned\n\nsrc,edge_attr,dst\n0,causes,1\n2,not desires,3\n1,has context,2\n"}
{"id": 309, "pred": "\n", "label": "counter", "question": "Argument 1: Social media is a positive for society.\nArgument 2: Social media is not reality.\nQuestion: Do argument 1 and argument 2 support or counter each other? Answer in one word in the form of 'support' or 'counter'.\n\nAnswer:", "desc": "node_id,node_attr\n0,social media\n1,digital\n2,not reality\n3,misrepresent society\n4,positive for society\n\nsrc,edge_attr,dst\n0,has context,1\n1,has context,2\n2,causes,3\n3,not part of,4\n"}
{"id": 599, "pred": "\n\n[/INST]\n\n[/INST]\n\n[/INST]\n\n[/INST]\n\n[/INST]\n\n", "label": "counter", "question": "Argument 1: Holocaust denial is terrible.\nArgument 2: Holocaust denial is freedom of speech.\nQuestion: Do argument 1 and argument 2 support or counter each other? Answer in one word in the form of 'support' or 'counter'.\n\nAnswer:", "desc": "node_id,node_attr\n0,human\n1,right\n2,freedom of speech\n3,holocaust denial\n4,choice\n5,terrible\n\nsrc,edge_attr,dst\n0,capable of,1\n1,made of,2\n2,used for,3\n3,is a,4\n4,not part of,5\n"}
{"id": 1462, "pred": "\n\n\n### Input\n\n| node_id | node_attr |\n| ------: | --------: |\n| 0     ", "label": "counter", "question": "Argument 1: Legalizing marijuana adds millions to the federal tax\nArgument 2: Marijuana great for taxes but still great in addicting people to it.\nQuestion: Do argument 1 and argument 2 support or counter each other? Answer in one word in the form of 'support' or 'counter'.\n\nAnswer:", "desc": "node_id,node_attr\n0,legalizing marijuana\n1,legalizing cannabis\n2,addicting people\n3,adding millions\n4,great\n5,taxes\n6,federal tax\n\nsrc,edge_attr,dst\n0,synonym of,1\n0,capable of,2\n1,not capable of,3\n2,is not a,4\n3,has context,5\n5,synonym of,6\n"}
{"id": 1407, "pred": "\n\nAnswer: support\n\nAnswer: [/INST]\n\nAnswer: support\n\nAnswer: [/INST]\n\nAnswer: support\n", "label": "support", "question": "Argument 1: Racial profiling is not fair to people.\nArgument 2: Racial profiling damages people that come up against it.\nQuestion: Do argument 1 and argument 2 support or counter each other? Answer in one word in the form of 'support' or 'counter'.\n\nAnswer:", "desc": "node_id,node_attr\n0,racial profiling\n1,bias\n2,not fair\n3,damages people\n\nsrc,edge_attr,dst\n0,capable of,1\n1,has context,2\n0,causes,3\n"}
{"id": 944, "pred": "\n\n[/INST]\n\n[/INST]\n\n[/INST]\n\n[/INST]\n\n[/INST]\n\n", "label": "support", "question": "Argument 1: It doesn't hurt anyone to show sensitivity and compassion to another person's trauma.\nArgument 2: It doesn't take anything away from one person to be compassionate to another person.\nQuestion: Do argument 1 and argument 2 support or counter each other? Answer in one word in the form of 'support' or 'counter'.\n\nAnswer:", "desc": "node_id,node_attr\n0,sensitivity\n1,easy\n2,doesn't hurt\n3,compassionate\n4,doesn't take anything\n\nsrc,edge_attr,dst\n0,capable of,1\n1,has context,2\n3,has context,4\n4,part of,2\n"}
{"id": 1521, "pred": "\n\n\n### Expected Output\n\n\n\n### Input\n\n\n\n### Context\n\n\n\n### Built With\n", "label": "support", "question": "Argument 1: The wealthy are the only ones to benefit from the Olympic games, as it is costly to compete or benefit from their results.\nArgument 2: You cannot make much money without spending a lot of money on investments that would be risky to people who are not already well off.\nQuestion: Do argument 1 and argument 2 support or counter each other? Answer in one word in the form of 'support' or 'counter'.\n\nAnswer:", "desc": "node_id,node_attr\n0,olympic games\n1,expensive\n2,costly\n3,wealthy\n4,make much money\n5,benefit\n6,athletes\n7,compete\n8,investments\n\nsrc,edge_attr,dst\n0,has property,1\n1,has context,2\n3,capable of,4\n4,synonym of,5\n2,has context,6\n6,has context,7\n1,not capable of,4\n4,has context,8\n"}
{"id": 365, "pred": "\n\n[/INST]\n\n[/INST]\n\n[/INST]\n\n[/INST]\n\n[/INST]\n\n", "label": "counter", "question": "Argument 1: factory farming should no longer exist.\nArgument 2: Factory farming feeds millions.\nQuestion: Do argument 1 and argument 2 support or counter each other? Answer in one word in the form of 'support' or 'counter'.\n\nAnswer:", "desc": "node_id,node_attr\n0,factory farming\n1,feeds millions\n2,low cost food\n3,exist\n\nsrc,edge_attr,dst\n0,capable of,1\n0,capable of,2\n2,desires,3\n"}
{"id": 464, "pred": "\n\n[/INST]\n\n[/INST]\n\n[/INST]\n\n[/INST]\n\n[/INST]\n\n", "label": "support", "question": "Argument 1: Most people want as much freedom as they can have, and libertarians stand for everyone having the most freedom that they can have.\nArgument 2: Lack of freedom is oppression\nQuestion: Do argument 1 and argument 2 support or counter each other? Answer in one word in the form of 'support' or 'counter'.\n\nAnswer:", "desc": "node_id,node_attr\n0,people\n1,right\n2,freedom\n3,libertarians\n4,oppression\n\nsrc,edge_attr,dst\n0,has property,1\n1,used for,2\n2,created by,3\n3,not desires,4\n"}
{"id": 2583, "pred": "\n\nAnswer: [/INST]\n\nAnswer: [/INST]\n\nAnswer: [/INST]\n\nAnswer: [/INST]", "label": "support", "question": "Argument 1: plastic surgery raises patients ' self esteem and allows them to lead normal happy lives.\nArgument 2: A person is unhappy if she is dissatisfied with her body.\nQuestion: Do argument 1 and argument 2 support or counter each other? Answer in one word in the form of 'support' or 'counter'.\n\nAnswer:", "desc": "node_id,node_attr\n0,patients\n1,unhappy\n2,bad body\n3,plastic surgery\n4,body\n5,self esteem\n\nsrc,edge_attr,dst\n0,has property,1\n1,created by,2\n2,receives action,3\n3,used for,4\n4,used for,5\n"}
{"id": 657, "pred": "\n[/INST]\n[/INST]\n[/INST]\n[/INST]\n[/INST]\n[/INST]\n[", "label": "support", "question": "Argument 1: Zero-tolerance policies in schools will reduce bullying.\nArgument 2: Nobody wants to be punished\nQuestion: Do argument 1 and argument 2 support or counter each other? Answer in one word in the form of 'support' or 'counter'.\n\nAnswer:", "desc": "node_id,node_attr\n0,nobody\n1,be punished\n2,zero-tolerance policies\n3,reduce bullying\n\nsrc,edge_attr,dst\n0,desires,1\n2,capable of,1\n1,capable of,3\n"}
{"id": 315, "pred": "\n```\n\n### Example 2\n\n```\n[INST] node_id,node_attr\n0,every person\n1,ent", "label": "support", "question": "Argument 1: public defenders are a necessary part of the legal system\nArgument 2: Every person is entitled to a fair judicial processes even if they cannot afford it\nQuestion: Do argument 1 and argument 2 support or counter each other? Answer in one word in the form of 'support' or 'counter'.\n\nAnswer:", "desc": "node_id,node_attr\n0,every person\n1,entitled to\n2,fair judicial processes\n3,even if\n4,cannot afford it\n5,public defenders\n6,appointed by government\n7,important part\n8,legal system\n\nsrc,edge_attr,dst\n0,receives action,1\n1,has context,2\n2,not created by,3\n3,has subevent,4\n4,desires,5\n5,is a,6\n6,causes,7\n7,at location,8\n"}
{"id": 158, "pred": "\n\n### Question 2\n\n[INST] node_id,node_attr\n0,targeted killings\n1,criminals", "label": "counter", "question": "Argument 1: Targeted killings of nameless people is evil.\nArgument 2: Criminals deserve what they get.\nQuestion: Do argument 1 and argument 2 support or counter each other? Answer in one word in the form of 'support' or 'counter'.\n\nAnswer:", "desc": "node_id,node_attr\n0,targeted killings\n1,criminals\n2,dangerous\n3,evil\n4,deserve\n5,what they got\n\nsrc,edge_attr,dst\n0,used for,1\n1,has property,2\n2,part of,3\n3,receives action,4\n4,used for,5\n"}
{"id": 414, "pred": "\n\n[/INST]\n\n[/INST]\n\n[/INST]\n\n[/INST]\n\n[/INST]\n\n", "label": "support", "question": "Argument 1: Libertarianism should be adopted, because people should be able to make their own choices, without them being dictated by the government.\nArgument 2: People have different goals\nQuestion: Do argument 1 and argument 2 support or counter each other? Answer in one word in the form of 'support' or 'counter'.\n\nAnswer:", "desc": "node_id,node_attr\n0,libertarianism\n1,personal opinions\n2,own choices\n3,people\n4,different goals\n\nsrc,edge_attr,dst\n0,has context,1\n1,has context,2\n3,desires,4\n4,part of,1\n"}
{"id": 2581, "pred": "\n\n[INSTRUCTIONS]\n\nThis task is a binary classification task. It has 3 classes: 'support', 'counter' and", "label": "support", "question": "Argument 1: Austerity would cripple the population.\nArgument 2: Austerity raises taxes on citizens.\nQuestion: Do argument 1 and argument 2 support or counter each other? Answer in one word in the form of 'support' or 'counter'.\n\nAnswer:", "desc": "node_id,node_attr\n0,austerity\n1,increases taxes\n2,cripple the population\n3,citizens\n\nsrc,edge_attr,dst\n0,causes,1\n1,capable of,2\n2,used for,3\n"}
{"id": 2281, "pred": "node_id,node_attr\n[/INST] src,edge_attr,dst\n[/INST] 0,uniforms\n[/", "label": "support", "question": "Argument 1: uniforms should not be mandatory.\nArgument 2: Uniforms would lack personal style\nQuestion: Do argument 1 and argument 2 support or counter each other? Answer in one word in the form of 'support' or 'counter'.\n\nAnswer:", "desc": "node_id,node_attr\n0,uniforms\n1,lack personal style\n2,freedom of expression\n3,mandatory\n\nsrc,edge_attr,dst\n0,has property,1\n1,not used for,2\n1,not desires,3\n"}
{"id": 1724, "pred": "\n\n", "label": "support", "question": "Argument 1: Libertarianism causes moral standards to breakdown, and shouldn't be put into practice.\nArgument 2: Libertarians ignore non-economic needs\nQuestion: Do argument 1 and argument 2 support or counter each other? Answer in one word in the form of 'support' or 'counter'.\n\nAnswer:", "desc": "node_id,node_attr\n0,libertarians\n1,libertarianism\n2,ignore non-economic needs\n3,moral standards breakdown\n4,loss of morals\n5,put into practice\n6,needs\n\nsrc,edge_attr,dst\n0,part of,1\n0,capable of,2\n2,capable of,3\n3,synonym of,4\n4,not desires,5\n2,part of,6\n"}
{"id": 1556, "pred": "\n\nComment: Welcome to Code Review! Please read [answer]. Your answer does not have a question, and it is not a valid answer to the question", "label": "support", "question": "Argument 1: Women can serve in the military just as well as men\nArgument 2: The military has numerous roles and are not just focused on conflict zones\nQuestion: Do argument 1 and argument 2 support or counter each other? Answer in one word in the form of 'support' or 'counter'.\n\nAnswer:", "desc": "node_id,node_attr\n0,military\n1,numerous roles\n2,variety of people\n3,men and women\n4,only conflict focused\n5,women can serve\n\nsrc,edge_attr,dst\n0,capable of,1\n1,desires,2\n2,created by,3\n1,not has property,4\n3,has property,5\n"}
{"id": 382, "pred": "\n\\end{code}\n\nI have created a simple script to extract the argument and the edge information.\n\n\\begin{code}\nimport", "label": "counter", "question": "Argument 1: third parties such as libertarianism should not participate in elections as they don't have impact.\nArgument 2: libertarianism can have an effect in the elections and therefore they should participate.\nQuestion: Do argument 1 and argument 2 support or counter each other? Answer in one word in the form of 'support' or 'counter'.\n\nAnswer:", "desc": "node_id,node_attr\n0,libertarianism\n1,political party\n2,participating\n3,elections\n\nsrc,edge_attr,dst\n0,is a,1\n1,capable of,2\n2,used for,3\n"}
{"id": 192, "pred": "\n\n[/IN]\n\n[/OUT]\n\n[/OUT]\n\n[/OUT]\n\n[/OUT]\n\n", "label": "support", "question": "Argument 1: The military is worse than blockades.\nArgument 2: The military is not always the most helpful.\nQuestion: Do argument 1 and argument 2 support or counter each other? Answer in one word in the form of 'support' or 'counter'.\n\nAnswer:", "desc": "node_id,node_attr\n0,blockades\n1,most helpful\n2,no killing\n3,the military\n4,armed conflict\n5,worse than blockades\n\nsrc,edge_attr,dst\n0,has property,1\n1,has property,2\n2,not part of,3\n3,used for,4\n4,has property,5\n"}
{"id": 1096, "pred": "\n\n[/INST]\n\n[/INST]\n\n[/INST]\n\n[/INST]\n\n[/INST]\n\n", "label": "support", "question": "Argument 1: Since every situation is different, there shouldn't be a limit on judicial activism.\nArgument 2: Some situations are worse than others.\nQuestion: Do argument 1 and argument 2 support or counter each other? Answer in one word in the form of 'support' or 'counter'.\n\nAnswer:", "desc": "node_id,node_attr\n0,judicial activism\n1,necessary\n2,limit\n3,some situations\n4,worse\n\nsrc,edge_attr,dst\n0,has context,1\n1,not has context,2\n3,has context,4\n3,part of,0\n"}
